     K00QQ2B 9C2025 11 24.45765 03 21 39.00 +18 08 13.8          21.9 GV~9aZtF51
     K00QQ2B 9C2025 11 24.47185 03 21 38.16 +18 08 09.7          22.0 GV~9aZtF51
     K00QQ2B 9C2025 11 24.48588 03 21 37.37 +18 08 05.7          22.0 GV~9aZtF51
     K00QQ2B 9C2025 11 24.49989 03 21 36.56 +18 08 02.0          22.3 GV~9aZtF51
     K02QE6H 9C2026 01 13.41156 09 26 20.00 +23 46 50.5          22.9 GV~9aa5F51
     K02QE6H 9C2026 01 13.42466 09 26 19.28 +23 46 52.5          22.7 GV~9aa5F51
     K02QE6H 9C2026 01 13.43795 09 26 18.58 +23 46 53.7          22.7 GV~9aa5F51
     K02QE6H 9C2026 01 13.45135 09 26 17.85 +23 46 55.7          22.6 GV~9aa5F51
     K03Uc7S 9C2025 11 24.45699 03 32 42.91 +22 18 44.4          21.3 GV~9aaIF51
     K03Uc7S 9C2025 11 24.47120 03 32 41.92 +22 18 47.9          21.3 GV~9aaIF51
     K03Uc7S 9C2025 11 24.48523 03 32 40.94 +22 18 51.5          21.2 GV~9aaIF51
     K03Uc7S 9C2025 11 24.49924 03 32 39.98 +22 18 54.9          21.3 GV~9aaIF51
     K03WK8W 9C2026 02 16.56779 11 14 06.20 +15 07 25.9          22.1 GV~9aaKF51
     K03WK8W 9C2026 02 16.58051 11 14 05.56 +15 07 32.3          21.8 GV~9aaKF51
     K03WK8W 9C2026 02 16.59317 11 14 04.87 +15 07 38.0          21.8 GV~9aaKF51
     K03WK8W 9C2026 02 16.60601 11 14 04.19 +15 07 43.2          21.8 GV~9aaKF51
     K04V38S 9C2025 11 24.46029 03 41 51.35 +22 50 05.9          21.3 GV~9aaXF51
     K04V38S 9C2025 11 24.47445 03 41 50.44 +22 50 11.1          21.3 GV~9aaXF51
     K04V38S 9C2025 11 24.48847 03 41 49.54 +22 50 16.3          21.2 GV~9aaXF51
     K04V38S 9C2025 11 24.50247 03 41 48.67 +22 50 21.6          20.2 GV~9aaXF51
     K05R59S 9C2026 02 17.40689 09 33 58.31 +07 20 42.1          21.6 GV~9aasF51
     K05R59S 9C2026 02 17.41917 09 33 57.52 +07 20 46.2          21.8 GV~9aasF51
     K06BU4Y 9C2025 11 24.46029 03 45 52.77 +22 00 34.0          21.2 GV~9ab8F51
     K06UU7Q 9C2023 01 22.40252 09 12 11.81 +19 07 09.9                V~9abTF52
     K06UU7Q 9C2023 01 22.41613 09 12 11.09 +19 07 13.0          23.3 GV~9abTF52
     K06UU7Q 9C2023 01 22.42972 09 12 10.40 +19 07 15.9          23.2 GV~9abTF52
     K06UU7Q 9C2023 01 22.44344 09 12 09.67 +19 07 19.1          22.6 GV~9abTF52
     K07RF2E 9C2025 11 24.47510 03 38 24.87 +23 51 09.4          21.6 GV~9abrF51
     K07RX0H 9C2026 02 16.56779 11 14 00.72 +16 34 34.0          21.2 GV~9abtF51
     K07RX0H 9C2026 02 16.58051 11 13 59.49 +16 34 32.1          21.8 GV~9abtF51
     K07RX0H 9C2026 02 16.59317 11 13 58.23 +16 34 29.8          21.9 GV~9abtF51
     K07U71E 9C2026 02 13.47450 11 25 27.93 -07 17 36.8          21.9 GV~9ac5F51
     K07U71E 9C2026 02 13.48861 11 25 27.42 -07 17 34.3          22.2 GV~9ac5F51
     K07U71E 9C2026 02 13.50288 11 25 26.86 -07 17 32.2          22.2 GV~9ac5F51
     K07VH4A 9C2026 02 13.47643 11 29 49.12 +00 22 24.9          21.9 GV~9acAF51
     K07VH4A 9C2026 02 13.49054 11 29 48.54 +00 22 26.9          22.6 GV~9acAF51
     K07VH4A 9C2026 02 13.50481 11 29 47.98 +00 22 29.3          22.2 GV~9acAF51
     K07VH4A 9C2026 02 13.51892 11 29 47.41 +00 22 31.6          22.1 GV~9acAF51
     K07X73U 9C2025 10 19.54726 03 56 28.80 +09 35 13.5          22.5 GV~9acJF51
     K07X73U 9C2025 10 19.55943 03 56 28.42 +09 35 14.9          22.7 GV~9acJF51
     K07X73U 9C2025 10 19.57159 03 56 28.03 +09 35 16.2          22.2 GV~9acJF51
     K07X73U 9C2025 10 19.58378 03 56 27.59 +09 35 17.3          22.0 GV~9acJF51
     K08C58C 9C2026 02 17.40895 09 46 10.11 +06 09 57.8          19.8 GV~9acTF51
     K08C58C 9C2026 02 17.42121 09 46 09.37 +06 09 58.9          19.9 GV~9acTF51
     K08C58C 9C2026 02 17.43349 09 46 08.64 +06 10 00.3          20.0 GV~9acTF51
     K08C58C 9C2026 02 17.44592 09 46 07.87 +06 10 01.3          19.6 GV~9acTF51
     K08Sa7V 9C2025 10 13.56521 03 01 36.81 +22 57 05.8          22.2 GV~9ad0F51
     K08Sa7V 9C2025 10 13.57946 03 01 36.27 +22 57 02.4          22.4 GV~9ad0F51
     K08Sa7V 9C2025 10 13.59365 03 01 35.81 +22 56 58.9          22.7 GV~9ad0F51
     K09BI0N 9C2026 01 13.40705 09 18 05.58 +23 03 15.5          21.7 GV~9addF51
     K09BI0N 9C2026 01 13.42015 09 18 04.92 +23 03 15.1          21.6 GV~9addF51
     K09BI0N 9C2026 01 13.44677 09 18 03.58 +23 03 15.1          21.7 GV~9addF51
     K09F08H 9C2024 10 24.37464 03 28 36.96 +11 09 43.8          21.8 GV~9adzF52
     K09F08H 9C2024 10 24.38656 03 28 36.43 +11 09 40.8                V~9adzF52
     K09F08H 9C2024 10 24.39851 03 28 35.86 +11 09 36.6          21.7 GV~9adzF52
     K09F08H 9C2024 10 24.41047 03 28 35.34 +11 09 33.8          22.5 GV~9adzF52
     K09K41K 9C2026 01 18.41939 09 30 32.09 +12 30 56.3          22.0 GV~9ae9F51
     K09K41K 9C2026 01 18.43050 09 30 31.63 +12 31 01.0                V~9ae9F51
     K09K41K 9C2026 01 18.44166 09 30 31.15 +12 31 05.4          21.7 GV~9ae9F51
     K09K41K 9C2026 01 18.45292 09 30 30.67 +12 31 10.2                V~9ae9F51
     K09UJ7V 9C2025 11 24.46095 03 39 47.34 +23 51 13.6          21.3 GV~9aeJF51
     K09UJ7V 9C2025 11 24.47510 03 39 46.49 +23 51 13.9          20.8 GV~9aeJF51
     K09UJ7V 9C2025 11 24.48912 03 39 45.62 +23 51 14.3          21.3 GV~9aeJF51
     K09UJ8C 9C2025 11 24.45831 03 18 44.85 +15 43 00.2          21.8 GV~9aeJF51
     K09UJ8C 9C2025 11 24.47250 03 18 44.15 +15 42 56.1          21.9 GV~9aeJF51
     K09UJ8C 9C2025 11 24.48652 03 18 43.46 +15 42 51.7          21.9 GV~9aeJF51
     K09UJ8C 9C2025 11 24.50054 03 18 42.77 +15 42 47.6          22.0 GV~9aeJF51
     K10CM8S 9C2026 01 18.42196 09 35 16.83 +13 58 57.2          21.0 GV~9aedF51
     K10CM8S 9C2026 01 18.43310 09 35 16.45 +13 59 01.9          21.2 GV~9aedF51
     K10CM8S 9C2026 01 18.44427 09 35 16.05 +13 59 06.1          21.0 GV~9aedF51
     K10EF4K 9C2026 02 16.57250 11 32 28.29 +15 23 49.0          21.5 GV~9aelF51
     K10EF4K 9C2026 02 16.58517 11 32 27.75 +15 23 52.6          21.7 GV~9aelF51
     K10EF4K 9C2026 02 16.59786 11 32 27.21 +15 23 55.8          22.1 GV~9aelF51
     K10EF4K 9C2026 02 16.61069 11 32 26.69 +15 24 00.0          22.1 GV~9aelF51
     K10T57V 9C2026 02 17.40624 09 25 55.35 +03 40 26.8          21.5 GV~9afRF51
     K10T57V 9C2026 02 17.41852 09 25 54.71 +03 40 30.4          21.3 GV~9afRF51
     K10T57V 9C2026 02 17.43079 09 25 54.09 +03 40 34.0          21.8 GV~9afRF51
     K11B76T 9C2025 11 24.47726 03 53 57.54 +23 27 36.5          21.6 GV~9afpF51
     K11BL3K 9C2025 11 24.45765 03 25 05.66 +18 10 39.1          21.7 GV~9afvF51
     K11BL3K 9C2025 11 24.47185 03 25 04.73 +18 10 33.4          21.6 GV~9afvF51
     K11BL3K 9C2025 11 24.48588 03 25 03.82 +18 10 27.4          21.6 GV~9afvF51
     K11BL3K 9C2025 11 24.49989 03 25 02.90 +18 10 21.5          21.6 GV~9afvF51
     K11U89D 9C2025 07 26.45202 20 45 45.18 -21 30 49.3                V~9agaF51
     K11U89D 9C2025 07 26.46232 20 45 44.53 -21 30 52.2                V~9agaF51
     K11U89D 9C2025 07 26.47258 20 45 43.88 -21 30 54.5          22.8 GV~9agaF51
     K11UZ5C 9C2025 11 24.47185 03 25 48.26 +18 58 44.4          21.9 GV~9ageF51
     K11UZ5C 9C2025 11 24.49989 03 25 46.38 +18 58 45.0          22.0 GV~9ageF51
     K12B49S 9C2025 11 24.45502 03 22 27.79 +20 20 07.0          21.6 GV~9agyF51
     K12B49S 9C2025 11 24.46926 03 22 26.97 +20 20 02.8          21.5 GV~9agyF51
     K12B49S 9C2025 11 24.48330 03 22 26.16 +20 19 58.5          21.6 GV~9agyF51
     K12B49S 9C2025 11 24.49730 03 22 25.34 +20 19 54.3          21.6 GV~9agyF51
     K12T62B 9C2025 11 24.46029 03 40 06.01 +21 14 10.6          21.3 GV~9ahmF51
     K12T62B 9C2025 11 24.47445 03 40 05.31 +21 13 58.6          21.6 GV~9ahmF51
     K12T62B 9C2025 11 24.48847 03 40 04.61 +21 13 47.0          21.7 GV~9ahmF51
     K12T62B 9C2025 11 24.50247 03 40 03.93 +21 13 35.3          22.0 GV~9ahmF51
     K12Te9C 9C2025 11 24.46095 03 37 03.77 +24 15 46.4          22.5 GV~9ahwF51
     K12Te9C 9C2025 11 24.47510 03 37 03.28 +24 15 44.4          22.1 GV~9ahwF51
     K12Te9C 9C2025 11 24.48912 03 37 02.85 +24 15 42.9          22.4 GV~9ahwF51
     K12Te9C 9C2025 11 24.50312 03 37 02.32 +24 15 41.2          22.7 GV~9ahwF51
     K12Tf0P 9C2025 11 24.45699 03 28 41.71 +22 39 19.4          21.5 GV~9ahwF51
     K12Tf0P 9C2025 11 24.47120 03 28 40.73 +22 39 15.9          21.4 GV~9ahwF51
     K12Tf0P 9C2025 11 24.48523 03 28 39.79 +22 39 13.2          21.6 GV~9ahwF51
     K12Tf0P 9C2025 11 24.49924 03 28 38.84 +22 39 10.1          21.2 GV~9ahwF51
     K12UL7C 9C2025 11 24.45831 03 19 33.24 +15 47 33.4          21.8 GV~9ai0F51
     K12UL7C 9C2025 11 24.47250 03 19 32.43 +15 47 31.2          21.5 GV~9ai0F51
     K12UL7C 9C2025 11 24.48652 03 19 31.64 +15 47 29.6          21.8 GV~9ai0F51
     K12UL7C 9C2025 11 24.50054 03 19 30.86 +15 47 27.6          21.6 GV~9ai0F51
     K12VD2Q 9C2025 11 24.47185 03 24 57.47 +19 16 30.4          21.7 GV~9ai9F51
     K12VD2Q 9C2025 11 24.48588 03 24 56.82 +19 16 21.6          21.8 GV~9ai9F51
     K12VD2Q 9C2025 11 24.49989 03 24 56.15 +19 16 12.7          21.7 GV~9ai9F51
     K12VG1N 9C2025 11 24.45436 03 13 14.14 +19 39 01.0          21.8 GV~9aiBF51
     K12VG1N 9C2025 11 24.46861 03 13 13.39 +19 38 57.5          21.8 GV~9aiBF51
     K12VG1N 9C2025 11 24.48265 03 13 12.64 +19 38 54.2          21.7 GV~9aiBF51
     K12VG1N 9C2025 11 24.49666 03 13 11.89 +19 38 50.7          21.6 GV~9aiBF51
     K12VG1U 9C2023 01 22.40835 09 38 06.31 +23 52 13.3                V~9aiBF52
     K12VG1U 9C2023 01 22.42195 09 38 05.48 +23 52 20.0          22.3 GV~9aiBF52
     K12VG1U 9C2023 01 22.43554 09 38 04.65 +23 52 26.5          22.2 GV~9aiBF52
     K12VG1U 9C2023 01 22.44924 09 38 03.80 +23 52 33.0          22.4 GV~9aiBF52
     K13BB1Y 9C2024 09 07.38592 23 36 26.71 +12 27 44.0          22.1 GV~9aieF52
     K13BB1Y 9C2024 09 07.39720 23 36 26.07 +12 27 43.7          22.2 GV~9aieF52
     K13BB1Y 9C2024 09 07.40852 23 36 25.43 +12 27 43.3          22.0 GV~9aieF52
     K13BB1Y 9C2024 09 07.41992 23 36 24.77 +12 27 42.8                V~9aieF52
     K13D06O 9C2022 04 02.48333 13 51 27.78 -04 54 48.9                V~9aiyF52
     K13D06O 9C2022 04 02.49479 13 51 27.22 -04 54 44.9                V~9aiyF52
     K13D06O 9C2022 04 02.50631 13 51 26.63 -04 54 40.4          22.7 GV~9aiyF52
     K13D06O 9C2022 04 02.51780 13 51 26.05 -04 54 36.2                V~9aiyF52
     K13H74Z 9C2025 11 24.46861 03 09 19.77 +18 46 48.1          22.7 GV~9ajOF51
     K13H74Z 9C2025 11 24.48265 03 09 19.03 +18 46 44.8          22.1 GV~9ajOF51
     K13H74Z 9C2025 11 24.49666 03 09 18.31 +18 46 41.8          22.3 GV~9ajOF51
     K13S07O 9C2025 10 13.57946 03 01 26.10 +22 42 59.2          21.5 GV~9ajoF51
     K13S07O 9C2025 10 13.59365 03 01 25.55 +22 43 02.1          21.8 GV~9ajoF51
     K13S07O 9C2025 10 13.60787 03 01 24.99 +22 43 04.2          21.8 GV~9ajoF51
     K13V97N 9C2025 11 24.45765 03 24 48.30 +17 36 35.0          21.9 GV~9akAF51
     K13V97N 9C2025 11 24.45831 03 24 48.27 +17 36 35.3          22.0 GV~9akAF51
     K13V97N 9C2025 11 24.47185 03 24 47.77 +17 36 35.2          21.9 GV~9akAF51
     K13V97N 9C2025 11 24.47250 03 24 47.75 +17 36 35.2          21.7 GV~9akAF51
     K13V97N 9C2025 11 24.48588 03 24 47.25 +17 36 35.0          21.9 GV~9akAF51
     K13V97N 9C2025 11 24.48652 03 24 47.22 +17 36 34.9          21.9 GV~9akAF51
     K13V97N 9C2025 11 24.49989 03 24 46.70 +17 36 34.8          22.0 GV~9akAF51
     K13V97N 9C2025 11 24.50054 03 24 46.68 +17 36 34.7          21.9 GV~9akAF51
     K14ET8T 9C2025 11 24.49259 03 41 25.61 +16 52 43.1          21.5 GV~9akkF51
     K14H33D 9C2026 02 16.56844 11 21 51.33 +14 59 43.8          21.6 GV~9aksF51
     K14H33D 9C2026 02 16.58115 11 21 50.92 +14 59 47.1          22.4 GV~9aksF51
     K14H33D 9C2026 02 16.60666 11 21 49.91 +14 59 56.1          22.2 GV~9aksF51
     K14H99Y 9C2025 07 26.44240 20 54 17.28 -18 31 22.0                V~9akvF51
     K14H99Y 9C2025 07 26.45267 20 54 16.68 -18 31 25.4          21.9 GV~9akvF51
     K14H99Y 9C2025 07 26.46297 20 54 16.11 -18 31 29.5                V~9akvF51
     K14H99Y 9C2025 07 26.47323 20 54 15.52 -18 31 32.8          22.0 GV~9akvF51
     K14HW1D 9C2025 07 20.45444 21 20 02.84 -24 16 31.9          22.8 GV~9al5F52
     K14HW1D 9C2025 07 20.47604 21 20 01.77 -24 16 34.4          22.2 GV~9al5F52
     K14HW1D 9C2025 07 20.48682 21 20 01.22 -24 16 35.2                V~9al5F52
     K14Hs1M 9C2025 11 24.47055 03 23 24.73 +23 53 45.8          21.7 GV~9alBF51
     K14Hs1M 9C2025 11 24.48458 03 23 23.67 +23 53 49.2          21.9 GV~9alBF51
     K14Hs1M 9C2025 11 24.49859 03 23 22.63 +23 53 52.6          21.9 GV~9alBF51
     K14Hu6M 9C2025 11 24.45632 03 20 33.19 +23 05 30.8          22.4 GV~9alCF51
     K14Hu6M 9C2025 11 24.47055 03 20 32.21 +23 05 26.0          22.3 GV~9alCF51
     K14Hu6M 9C2025 11 24.48458 03 20 31.26 +23 05 21.9          22.5 GV~9alCF51
     K14Hu6M 9C2025 11 24.49859 03 20 30.31 +23 05 17.3          22.5 GV~9alCF51
     K14Hv5Z 9C2020 07 18.46130 21 26 35.37 -24 28 35.5          21.8 GV~9alCF51
     K14Hv5Z 9C2020 07 18.47209 21 26 34.87 -24 28 37.4                V~9alCF51
     K14Hv5Z 9C2020 07 18.48281 21 26 34.41 -24 28 39.3                V~9alCF51
     K14Hv5Z 9C2020 07 18.49353 21 26 33.91 -24 28 41.1          21.8 GV~9alCF51
     K14Hw3C 9C2022 03 01.45623 12 22 31.49 -08 58 53.3                V~9alLF52
     K14Hw3C 9C2022 03 01.46647 12 22 30.90 -08 58 56.5                V~9alLF52
     K14Hw3C 9C2022 03 01.47671 12 22 30.28 -08 58 59.9          21.5 GV~9alLF52
     K14Hw3C 9C2022 03 01.48690 12 22 29.67 -08 59 02.2          21.4 GV~9alLF52
     K14MA1B 9C2026 01 13.40705 09 10 11.11 +23 34 46.2          22.1 GV~9aljF51
     K14MA1B 9C2026 01 13.42015 09 10 10.39 +23 34 46.6          22.0 GV~9aljF51
     K14MA1B 9C2026 01 13.44677 09 10 08.91 +23 34 47.3          21.9 GV~9aljF51
     K14N15H 9C2023 07 16.48272 21 12 45.46 -17 52 55.6          22.1 GV~9allF51
     K14N15H 9C2023 07 16.49666 21 12 44.87 -17 52 59.8          22.1 GV~9allF51
     K14N15H 9C2023 07 16.51056 21 12 44.27 -17 53 03.9          22.3 GV~9allF51
     K14N95O 9C2025 11 24.45765 03 23 27.38 +17 57 55.6          21.6 GV~9aloF51
     K14N95O 9C2025 11 24.47185 03 23 26.52 +17 57 49.9          21.2 GV~9aloF51
     K14N95O 9C2025 11 24.48588 03 23 25.70 +17 57 44.2          21.5 GV~9aloF51
     K14N95O 9C2025 11 24.49989 03 23 24.85 +17 57 38.4          21.6 GV~9aloF51
     K14Ob9A 9C2026 01 17.46548 10 00 33.97 +03 05 46.4          22.5 GV~9am7F51
     K14Ob9A 9C2026 01 17.47866 10 00 33.11 +03 05 39.5          23.0 GV~9am7F51
     K14Ob9A 9C2026 01 17.49193 10 00 32.21 +03 05 32.2          22.5 GV~9am7F51
     K14Qt9C 9C2025 11 24.46926 03 15 00.45 +21 32 52.7          21.6 GV~9amnF51
     K14Qt9C 9C2025 11 24.48330 03 14 59.45 +21 32 56.6          21.5 GV~9amnF51
     K14Qt9C 9C2025 11 24.49730 03 14 58.46 +21 33 00.7          21.6 GV~9amnF51
     K14Qz0F 9C2025 11 24.47250 03 25 25.25 +15 23 07.4          22.6 GV~9amrF51
     K14R75R 9C2026 01 13.41546 09 35 52.40 +19 09 54.2          22.3 GV~9amuF51
     K14R75R 9C2026 01 13.42857 09 35 51.82 +19 09 55.6          23.4 GV~9amuF51
     K14R75R 9C2026 01 13.45529 09 35 50.63 +19 09 58.6          22.9 GV~9amuF51
     K14R98A 9C2025 11 24.47510 03 34 01.06 +25 28 19.6          21.8 GV~9amvF51
     K14R98A 9C2025 11 24.48912 03 34 00.30 +25 28 14.5          22.2 GV~9amvF51
     K14R98A 9C2025 11 24.50312 03 33 59.53 +25 28 09.4          22.5 GV~9amvF51
     K14SA5T 9C2025 11 24.49989 03 24 59.94 +18 37 54.3          22.2 GV~9an0F51
     K14Si2G 9C2025 11 24.47791 03 50 42.65 +20 40 21.2          21.7 GV~9anDF51
     K14Si2G 9C2025 11 24.49194 03 50 41.85 +20 40 19.1          21.4 GV~9anDF51
     K14Si2G 9C2025 11 24.50595 03 50 41.07 +20 40 17.3          21.9 GV~9anDF51
     K14TD0V 9C2025 11 24.47510 03 28 33.46 +24 23 58.3          21.8 GV~9anIF51
     K14TD0V 9C2025 11 24.48912 03 28 32.72 +24 23 52.4          22.1 GV~9anIF51
     K14TD0V 9C2025 11 24.50312 03 28 31.98 +24 23 46.2          22.2 GV~9anIF51
     K14WG2M 9C2025 11 24.45632 03 23 35.24 +22 44 39.8          21.2 GV~9anYF51
     K14WG2M 9C2025 11 24.47055 03 23 34.41 +22 44 36.9          21.2 GV~9anYF51
     K14WG2M 9C2025 11 24.48458 03 23 33.59 +22 44 33.9          21.3 GV~9anYF51
     K14Wu6S 9C2026 01 13.41546 09 37 13.63 +17 59 56.6          22.1 GV~9annF51
     K14Wu6S 9C2026 01 13.42857 09 37 13.11 +17 59 59.7          22.8 GV~9annF51
     K14Wu6S 9C2026 01 13.44186 09 37 12.61 +18 00 03.6          23.0 GV~9annF51
     K14Wu6S 9C2026 01 13.45529 09 37 12.08 +18 00 07.3          22.8 GV~9annF51
     _EW0014 9C2024 02 15.40108 10 49 23.84 -06 13 16.2          22.2 GV~9anzF51
     _EW0014 9C2024 02 15.41270 10 49 23.26 -06 13 14.0          22.5 GV~9anzF51
     _EW0014 9C2024 02 15.42434 10 49 22.67 -06 13 12.1          22.3 GV~9anzF51
     _EW0014 9C2024 02 15.43596 10 49 22.06 -06 13 10.3                V~9anzF51
     _EW0023 9C2024 09 27.50352 01 03 41.44 +04 04 28.5                V~9ao4F52
     _EW0023 9C2024 09 27.51496 01 03 40.92 +04 04 25.3          22.3 GV~9ao4F52
     _EW0023 9C2024 09 27.52636 01 03 40.38 +04 04 22.9          22.5 GV~9ao4F52
     _EW0023 9C2024 09 27.53768 01 03 39.91 +04 04 19.6          22.4 GV~9ao4F52
     K14YA5S 9C2026 01 18.41679 09 10 06.27 +10 59 16.2          22.3 GV~9aoKF51
     K14YA5S 9C2026 01 18.42790 09 10 05.58 +10 59 13.5          22.1 GV~9aoKF51
     K14YA5S 9C2026 01 18.43904 09 10 04.91 +10 59 10.1                V~9aoKF51
     K14YA5S 9C2026 01 18.45029 09 10 04.23 +10 59 07.4          21.9 GV~9aoKF51
     K15A55G 9C2023 01 22.45631 10 01 46.28 +11 13 57.9          22.5 GV~9aoSF52
     K15A55G 9C2023 01 22.46718 10 01 45.78 +11 14 00.1          22.5 GV~9aoSF52
     K15A55G 9C2023 01 22.47806 10 01 45.29 +11 14 02.6                V~9aoSF52
     K15A55G 9C2023 01 22.48898 10 01 44.79 +11 14 04.9          22.8 GV~9aoSF52
     K15AA8Z 9C2022 10 24.44388 04 17 08.03 +11 46 30.2                V~9aoWF52
     K15AA8Z 9C2022 10 24.45549 04 17 07.63 +11 46 27.9          22.2 GV~9aoWF52
     K15AA8Z 9C2022 10 24.46706 04 17 07.22 +11 46 25.9          22.3 GV~9aoWF52
     K15AA8Z 9C2022 10 24.47861 04 17 06.83 +11 46 23.3          22.2 GV~9aoWF52
     K15AN2R 9C2026 01 17.45367 09 44 47.89 +06 20 39.0          22.1 GV~9aodF51
     K15AN2R 9C2026 01 17.46677 09 44 47.29 +06 20 36.7          22.1 GV~9aodF51
     K15AN2R 9C2026 01 17.47995 09 44 46.69 +06 20 35.3          22.3 GV~9aodF51
     K15AN2R 9C2026 01 17.49321 09 44 46.08 +06 20 33.6          22.4 GV~9aodF51
     K15AO0N 9C2026 02 17.40624 09 28 12.35 +02 49 06.0          20.9 GV~9aoeF51
     K15AO0N 9C2026 02 17.41852 09 28 11.64 +02 49 10.2          21.0 GV~9aoeF51
     K15AO0N 9C2026 02 17.43079 09 28 10.91 +02 49 14.2          21.1 GV~9aoeF51
     K15B61U 9C2023 07 23.46734 21 35 38.94 -21 39 07.5          21.9 GV~9aosF51
     K15B61U 9C2023 07 23.47239 21 35 38.74 -21 39 09.2          22.2 GV~9aosF51
     K15B61U 9C2023 07 23.48208 21 35 38.38 -21 39 12.9          22.1 GV~9aosF51
     K15B61U 9C2023 07 23.48336 21 35 38.32 -21 39 13.7                V~9aosF51
     K15B61U 9C2023 07 23.49307 21 35 37.95 -21 39 17.2                V~9aosF51
     K15B61U 9C2023 07 23.49435 21 35 37.93 -21 39 18.1          21.9 GV~9aosF51
     K15B61U 9C2023 07 23.50403 21 35 37.55 -21 39 21.4          21.9 GV~9aosF51
     K15B61U 9C2023 07 23.50531 21 35 37.47 -21 39 21.7          22.3 GV~9aosF51
     K15BN9H 9C2026 01 17.44334 09 02 31.93 +04 26 24.4                V~9ap6F51
     K15BN9H 9C2026 01 17.45642 09 02 31.32 +04 26 24.1          22.3 GV~9ap6F51
     K15BN9H 9C2026 01 17.46956 09 02 30.72 +04 26 23.8          22.5 GV~9ap6F51
     K15BN9H 9C2026 01 17.48279 09 02 30.10 +04 26 23.5          22.2 GV~9ap6F51
     _FB008F 9C2022 06 21.45787 20 02 16.35 -15 33 20.7          22.3 GV~9aqKF52
     _FB008F 9C2022 06 21.46996 20 02 15.88 -15 33 19.1          22.3 GV~9aqKF52
     _FB008F 9C2022 06 21.48222 20 02 15.38 -15 33 18.1                V~9aqKF52
     _FB008F 9C2022 06 21.49435 20 02 14.90 -15 33 16.7          22.4 GV~9aqKF52
     _FB008F 9C2026 01 17.44721 09 22 24.64 +05 00 57.9          21.6 GV~9aqKF51
     _FB008F 9C2026 01 17.47346 09 22 23.51 +05 00 56.5          22.1 GV~9aqKF51
     _FB008F 9C2026 01 17.48672 09 22 22.93 +05 00 55.7          22.0 GV~9aqKF51
     _FB008k 9C2026 02 16.57113 11 27 34.36 +08 25 40.5          22.1 GV~9aqNF51
     _FB008k 9C2026 02 16.58383 11 27 33.83 +08 25 43.1          21.9 GV~9aqNF51
     _FB008k 9C2026 02 16.59652 11 27 33.35 +08 25 46.2          21.8 GV~9aqNF51
     _FB008k 9C2026 02 16.60935 11 27 32.72 +08 25 48.1          22.2 GV~9aqNF51
     K15D91G 9C2025 11 24.46029 03 40 59.58 +21 35 51.5          21.7 GV~9aqhF51
     K15D91G 9C2025 11 24.47445 03 40 58.64 +21 35 48.6          22.5 GV~9aqhF51
     K15D91G 9C2025 11 24.48847 03 40 57.76 +21 35 45.3          22.1 GV~9aqhF51
     K15D91G 9C2025 11 24.50247 03 40 56.83 +21 35 42.3          22.5 GV~9aqhF51
     K15DH5A 9C2026 01 18.41743 09 15 47.82 +08 13 00.8                V~9aqoF51
     K15DH5A 9C2026 01 18.42854 09 15 47.29 +08 12 59.9                V~9aqoF51
     K15DH5A 9C2026 01 18.43968 09 15 46.79 +08 12 59.2          21.8 GV~9aqoF51
     K15DH5A 9C2026 01 18.45093 09 15 46.26 +08 12 58.3          21.8 GV~9aqoF51
     K15DO1A 9C2026 01 18.41939 09 25 40.06 +12 21 10.1                V~9aqtF51
     K15DO1A 9C2026 01 18.44166 09 25 38.98 +12 21 17.6          22.0 GV~9aqtF51
     K15DO1A 9C2026 01 18.45292 09 25 38.44 +12 21 20.8          21.8 GV~9aqtF51
     K15Da2W 9C2026 01 11.40448 08 18 40.30 +09 16 26.3          21.6 GV~9ar9F51
     K15Da2W 9C2026 01 11.42750 08 18 39.17 +09 16 26.3          21.5 GV~9ar9F51
     K15Db0E 9C2026 01 11.39831 08 51 25.50 +10 12 22.2          22.2 GV~9arEF51
     K15Db0E 9C2026 01 11.40976 08 51 25.00 +10 12 22.3          22.5 GV~9arEF51
     K15Db0E 9C2026 01 11.42127 08 51 24.48 +10 12 22.1          22.0 GV~9arEF51
     K15Db0E 9C2026 01 11.43278 08 51 23.94 +10 12 22.0          22.3 GV~9arEF51
     K15FH7V 9C2020 08 13.41065 22 33 11.09 -03 11 55.0          22.6 GV~9araF51
     K15FH7V 9C2020 08 13.42240 22 33 10.52 -03 12 00.3                V~9araF51
     K15FH7V 9C2020 08 13.43413 22 33 09.98 -03 12 05.6          22.7 GV~9araF51
     K15FH7V 9C2020 08 13.44587 22 33 09.42 -03 12 10.8          22.4 GV~9araF51
     K15Fb7E 9C2026 02 13.47450 11 29 32.34 -08 25 52.9          21.9 GV~9armF51
     K15Fb7E 9C2026 02 13.50288 11 29 31.44 -08 25 48.1          22.1 GV~9armF51
     K15Fb7E 9C2026 02 13.51698 11 29 30.95 -08 25 46.0          21.9 GV~9armF51
     K15HW8J 9C2025 11 25.38942 05 38 10.23 +24 03 22.8                V~9asVF52
     K15HW8J 9C2025 11 25.39908 05 38 09.70 +24 03 23.4          21.9 GV~9asVF52
     K15HW8J 9C2025 11 25.40869 05 38 09.15 +24 03 23.9                V~9asVF52
     K15HW8J 9C2025 11 25.41829 05 38 08.65 +24 03 24.5          21.7 GV~9asVF52
     K15Hc3T 9C2025 01 21.57726 10 20 11.24 +22 30 50.0          21.5 GV~9asXF52
     K15Hc3T 9C2025 01 21.59094 10 20 10.92 +22 30 52.2          21.6 GV~9asXF52
     K15Hc3T 9C2025 01 21.60461 10 20 10.60 +22 30 55.1          21.8 GV~9asXF52
     K15Hc3T 9C2025 01 21.61823 10 20 10.26 +22 30 57.7          21.8 GV~9asXF52
     K15Hq0X 9C2026 01 13.41156 09 27 49.25 +24 32 24.9          21.6 GV~9asoF51
     K15Hq0X 9C2026 01 13.43795 09 27 48.23 +24 32 33.2          22.0 GV~9asoF51
     K15Hq0X 9C2026 01 13.45135 09 27 47.73 +24 32 37.7          21.4 GV~9asoF51
     K15KS7P 9C2025 07 21.45604 21 07 13.68 -18 09 54.8          22.5 GV~9at6F52
     K15KS7P 9C2025 07 21.46561 21 07 13.19 -18 09 56.9          22.6 GV~9at6F52
     K15KS7P 9C2025 07 21.47519 21 07 12.70 -18 09 59.0                V~9at6F52
     K15KS7P 9C2025 07 21.48478 21 07 12.24 -18 10 00.4                V~9at6F52
     K15Kk4L 9C2025 11 24.45436 03 09 53.16 +18 44 37.5          22.3 GV~9atBF51
     K15Kk4L 9C2025 11 24.46861 03 09 52.29 +18 44 35.6          22.3 GV~9atBF51
     K15Kk4L 9C2025 11 24.48265 03 09 51.46 +18 44 33.6          22.2 GV~9atBF51
     K15Kk4L 9C2025 11 24.49666 03 09 50.61 +18 44 31.9          22.0 GV~9atBF51
     K15Kk7V 9C2025 10 13.56521 02 56 40.66 +23 02 15.5          22.3 GV~9atCF51
     K15Kk7V 9C2025 10 13.57946 02 56 39.94 +23 02 16.8          21.9 GV~9atCF51
     K15Kk7V 9C2025 10 13.59365 02 56 39.22 +23 02 18.1          22.7 GV~9atCF51
     K15Kk7V 9C2025 10 13.60787 02 56 38.49 +23 02 19.8          22.2 GV~9atCF51
     K15N43G 9C2020 08 13.40616 22 18 52.65 -05 53 27.5          22.4 GV~9atlF51
     K15N43G 9C2020 08 13.41789 22 18 52.13 -05 53 30.4          22.5 GV~9atlF51
     K15N43G 9C2020 08 13.42964 22 18 51.61 -05 53 33.1                V~9atlF51
     K15N43G 9C2020 08 13.44137 22 18 51.09 -05 53 35.8          22.4 GV~9atlF51
     K15N57D 9C2025 09 17.43309 01 57 45.03 +20 00 06.3          22.1 GV~9atpF52
     K15N57D 9C2025 09 17.44601 01 57 44.62 +20 00 04.3          22.2 GV~9atpF52
     K15N57D 9C2025 09 17.45895 01 57 44.20 +20 00 02.3          22.3 GV~9atpF52
     K15N57D 9C2025 09 17.47199 01 57 43.79 +20 00 00.5          22.1 GV~9atpF52
     K15OB8A 9C2026 01 18.41614 09 09 18.36 +12 11 42.2          21.5 GV~9atrF51
     K15OB8A 9C2026 01 18.42721 09 09 17.77 +12 11 44.5          21.7 GV~9atrF51
     K15OB8A 9C2026 01 18.43838 09 09 17.20 +12 11 46.6                V~9atrF51
     K15OK6F 9C2025 08 18.40210 21 58 35.58 -14 41 02.1          22.3 GV~9atzF51
     K15OK6F 9C2025 08 18.41496 21 58 34.68 -14 41 01.6          22.4 GV~9atzF51
     K15OK6F 9C2025 08 18.42796 21 58 33.77 -14 41 01.7          22.4 GV~9atzF51
     K15OK6F 9C2025 08 18.44081 21 58 32.88 -14 41 01.7          22.3 GV~9atzF51
     K15PH3K 9C2021 11 01.40113 03 46 52.16 +15 35 44.9          22.1 GV~9au7F51
     K15PH3K 9C2021 11 01.41213 03 46 51.64 +15 35 43.9                V~9au7F51
     K15PH3K 9C2021 11 01.42316 03 46 51.09 +15 35 43.2          22.1 GV~9au7F51
     K15Pa6N 9C2025 11 24.45765 03 24 04.37 +18 46 54.3          22.2 GV~9auEF51
     K15R69L 9C2025 08 18.45325 22 43 00.98 -06 11 28.9                V~9auJF51
     K15R69L 9C2025 08 18.47609 22 42 59.99 -06 11 36.3          22.0 GV~9auJF51
     K15R69L 9C2025 08 18.48750 22 42 59.49 -06 11 40.1          21.8 GV~9auJF51
     K15RF2L 9C2026 01 13.40963 09 25 49.17 +16 48 52.0                V~9auKF51
     K15RF2L 9C2026 01 13.44939 09 25 47.30 +16 48 56.3          21.7 GV~9auKF51
     K15Re1K 9C2025 11 24.47380 03 36 25.64 +19 27 48.8          22.2 GV~9auXF51
     K15Re1K 9C2025 11 24.48782 03 36 24.83 +19 27 44.4          22.1 GV~9auXF51
     K15Re1K 9C2025 11 24.50183 03 36 24.04 +19 27 40.1          22.7 GV~9auXF51
     K15Re6O 9C2025 11 24.45632 03 25 09.93 +23 35 43.0          22.0 GV~9auYF51
     K15Re6O 9C2025 11 24.47055 03 25 09.13 +23 35 39.0          22.1 GV~9auYF51
     K15Re6O 9C2025 11 24.48458 03 25 08.33 +23 35 35.7          22.0 GV~9auYF51
     K15Re6O 9C2025 11 24.49859 03 25 07.52 +23 35 32.3          22.0 GV~9auYF51
     K15TV6K 9C2026 01 13.42595 09 51 13.75 +22 11 54.1          22.3 GV~9aunF51
     K15TV6K 9C2026 01 13.43925 09 51 13.24 +22 11 57.8          22.3 GV~9aunF51
     K15TV6K 9C2026 01 13.45264 09 51 12.73 +22 12 00.9          22.3 GV~9aunF51
     K15Te2Z 9C2026 01 13.40576 09 08 03.27 +20 11 01.9                V~9auqF51
     K15Te2Z 9C2026 01 13.41886 09 08 02.62 +20 11 04.7                V~9auqF51
     K15Te2Z 9C2026 01 13.43210 09 08 01.94 +20 11 07.5          21.1 GV~9auqF51
     K15Te2Z 9C2026 01 13.44546 09 08 01.29 +20 11 10.5          22.3 GV~9auqF51
     K15Tn7C 9C2026 02 16.57113 11 24 34.09 +08 00 37.7          21.9 GV~9auxF51
     K15Tn7C 9C2026 02 16.58383 11 24 33.59 +08 00 42.6          22.1 GV~9auxF51
     K15Tn7C 9C2026 02 16.59652 11 24 33.09 +08 00 47.8          21.7 GV~9auxF51
     K15U02J 9C2026 01 13.40769 09 22 23.10 +22 42 31.2          22.1 GV~9auzF51
     K15U02J 9C2026 01 13.44742 09 22 21.23 +22 42 43.0          22.3 GV~9auzF51
     K15V75P 9C2026 02 17.41032 09 31 22.37 +01 55 12.1          21.2 GV~9av5F51
     K15V75P 9C2026 02 17.42258 09 31 21.77 +01 55 15.5          21.4 GV~9av5F51
     K15V75P 9C2026 02 17.43487 09 31 21.06 +01 55 19.4          21.6 GV~9av5F51
     K15XK0J 9C2025 11 24.45436 03 11 44.63 +18 42 50.1          21.6 GV~9avLF51
     K15XK0J 9C2025 11 24.46861 03 11 43.81 +18 42 50.3          22.0 GV~9avMF51
     K15Xn4E 9C2025 11 24.45765 03 27 23.46 +19 07 03.3          21.8 GV~9avXF51
     K15Xn4E 9C2025 11 24.47185 03 27 22.70 +19 07 01.0          21.6 GV~9avXF51
     K15Xn4E 9C2025 11 24.48588 03 27 21.94 +19 06 58.7          21.8 GV~9avXF51
     K15Xn4E 9C2025 11 24.49989 03 27 21.17 +19 06 56.7          21.9 GV~9avXF51
     K15Xp8M 9C2025 11 24.45765 03 28 35.71 +19 59 47.0          22.4 GV~9avZF51
     K15Xp8M 9C2025 11 24.47185 03 28 34.96 +19 59 44.0          22.0 GV~9avZF51
     K15Xp8M 9C2025 11 24.48588 03 28 34.20 +19 59 40.8          22.1 GV~9avZF51
     K15Xp8M 9C2025 11 24.49989 03 28 33.45 +19 59 37.2          22.2 GV~9avZF51
     K15Xp9T 9C2025 11 24.45436 03 11 10.29 +18 28 11.2          22.6 GV~9avaF51
     K15Xp9T 9C2025 11 24.46861 03 11 09.58 +18 28 04.6          22.5 GV~9avaF51
     K15Xp9T 9C2025 11 24.48265 03 11 08.88 +18 27 59.3          22.1 GV~9avaF51
     K15Xp9T 9C2025 11 24.49666 03 11 08.21 +18 27 53.3          22.3 GV~9avaF51
     K15Y40O 9C2024 09 04.46251 23 08 55.18 -01 53 41.9          21.4 GV~9avbF52
     K15Y40O 9C2024 09 04.47255 23 08 54.59 -01 53 46.8          21.6 GV~9avbF52
     K15Y40O 9C2024 09 04.48257 23 08 54.00 -01 53 51.4          21.5 GV~9avbF52
     K15Y40O 9C2024 09 04.49255 23 08 53.42 -01 53 56.2                V~9avbF52
     K16AA1V 9C2026 02 16.56779 11 14 31.08 +16 50 29.7          21.6 GV~9aveF51
     K16AA1V 9C2026 02 16.58051 11 14 30.50 +16 50 34.4          22.1 GV~9aveF51
     K16AA1V 9C2026 02 16.60601 11 14 29.35 +16 50 44.4          22.1 GV~9aveF51
     K16AD2U 9C2025 11 24.46520 03 59 34.96 +16 15 56.0          21.8 GV~9avfF51
     K16AD2U 9C2025 11 24.47934 03 59 33.90 +16 15 32.0          21.7 GV~9avfF51
     K16AD2U 9C2025 11 24.49337 03 59 32.86 +16 15 08.1          21.1 GV~9avfF51
     K16AD2U 9C2025 11 24.50737 03 59 31.83 +16 14 44.3          20.6 GV~9avfF51
     K16Ae8Z 9C2024 07 06.47546 20 43 18.31 -23 35 26.7          22.3 GV~9avtF52
     K16Ae8Z 9C2024 07 06.48529 20 43 17.78 -23 35 28.5          22.6 GV~9avtF52
     K16Ae8Z 9C2024 07 06.49513 20 43 17.23 -23 35 29.5                V~9avtF52
     K16Ae8Z 9C2024 07 06.50496 20 43 16.69 -23 35 31.2                V~9avtF52
     K16Af0C 9C2021 01 16.44433 09 26 26.51 +11 39 14.2          21.4 GV~9avwF51
     K16Af0C 9C2021 01 16.45545 09 26 26.07 +11 39 16.0          21.7 GV~9avwF51
     K16Af0C 9C2021 01 16.46655 09 26 25.53 +11 39 17.1                V~9avwF51
     K16Af0G 9C2026 01 11.39968 08 58 56.07 +16 24 26.0          22.3 GV~9avwF51
     K16Af0G 9C2026 01 11.42264 08 58 55.03 +16 24 35.3          22.2 GV~9avwF51
     K16Af0G 9C2026 01 11.43414 08 58 54.47 +16 24 39.6          22.2 GV~9avwF51
     K16Ch9L 9C2025 11 24.47120 03 35 12.12 +20 57 31.3          22.1 GV~9awOF51
     K16Ch9L 9C2025 11 24.48523 03 35 11.41 +20 57 27.5          22.5 GV~9awOF51
     K16Ch9L 9C2025 11 24.49924 03 35 10.83 +20 57 22.2          22.7 GV~9awOF51
     K16Ci1L 9C2025 02 22.49368 12 33 58.69 -06 43 00.1          22.3 GV~9awRF52
     K16Ci1L 9C2025 02 22.50660 12 33 58.26 -06 42 59.6          22.9 GV~9awRF52
     K16Ci1L 9C2025 02 22.51952 12 33 57.86 -06 42 58.6                V~9awRF52
     K16Ci1L 9C2025 02 22.53245 12 33 57.44 -06 42 57.9                V~9awRF52
     K16E30Q 9C2025 10 30.32640 02 50 44.20 +23 18 11.2          22.3 GV~9awWF51
     K16E30Q 9C2025 10 30.33675 02 50 43.56 +23 18 11.7          21.7 GV~9awWF51
     K16E30Q 9C2025 10 30.34711 02 50 42.99 +23 18 12.3          22.5 GV~9awWF51
     K16E30Q 9C2025 10 30.35752 02 50 42.39 +23 18 12.2          22.1 GV~9awWF51
     K16EC2V 9C2026 01 17.38204 08 46 38.42 +14 20 14.9          22.5 GV~9awZF51
     K16EC2V 9C2026 01 17.39527 08 46 37.77 +14 20 17.2          22.5 GV~9awZF51
     K16EC2V 9C2026 01 17.42205 08 46 36.46 +14 20 22.0          22.4 GV~9awZF51
     K16EU5J 9C2026 01 13.41156 09 31 23.58 +23 47 58.2          22.7 GV~9awmF51
     K16EU5J 9C2026 01 13.42466 09 31 23.11 +23 48 02.4          23.0 GV~9awmF51
     K16EU5J 9C2026 01 13.43795 09 31 22.59 +23 48 06.9          22.3 GV~9awmF51
     K16EU5J 9C2026 01 13.45135 09 31 22.09 +23 48 11.3          22.2 GV~9awmF51
     K16EV7M 9C2026 01 18.42326 09 42 26.45 +09 36 31.7                V~9awnF51
     K16EV7M 9C2026 01 18.43439 09 42 25.95 +09 36 31.3                V~9awnF51
     K16EV7M 9C2026 01 18.44557 09 42 25.47 +09 36 30.9          20.6 GV~9awnF51
     K16EV7M 9C2026 01 18.45685 09 42 24.97 +09 36 30.5          20.8 GV~9awnF51
     K16FC4O 9C2026 01 11.39831 08 56 27.54 +10 22 44.0          22.2 GV~9ax6F51
     K16FC4O 9C2026 01 11.40976 08 56 26.89 +10 22 43.8          22.2 GV~9ax6F51
     K16FC4O 9C2026 01 11.42127 08 56 26.24 +10 22 43.4          22.1 GV~9ax6F51
     K16FC4O 9C2026 01 11.43278 08 56 25.63 +10 22 43.3          22.6 GV~9ax6F51
     K16FL4M 9C2021 02 07.44480 10 47 36.78 +07 13 37.2          21.7 GV~9axFF51
     K16FL4M 9C2021 02 07.45676 10 47 36.34 +07 13 41.6          22.0 GV~9axFF51
     K16FL4M 9C2021 02 07.46873 10 47 35.91 +07 13 45.9                V~9axFF51
     K16FL4M 9C2021 02 07.48080 10 47 35.47 +07 13 50.5          21.6 GV~9axFF51
     K16G45V 9C2026 01 17.38204 08 49 15.03 +15 46 28.3          22.2 GV~9axIF51
     K16G45V 9C2026 01 17.39527 08 49 14.37 +15 46 31.4          22.4 GV~9axIF51
     K16Ga9S 9C2021 10 30.39666 02 32 52.59 +03 26 38.3          22.1 GV~9axeF51
     K16Ga9S 9C2021 10 30.41812 02 32 51.28 +03 26 30.9          22.1 GV~9axeF51
     K16Ga9S 9C2021 10 30.43079 02 32 50.52 +03 26 27.1          22.4 GV~9axeF51
     K16Ga9S 9C2021 10 30.44352 02 32 49.73 +03 26 22.4                V~9axeF51
     K16Gb6L 9C2021 01 07.42033 08 09 41.55 +08 21 06.2          22.0 GV~9axfF51
     K16Gb6L 9C2021 01 07.43337 08 09 40.93 +08 21 07.9          22.0 GV~9axfF51
     K16Gb6L 9C2021 01 07.44643 08 09 40.35 +08 21 09.5          22.3 GV~9axfF51
     K16Gb6L 9C2021 01 07.46073 08 09 39.68 +08 21 11.2                V~9axfF51
     K16Gb6L 9C2022 05 09.43221 15 12 41.78 -07 19 47.6          21.8 GV~9axfF52
     K16Gb6L 9C2022 05 09.44445 15 12 41.22 -07 19 43.8                V~9axfF52
     K16Gb6L 9C2022 05 09.45670 15 12 40.66 -07 19 39.4          21.8 GV~9axfF52
     K16Gb6L 9C2022 05 09.46888 15 12 40.11 -07 19 35.8          21.8 GV~9axfF52
     K16Ge0J 9C2025 11 24.45436 03 12 34.67 +19 51 28.6          21.8 GV~9axgF51
     K16Ge0J 9C2025 11 24.48265 03 12 32.83 +19 51 33.4          21.9 GV~9axgF51
     K16Ge0J 9C2025 11 24.49666 03 12 31.92 +19 51 35.6          22.2 GV~9axgF51
     K16J83K 9C2026 01 13.41156 09 32 15.35 +24 08 18.0          22.4 GV~9axyF51
     K16J83K 9C2026 01 13.42466 09 32 14.89 +24 08 24.0          22.4 GV~9axyF51
     K16J83K 9C2026 01 13.43795 09 32 14.39 +24 08 29.7          22.3 GV~9axyF51
     K16J83K 9C2026 01 13.45135 09 32 13.89 +24 08 35.4          22.0 GV~9axyF51
     K16JB2Z 9C2025 10 13.56594 02 58 33.46 +19 25 48.7          21.9 GV~9ay0F51
     K16JB2Z 9C2025 10 13.58020 02 58 32.72 +19 25 53.6          21.7 GV~9ay0F51
     K16JB2Z 9C2025 10 13.60864 02 58 31.26 +19 26 03.7          22.4 GV~9ay0F51
     K16JB7H 9C2022 11 23.54602 04 33 04.08 +17 29 04.8          22.2 GV~9ay4F51
     K16JB7H 9C2022 11 23.55966 04 33 03.63 +17 29 03.0          22.2 GV~9ay4F51
     K16JB7H 9C2022 11 23.57324 04 33 03.15 +17 29 01.2          22.1 GV~9ay4F51
     K16JB7H 9C2022 11 23.58685 04 33 02.71 +17 28 59.8                V~9ay4F51
     K16K06Y 9C2026 01 17.44398 09 00 29.58 +08 51 35.8          21.7 GV~9ay5F51
     K16K06Y 9C2026 01 17.45706 09 00 29.01 +08 51 37.8          22.0 GV~9ay5F51
     K16K06Y 9C2026 01 17.47020 09 00 28.41 +08 51 39.7          22.0 GV~9ay5F51
     K16K06Y 9C2026 01 17.48344 09 00 27.83 +08 51 41.7          21.6 GV~9ay5F51
     K16PW3Z 9C2025 11 24.45765 03 24 05.28 +17 52 13.2          21.6 GV~9ayiF51
     K16PW3Z 9C2025 11 24.47185 03 24 04.46 +17 52 09.3          21.6 GV~9ayiF51
     K16PW3Z 9C2025 11 24.48588 03 24 03.68 +17 52 05.8          21.5 GV~9ayiF51
     K16PW3Z 9C2025 11 24.49989 03 24 02.89 +17 52 02.2          21.7 GV~9ayiF51
     K16RB0M 9C2025 11 24.45765 03 28 14.22 +19 25 04.2          21.4 GV~9ayxF51
     K16RB0M 9C2025 11 24.47185 03 28 13.42 +19 24 57.3          21.4 GV~9ayxF51
     K16RB0M 9C2025 11 24.48588 03 28 12.62 +19 24 50.3          21.3 GV~9ayxF51
     K16RB0M 9C2025 11 24.49989 03 28 11.83 +19 24 43.4          21.4 GV~9ayxF51
     K16TL1A 9C2025 11 24.46442 03 51 15.15 +16 18 14.0          22.0 GV~9azIF51
     K16UL6U 9C2025 07 21.45860 21 26 37.79 -19 32 38.3          22.6 GV~9azPF52
     K16UL6U 9C2025 07 21.46817 21 26 37.34 -19 32 39.9          22.5 GV~9azPF52
     K16UL6U 9C2025 07 21.47776 21 26 36.91 -19 32 42.6                V~9azPF52
     K16UL6U 9C2025 07 21.48738 21 26 36.51 -19 32 45.3                V~9azPF52
     K16UU3Q 9C2025 11 24.46376 03 48 13.14 +18 59 36.6          20.6 GV~9azTF51
     K16UU3Q 9C2025 11 24.47791 03 48 12.41 +18 59 27.8          20.6 GV~9azTF51
     K16UU3Q 9C2025 11 24.49194 03 48 11.71 +18 59 19.1          20.3 GV~9azTF51
     K16UU3Q 9C2025 11 24.50595 03 48 10.99 +18 59 10.4          20.6 GV~9azTF51
     K16UU4Q 9C2025 10 13.56521 03 02 27.74 +22 38 50.9          22.1 GV~9azUF51
     K16UU4Q 9C2025 10 13.57946 03 02 26.75 +22 39 02.4          21.9 GV~9azUF51
     K16UU4Q 9C2025 10 13.59365 03 02 25.77 +22 39 13.8          21.7 GV~9azUF51
     K16UU4Q 9C2025 10 13.60787 03 02 24.77 +22 39 25.4          22.0 GV~9azUF51
     K16UU4R 9C2025 11 24.47575 03 43 24.97 +24 00 30.4          21.3 GV~9azUF51
     K16UU4R 9C2025 11 24.48976 03 43 24.14 +24 00 25.0          20.9 GV~9azUF51
     K16UU4R 9C2025 11 24.50377 03 43 23.32 +24 00 20.0          21.7 GV~9azUF51
     K16V74C 9C2025 10 13.56521 03 07 00.77 +23 04 40.6          22.4 GV~9azbF51
     K16V74C 9C2025 10 13.57946 03 07 00.21 +23 04 39.8          22.2 GV~9azbF51
     K16V74C 9C2025 10 13.59365 03 06 59.65 +23 04 38.9          22.2 GV~9azbF51
     K16V74C 9C2025 10 13.60787 03 06 59.08 +23 04 38.1          22.2 GV~9azbF51
     K17B54J 9C2026 01 13.40769 09 18 39.32 +21 11 04.5          21.9 GV~9b05F51
     K17B54J 9C2026 01 13.42079 09 18 38.70 +21 11 05.7          21.9 GV~9b05F51
     K17B54J 9C2026 01 13.44742 09 18 37.41 +21 11 07.8          21.9 GV~9b05F51
     K17B56O 9C2025 11 24.45765 03 29 37.18 +18 57 15.1          22.1 GV~9b06F51
     K17B56O 9C2025 11 24.47185 03 29 36.41 +18 57 12.1          21.9 GV~9b06F51
     K17B56O 9C2025 11 24.48588 03 29 35.64 +18 57 09.0          22.4 GV~9b06F51
     K17B56O 9C2025 11 24.49989 03 29 34.88 +18 57 06.2          22.5 GV~9b06F51
     K17B98N 9C2023 03 25.43370 13 28 54.84 -06 56 19.8          21.7 GV~9b08F52
     K17B98N 9C2023 03 25.45526 13 28 53.96 -06 56 14.0          21.8 GV~9b08F52
     K17B98N 9C2023 03 25.46605 13 28 53.52 -06 56 10.4          21.8 GV~9b08F52
     K17BB4U 9C2026 01 18.41679 09 08 44.20 +10 34 33.9          21.8 GV~9b09F51
     K17BB4U 9C2026 01 18.42790 09 08 43.69 +10 34 38.5          21.5 GV~9b09F51
     K17BB4U 9C2026 01 18.43904 09 08 43.16 +10 34 43.0          21.7 GV~9b09F51
     K17BB4U 9C2026 01 18.45029 09 08 42.62 +10 34 47.5          21.7 GV~9b09F51
     K17BH1Y 9C2026 01 18.42132 09 33 00.70 +12 13 37.7          21.1 GV~9b0FF51
     K17BH1Y 9C2026 01 18.43245 09 33 00.24 +12 13 41.5          21.3 GV~9b0FF51
     K17BH1Y 9C2026 01 18.44361 09 32 59.76 +12 13 45.0                V~9b0FF51
     K17BJ6T 9C2026 01 13.40769 09 23 52.68 +22 34 51.7                V~9b0IF51
     K17BJ6T 9C2026 01 13.42079 09 23 52.11 +22 34 56.6          22.0 GV~9b0IF51
     K17BJ6T 9C2026 01 13.44742 09 23 50.95 +22 35 05.6          22.2 GV~9b0IF51
     K17BO3A 9C2025 11 24.46520 03 55 22.18 +17 20 25.0          22.1 GV~9b0PF51
     K17BO3A 9C2025 11 24.47934 03 55 21.68 +17 20 22.7          22.2 GV~9b0PF51
     K17BO3A 9C2025 11 24.49337 03 55 21.21 +17 20 20.5          21.7 GV~9b0PF51
     K17BO3A 9C2025 11 24.50737 03 55 20.74 +17 20 18.6          21.7 GV~9b0PF51
     K17BR0A 9C2024 08 31.48491 00 18 08.56 +03 56 07.2          22.3 GV~9b0VF51
     K17BR0A 9C2024 08 31.49632 00 18 08.18 +03 56 03.5          22.6 GV~9b0VF51
     K17BR0A 9C2024 08 31.50773 00 18 07.79 +03 55 59.8                V~9b0VF51
     K17BR0A 9C2024 08 31.51915 00 18 07.39 +03 55 56.0          22.4 GV~9b0VF51
     K17C69B 9C2026 01 13.41284 09 49 22.60 +21 13 15.8          22.3 GV~9b0dF51
     K17C69B 9C2026 01 13.42595 09 49 22.13 +21 13 20.1                V~9b0dF51
     K17C69B 9C2026 01 13.43925 09 49 21.65 +21 13 24.8          22.4 GV~9b0dF51
     K17C69B 9C2026 01 13.45264 09 49 21.19 +21 13 29.0          22.3 GV~9b0dF51
     K17DF2A 9C2026 02 13.47925 11 40 17.84 -08 06 09.3          22.0 GV~9b0pF51
     K17DF2A 9C2026 02 13.49336 11 40 17.45 -08 06 06.8          22.2 GV~9b0pF51
     K17DF2A 9C2026 02 13.50762 11 40 17.08 -08 06 04.2          22.2 GV~9b0pF51
     K17DF2A 9C2026 02 13.52173 11 40 16.72 -08 06 01.4          22.0 GV~9b0pF51
     K17DI5S 9C2026 01 13.41284 09 40 48.16 +21 22 42.1          22.2 GV~9b0tF51
     K17DI5S 9C2026 01 13.42595 09 40 47.66 +21 22 47.2          22.7 GV~9b0tF51
     K17DI5S 9C2026 01 13.43925 09 40 47.16 +21 22 52.0          22.0 GV~9b0tF51
     K17DI5S 9C2026 01 13.45264 09 40 46.64 +21 22 57.3          22.3 GV~9b0tF51
     K17FC9A 9C2022 04 25.40754 14 44 59.28 -21 21 53.3          22.0 GV~9b15F52
     K17FC9A 9C2022 04 25.41842 14 44 58.66 -21 21 51.9                V~9b15F52
     K17FC9A 9C2022 04 25.42929 14 44 58.06 -21 21 50.7                V~9b15F52
     K17FP9L 9C2026 01 17.45303 09 53 53.14 +05 37 16.4          22.8 GV~9b1JF51
     K17FP9L 9C2026 01 17.45497 09 53 53.04 +05 37 16.8          22.9 GV~9b1JF51
     K17FP9L 9C2026 01 17.46807 09 53 52.59 +05 37 18.6          22.7 GV~9b1JF51
     K17FP9L 9C2026 01 17.47931 09 53 52.21 +05 37 20.2          22.6 GV~9b1JF51
     K17FP9L 9C2026 01 17.49257 09 53 51.72 +05 37 22.0          22.9 GV~9b1JF51
     K17G16J 9C2026 02 13.47925 11 41 06.96 -07 15 16.3          22.3 GV~9b1KF51
     K17G16J 9C2026 02 13.49336 11 41 06.53 -07 15 14.3          22.8 GV~9b1KF51
     K17G16J 9C2026 02 13.50762 11 41 06.10 -07 15 12.8          22.8 GV~9b1KF51
     K17G16J 9C2026 02 13.52173 11 41 05.67 -07 15 11.0          21.7 GV~9b1KF51
     K17G39H 9C2025 10 19.54726 03 54 56.29 +09 43 01.4          22.9 GV~9b1MF51
     K17G39H 9C2025 10 19.55943 03 54 55.91 +09 42 57.9          23.4 GV~9b1MF51
     K17G39H 9C2025 10 19.57159 03 54 55.55 +09 42 54.6          22.6 GV~9b1MF51
     K17G39H 9C2025 10 19.58378 03 54 55.18 +09 42 50.8          22.1 GV~9b1MF51
     K17HB8Q 9C2022 04 02.48206 13 34 08.28 -01 09 16.5          22.4 GV~9b1SF52
     K17HB8Q 9C2022 04 02.49353 13 34 07.74 -01 09 13.7          22.7 GV~9b1SF52
     K17HB8Q 9C2022 04 02.51654 13 34 06.62 -01 09 08.2                V~9b1SF52
     K17OI0N 9C2026 02 17.40895 09 53 05.15 +05 03 17.4          21.1 GV~9b1jF51
     K17OI0N 9C2026 02 17.42121 09 53 04.55 +05 03 19.6          21.5 GV~9b1jF51
     K17OI0N 9C2026 02 17.43349 09 53 03.93 +05 03 21.1          21.4 GV~9b1jF51
     K17OI0N 9C2026 02 17.44592 09 53 03.28 +05 03 22.9          20.0 GV~9b1jF51
     K17OI2U 9C2026 02 17.40895 09 48 51.57 +06 26 59.1          21.0 GV~9b1jF51
     K17OI2U 9C2026 02 17.42121 09 48 50.92 +06 26 59.9          21.4 GV~9b1jF51
     K17OI2U 9C2026 02 17.43349 09 48 50.24 +06 27 00.7          21.5 GV~9b1jF51
     K17SU9U 9C2026 02 16.57453 11 49 14.98 +07 57 23.1          21.9 GV~9b2ZF51
     K17SU9U 9C2026 02 16.59987 11 49 14.07 +07 57 37.1          22.1 GV~9b2ZF51
     K17SU9U 9C2026 02 16.61269 11 49 13.65 +07 57 44.1          22.4 GV~9b2ZF51
     K17Sc4B 9C2022 08 26.45329 23 05 11.47 -20 19 19.7                V~9b2cF52
     K17Sc4B 9C2022 08 26.46411 23 05 10.97 -20 19 22.5          22.7 GV~9b2cF52
     K17Sc4B 9C2022 08 26.47483 23 05 10.46 -20 19 25.5                V~9b2cF52
     K17Sc4B 9C2022 08 26.48559 23 05 09.95 -20 19 28.8          22.8 GV~9b2cF52
     K17Sc8X 9C2025 08 18.40210 22 01 40.68 -14 57 24.9          22.6 GV~9b2cF51
     K17Sc8X 9C2025 08 18.41496 22 01 40.07 -14 57 34.6                V~9b2cF51
     K17Sc8X 9C2025 08 18.42796 22 01 39.46 -14 57 44.7                V~9b2cF51
     K17X91W 9C2025 11 24.45962 03 35 13.03 +18 31 36.0          21.6 GV~9b3EF51
     K17X91W 9C2025 11 24.47380 03 35 12.17 +18 31 36.5          21.2 GV~9b3EF51
     K17X91W 9C2025 11 24.48782 03 35 11.32 +18 31 37.0          20.8 GV~9b3EF51
     K17X91W 9C2025 11 24.50183 03 35 10.45 +18 31 37.5          20.8 GV~9b3EF51
     K18A87G 9C2025 11 24.45502 03 19 15.64 +21 24 59.5          21.7 GV~9b3YF51
     K18A87G 9C2025 11 24.46926 03 19 14.77 +21 24 56.5          22.2 GV~9b3YF51
     K18A87G 9C2025 11 24.48330 03 19 13.91 +21 24 53.2          21.9 GV~9b3YF51
     K18A87G 9C2025 11 24.49730 03 19 13.08 +21 24 50.4          21.8 GV~9b3YF51
     K18BC9E 9C2021 11 01.38627 03 17 45.48 +13 41 15.9                V~9b3kF51
     K18BC9E 9C2021 11 01.39726 03 17 44.92 +13 41 13.5          22.1 GV~9b3kF51
     K18BC9E 9C2021 11 01.40825 03 17 44.36 +13 41 11.1                V~9b3kF51
     K18BC9E 9C2021 11 01.41927 03 17 43.78 +13 41 09.1          22.1 GV~9b3kF51
     K18BD2K 9C2025 11 24.45632 03 22 02.10 +23 03 11.7          21.6 GV~9b3kF51
     K18BD2K 9C2025 11 24.47055 03 22 01.23 +23 03 09.1          21.5 GV~9b3kF51
     K18BD2K 9C2025 11 24.48458 03 22 00.37 +23 03 06.6          21.6 GV~9b3kF51
     K18F59Y 9C2026 02 16.58115 11 17 17.23 +14 03 24.4          21.8 GV~9b44F51
     K18F59Y 9C2026 02 16.59382 11 17 16.65 +14 03 29.7          21.9 GV~9b44F51
     K18F59Y 9C2026 02 16.60666 11 17 16.08 +14 03 35.1          22.3 GV~9b44F51
     K18F66D 9C2026 01 17.44657 09 24 37.43 +03 14 42.5          22.2 GV~9b44F51
     K18F66D 9C2026 01 17.45965 09 24 36.89 +03 14 44.9          22.4 GV~9b44F51
     K18F66D 9C2026 01 17.48607 09 24 35.77 +03 14 49.3          22.3 GV~9b44F51
     K18G24P 9C2026 02 16.57250 11 34 17.65 +13 49 32.1          21.7 GV~9b49F51
     K18G24P 9C2026 02 16.58517 11 34 17.17 +13 49 40.7          21.8 GV~9b49F51
     K18G24P 9C2026 02 16.59786 11 34 16.77 +13 49 49.7          21.7 GV~9b49F51
     K18G24P 9C2026 02 16.61069 11 34 16.35 +13 49 58.8          22.2 GV~9b49F51
     K18L20U 9C2026 01 13.40705 09 18 45.33 +23 04 47.3                V~9b4LF51
     K18L20U 9C2026 01 13.42015 09 18 44.74 +23 04 55.1                V~9b4LF51
     K18L20U 9C2026 01 13.43340 09 18 44.17 +23 05 02.9          21.9 GV~9b4LF51
     K18L20U 9C2026 01 13.44677 09 18 43.60 +23 05 11.0          21.9 GV~9b4LF51
     K18N83L 9C2025 11 24.46308 03 57 12.11 +23 10 13.6          20.3 GV~9b4YF51
     K18N83L 9C2025 11 24.47726 03 57 11.06 +23 10 10.0          20.5 GV~9b4YF51
     K18N83L 9C2025 11 24.49129 03 57 10.02 +23 10 06.0          20.7 GV~9b4YF51
     K18N83L 9C2025 11 24.50530 03 57 09.00 +23 10 02.3          20.5 GV~9b4YF51
     K18N84M 9C2026 02 17.42121 09 50 41.67 +06 30 57.5          21.2 GV~9b4YF51
     K18N84M 9C2026 02 17.43349 09 50 40.87 +06 30 58.3          21.5 GV~9b4YF51
     K18P46V 9C2026 01 13.41027 09 30 13.06 +17 53 57.5                V~9b4bF51
     K18P46V 9C2026 01 13.42337 09 30 12.57 +17 54 01.9          22.3 GV~9b4bF51
     K18P46V 9C2026 01 13.43665 09 30 12.07 +17 54 06.1          20.5 GV~9b4bF51
     K18P46V 9C2026 01 13.45005 09 30 11.57 +17 54 10.5          21.8 GV~9b4bF51
     K18P72V 9C2026 01 18.41679 09 09 43.54 +10 51 00.3                V~9b4dF51
     K18P72V 9C2026 01 18.42790 09 09 43.06 +10 51 04.4          21.7 GV~9b4dF51
     K18P72V 9C2026 01 18.43904 09 09 42.56 +10 51 08.1          21.6 GV~9b4dF51
     K18P72V 9C2026 01 18.45029 09 09 42.05 +10 51 12.0                V~9b4dF51
     K18PE5B 9C2026 01 13.41156 09 22 16.52 +23 23 41.3          22.5 GV~9b4jF51
     K18PE5B 9C2026 01 13.42466 09 22 15.97 +23 23 47.5          22.4 GV~9b4jF51
     K18PE5B 9C2026 01 13.43795 09 22 15.40 +23 23 53.4          22.6 GV~9b4jF51
     K18PE5B 9C2026 01 13.45135 09 22 14.86 +23 24 00.0          22.9 GV~9b4jF51
     K18PH2O 9C2026 01 13.41617 09 52 43.66 +16 20 35.2          22.2 GV~9b4pF51
     K18PH2O 9C2026 01 13.42928 09 52 43.26 +16 20 42.1          22.5 GV~9b4pF51
     K18PH2O 9C2026 01 13.44257 09 52 42.95 +16 20 48.1                V~9b4pF51
     K18PH2O 9C2026 01 13.45599 09 52 42.56 +16 20 55.6          22.3 GV~9b4pF51
     K18U32G 9C2025 11 24.46095 03 36 08.89 +24 44 21.1          21.3 GV~9b59F51
     K18U32G 9C2025 11 24.47510 03 36 07.98 +24 44 13.9          21.2 GV~9b59F51
     K18U32G 9C2025 11 24.48912 03 36 07.10 +24 44 06.8          21.5 GV~9b59F51
     K18U32G 9C2025 11 24.50312 03 36 06.21 +24 43 59.7          21.6 GV~9b59F51
     K18VK7E 9C2025 11 24.45765 03 24 08.06 +18 42 24.0          22.5 GV~9b5HF51
     K18VK7E 9C2025 11 24.47185 03 24 07.14 +18 42 21.2          22.2 GV~9b5HF51
     K18VK7E 9C2025 11 24.48588 03 24 06.24 +18 42 18.1          22.4 GV~9b5HF51
     K18VK7E 9C2025 11 24.49989 03 24 05.35 +18 42 14.5          22.7 GV~9b5HF51
     K19AF5P 9C2025 11 23.50807 04 11 58.11 +22 43 21.9          22.1 GV~9b5ZF51
     K19AF5P 9C2025 11 23.52180 04 11 57.49 +22 43 19.2          22.7 GV~9b5ZF51
     K19AF5P 9C2025 11 23.53547 04 11 56.88 +22 43 16.0          22.7 GV~9b5ZF51
     K19C34S 9C2023 04 23.43762 14 56 34.29 -17 06 09.6          22.0 GV~9b5iF52
     K19C34S 9C2023 04 23.44851 14 56 33.63 -17 06 06.8                V~9b5iF52
     K19C34S 9C2023 04 23.45941 14 56 32.97 -17 06 03.8                V~9b5iF52
     K19C34S 9C2023 04 23.47033 14 56 32.32 -17 06 01.1          21.7 GV~9b5iF52
     K19D07M 9C2026 01 17.45497 09 54 15.35 +06 51 17.5          22.2 GV~9b5lF51
     K19D07M 9C2026 01 17.46807 09 54 14.87 +06 51 17.7          22.7 GV~9b5lF51
     K19D07M 9C2026 01 17.48126 09 54 14.38 +06 51 18.0          22.2 GV~9b5lF51
     K19D07M 9C2026 01 17.49454 09 54 13.88 +06 51 18.1          22.9 GV~9b5lF51
     K19GK4Y 9C2026 01 11.39166 08 16 14.19 +14 25 28.9          21.4 GV~9b65F51
     K19GK4Y 9C2026 01 11.40317 08 16 13.49 +14 25 29.2          21.3 GV~9b65F51
     K19GK4Y 9C2026 01 11.41465 08 16 12.76 +14 25 29.9          21.2 GV~9b65F51
     K19GK4Y 9C2026 01 11.42618 08 16 12.03 +14 25 30.2          21.6 GV~9b65F51
     K19GK5B 9C2026 01 11.39831 08 55 25.08 +11 30 19.8          22.0 GV~9b66F51
     K19GK5B 9C2026 01 11.40976 08 55 24.50 +11 30 20.9          22.6 GV~9b66F51
     K19GK5B 9C2026 01 11.42127 08 55 23.97 +11 30 22.4          22.0 GV~9b66F51
     K19JE9K 9C2025 11 24.46376 03 53 58.34 +19 39 03.6          21.5 GV~9b6JF51
     K19JE9K 9C2025 11 24.47791 03 53 57.48 +19 39 00.6          21.0 GV~9b6JF51
     K19JE9K 9C2025 11 24.50595 03 53 55.78 +19 38 55.0          21.3 GV~9b6JF51
     K19K82D 9C2025 11 24.45502 03 22 20.47 +21 52 52.8          21.5 GV~9b6QF51
     K19K82D 9C2025 11 24.46926 03 22 19.59 +21 52 51.1          21.7 GV~9b6QF51
     K19K82D 9C2025 11 24.48330 03 22 18.73 +21 52 49.9          21.5 GV~9b6QF51
     K19K82D 9C2025 11 24.49730 03 22 17.89 +21 52 48.3          21.6 GV~9b6QF51
     K19N67R 9C2025 08 18.44915 22 21 46.01 +00 03 05.7                V~9b6bF51
     K19N67R 9C2025 08 18.46055 22 21 45.36 +00 03 06.5                V~9b6bF51
     K19N67R 9C2025 08 18.47199 22 21 44.74 +00 03 07.7                V~9b6bF51
     K19N67R 9C2025 08 18.48340 22 21 44.10 +00 03 08.4          22.4 GV~9b6bF51
     K19NC5P 9C2025 11 24.46029 03 42 16.06 +21 52 19.5          22.2 GV~9b6iF51
     K19NC5P 9C2025 11 24.48847 03 42 14.41 +21 52 14.1          22.4 GV~9b6iF51
     K19NC5P 9C2025 11 24.50247 03 42 13.71 +21 52 10.9          22.6 GV~9b6iF51
     K19O63O 9C2025 11 24.49194 03 50 38.90 +18 38 20.8          20.9 GV~9b6lF51
     K19Q63P 9C2026 01 13.40511 09 01 20.68 +18 39 28.8          22.0 GV~9b6uF51
     K19Q63P 9C2026 01 13.41821 09 01 20.00 +18 39 30.9          22.2 GV~9b6uF51
     K19Q63P 9C2026 01 13.43145 09 01 19.33 +18 39 33.2          22.4 GV~9b6uF51
     K19Q63P 9C2026 01 13.44480 09 01 18.65 +18 39 35.2          22.1 GV~9b6uF51
     K19RC5O 9C2025 11 24.46376 03 48 42.87 +18 17 56.8          21.3 GV~9b73F51
     K19RC5O 9C2025 11 24.47791 03 48 42.13 +18 17 52.8          21.0 GV~9b73F51
     K19RC5O 9C2025 11 24.49194 03 48 41.39 +18 17 48.8          21.0 GV~9b73F51
     K19RC5O 9C2025 11 24.50595 03 48 40.64 +18 17 44.8          21.2 GV~9b73F51
     K19RC7W 9C2025 11 24.45699 03 35 23.70 +20 51 37.2          22.4 GV~9b74F51
     K19RC7W 9C2025 11 24.47120 03 35 22.88 +20 51 38.2          22.1 GV~9b74F51
     K19RC7W 9C2025 11 24.48523 03 35 22.05 +20 51 39.1          22.1 GV~9b74F51
     K19RC7W 9C2025 11 24.49924 03 35 21.16 +20 51 39.6          22.3 GV~9b74F51
     K19RC7X 9C2026 01 11.39166 08 18 57.30 +15 35 56.6          22.1 GV~9b74F51
     K19RC7X 9C2026 01 11.40317 08 18 56.69 +15 35 59.5          21.5 GV~9b74F51
     K19RC7X 9C2026 01 11.42618 08 18 55.45 +15 36 04.5          21.3 GV~9b74F51
     K19S54T 9C2025 11 24.45502 03 20 16.04 +20 31 37.8          21.8 GV~9b77F51
     K19S54T 9C2025 11 24.46926 03 20 15.22 +20 31 38.0          21.7 GV~9b77F51
     K19S54T 9C2025 11 24.48330 03 20 14.43 +20 31 38.3          21.7 GV~9b77F51
     K19S54T 9C2025 11 24.49730 03 20 13.64 +20 31 38.4          21.7 GV~9b77F51
     K19SE6H 9C2026 01 18.41939 09 25 58.05 +13 28 43.3          21.7 GV~9b7CF51
     K19SE6H 9C2026 01 18.43050 09 25 57.58 +13 28 45.8          21.8 GV~9b7CF51
     K19SE6H 9C2026 01 18.44166 09 25 57.07 +13 28 47.7          21.9 GV~9b7CF51
     K19SP2M 9C2026 01 13.40834 09 16 27.19 +19 50 34.5          22.0 GV~9b7JF51
     K19SP2M 9C2026 01 13.43470 09 16 25.96 +19 50 41.3          22.0 GV~9b7JF51
     K19SP2M 9C2026 01 13.44807 09 16 25.38 +19 50 44.8          20.6 GV~9b7JF51
     K19SS0K 9C2025 11 24.46376 03 47 09.19 +18 57 58.0          20.7 GV~9b7LF51
     K19SS0K 9C2025 11 24.47791 03 47 08.48 +18 57 49.4          20.5 GV~9b7LF51
     K19SS0K 9C2025 11 24.49194 03 47 07.76 +18 57 40.9          20.3 GV~9b7LF51
     K19SS0K 9C2025 11 24.50595 03 47 07.05 +18 57 32.4          21.6 GV~9b7LF51
     K19SS1E 9C2025 11 24.46095 03 37 31.12 +25 22 04.6          21.6 GV~9b7LF51
     K19SS1E 9C2025 11 24.47510 03 37 30.25 +25 22 05.2          21.4 GV~9b7LF51
     K19SS1E 9C2025 11 24.48912 03 37 29.36 +25 22 06.1          22.0 GV~9b7LF51
     K19SS1E 9C2025 11 24.50312 03 37 28.52 +25 22 06.6          21.8 GV~9b7LF51
     K19SS5K 9C2025 11 24.48330 03 17 39.37 +21 10 29.7          22.3 GV~9b7LF51
     K19SS9N 9C2022 05 09.43613 15 29 27.81 -08 30 34.5          21.8 GV~9b7QF52
     K19SS9N 9C2022 05 09.44833 15 29 27.16 -08 30 33.0                V~9b7QF52
     K19SS9N 9C2022 05 09.46058 15 29 26.50 -08 30 31.2          21.9 GV~9b7QF52
     K19T29H 9C2025 11 24.46308 03 55 06.67 +23 13 30.2          20.8 GV~9b7UF51
     K19T29H 9C2025 11 24.47726 03 55 05.78 +23 13 31.4          21.1 GV~9b7UF51
     K19T29H 9C2025 11 24.50530 03 55 04.05 +23 13 34.1          21.5 GV~9b7UF51
     K19T47C 9C2024 07 28.44375 22 18 22.88 -13 45 00.4          22.6 GV~9b7VF51
     K19T47C 9C2024 07 28.45478 22 18 22.55 -13 45 08.0          22.9 GV~9b7VF51
     K19T47C 9C2024 07 28.47679 22 18 21.92 -13 45 22.8          22.8 GV~9b7VF51
     K19TA8U 9C2025 11 24.47726 04 00 39.40 +21 41 10.1          21.6 GV~9b7ZF51
     K19TA8Z 9C2025 11 24.46237 04 02 23.24 +24 03 40.4          21.5 GV~9b7ZF51
     K19TA8Z 9C2025 11 24.49054 04 02 21.68 +24 03 27.0          21.8 GV~9b7ZF51
     K19TA8Z 9C2025 11 24.50455 04 02 20.93 +24 03 20.5          22.1 GV~9b7ZF51
     K19U36J 9C2026 01 13.40963 09 21 39.84 +17 29 17.9                V~9b7cF51
     K19U36J 9C2026 01 13.43600 09 21 38.76 +17 29 24.5                V~9b7cF51
     K19U36J 9C2026 01 13.44939 09 21 38.19 +17 29 28.2          22.0 GV~9b7cF51
     K19UA4K 9C2026 01 18.43439 09 44 24.31 +09 11 16.9          21.2 GV~9b7hF51
     K19UA4K 9C2026 01 18.45685 09 44 23.39 +09 11 19.6                V~9b7hF51
     K19UB2P 9C2025 10 19.54726 03 55 35.58 +10 28 54.5          21.9 GV~9b7iF51
     K19UB2P 9C2025 10 19.55943 03 55 35.29 +10 28 49.5          22.5 GV~9b7iF51
     K19UB2P 9C2025 10 19.58378 03 55 34.72 +10 28 39.1          21.9 GV~9b7iF51
     K19UK3C 9C2025 10 13.56521 03 05 51.23 +23 07 49.4          21.7 GV~9b7oF51
     K19UK3C 9C2025 10 13.57946 03 05 50.71 +23 07 51.3          22.1 GV~9b7oF51
     K19UK3C 9C2025 10 13.59365 03 05 50.18 +23 07 54.0          22.3 GV~9b7oF51
     K19UK3C 9C2025 10 13.60787 03 05 49.64 +23 07 56.9          22.3 GV~9b7oF51
     K19UK5K 9C2025 11 24.45632 03 19 48.18 +23 08 27.7          22.5 GV~9b7oF51
     K19UK5K 9C2025 11 24.47055 03 19 47.21 +23 08 30.4          22.3 GV~9b7oF51
     K19UK5K 9C2025 11 24.48458 03 19 46.26 +23 08 32.4          22.6 GV~9b7oF51
     K19UK5K 9C2025 11 24.49859 03 19 45.29 +23 08 35.2          22.4 GV~9b7oF51
     K19V70K 9C2019 10 23.59331 04 04 52.36 +20 38 46.2          22.2 GV~9b80F51
     K19V70K 9C2019 10 23.60392 04 04 52.08 +20 38 40.9                V~9b80F51
     K19V70K 9C2019 10 23.61456 04 04 51.82 +20 38 35.4                V~9b80F51
     K19V70K 9C2019 10 23.62522 04 04 51.51 +20 38 29.8          22.1 GV~9b80F51
     K19W48P 9C2026 01 11.39558 08 40 18.10 +14 33 30.1          21.5 GV~9b87F51
     K19W48P 9C2026 01 11.40709 08 40 17.58 +14 33 33.9          21.2 GV~9b87F51
     K19W48P 9C2026 01 11.41857 08 40 17.06 +14 33 37.6          21.1 GV~9b87F51
     K19W48P 9C2026 01 11.43013 08 40 16.52 +14 33 41.2          21.2 GV~9b87F51
     K19W48Q 9C2019 11 24.59931 04 51 10.26 +17 39 07.6          21.3 GV~9b87F51
     K19W48Q 9C2019 11 24.61213 04 51 09.59 +17 39 05.3                V~9b87F51
     K19W48Q 9C2019 11 24.62493 04 51 08.93 +17 39 02.1          20.9 GV~9b87F51
     K19W48Q 9C2019 11 24.63777 04 51 08.31 +17 38 59.9                V~9b87F51
     K19Y58J 9C2026 01 11.39038 08 06 52.60 +12 50 56.8          21.4 GV~9b8JF51
     K19Y58J 9C2026 01 11.40187 08 06 51.98 +12 50 57.5          21.7 GV~9b8JF51
     K20B87O 9C2026 02 16.57387 11 36 14.20 +10 53 57.7          21.7 GV~9b8YF51
     K20B87O 9C2026 02 16.58654 11 36 13.84 +10 54 05.9          21.7 GV~9b8YF51
     K20B87O 9C2026 02 16.59922 11 36 13.47 +10 54 14.1          21.7 GV~9b8ZF51
     K20B87O 9C2026 02 16.61205 11 36 13.07 +10 54 22.6          21.8 GV~9b8ZF51
     K20BF6W 9C2023 09 14.35106 23 56 56.37 +12 46 03.5          22.2 GV~9b8fF52
     K20BF6W 9C2023 09 14.36264 23 56 55.85 +12 46 01.0          22.3 GV~9b8fF52
     K20BF6W 9C2023 09 14.37410 23 56 55.35 +12 45 59.0          22.2 GV~9b8fF52
     K20BF6W 9C2023 09 14.38570 23 56 54.83 +12 45 56.7                V~9b8fF52
     K20BI2F 9C2020 01 26.52669 09 56 09.75 +20 40 22.6          22.0 GV~9b8jF51
     K20BI2F 9C2020 01 26.54213 09 56 09.00 +20 40 29.6          21.8 GV~9b8jF51
     K20BI2F 9C2020 01 26.55622 09 56 08.33 +20 40 36.0                V~9b8jF51
     K20BI2F 9C2020 01 26.57033 09 56 07.66 +20 40 42.2          21.9 GV~9b8jF51
     K20HL4W 9C2025 11 24.45436 03 10 52.57 +19 24 33.4          22.0 GV~9b95F51
     K20HL4W 9C2025 11 24.46861 03 10 51.76 +19 24 25.5          21.5 GV~9b95F51
     K20HL4W 9C2025 11 24.48265 03 10 50.99 +19 24 17.4          21.5 GV~9b95F51
     K20HL4W 9C2025 11 24.49666 03 10 50.22 +19 24 09.2          21.7 GV~9b95F51
     K20K71A 9C2025 11 24.45765 03 28 11.73 +17 49 43.2          22.5 GV~9b9BF51
     K20K71A 9C2025 11 24.47185 03 28 10.85 +17 49 39.7          22.2 GV~9b9BF51
     K20K71A 9C2025 11 24.48588 03 28 10.00 +17 49 36.1          22.3 GV~9b9BF51
     K20K71A 9C2025 11 24.49989 03 28 09.15 +17 49 32.2          22.4 GV~9b9BF51
     K20M37R 9C2025 10 19.54726 03 53 41.83 +10 08 16.0          22.0 GV~9b9FF51
     K20M37R 9C2025 10 19.55943 03 53 41.41 +10 08 12.9          22.9 GV~9b9FF51
     K20M37R 9C2025 10 19.57159 03 53 40.99 +10 08 09.7          22.4 GV~9b9FF51
     K20M37R 9C2025 10 19.58378 03 53 40.57 +10 08 06.3          22.5 GV~9b9FF51
     K20P12F 9C2025 11 24.46029 03 37 28.99 +20 52 35.1          21.8 GV~9b9UF51
     K20P12F 9C2025 11 24.48847 03 37 27.25 +20 52 32.4          22.1 GV~9b9UF51
     K20P12F 9C2025 11 24.50247 03 37 26.40 +20 52 31.0          22.3 GV~9b9UF51
     K20P89D 9C2025 11 24.45699 03 26 11.69 +21 33 22.4          21.6 GV~9b9bF51
     K20P89D 9C2025 11 24.47120 03 26 10.85 +21 33 21.0          21.2 GV~9b9bF51
     K20P89D 9C2025 11 24.48523 03 26 10.01 +21 33 19.5          21.3 GV~9b9bF51
     K20P89D 9C2025 11 24.49924 03 26 09.19 +21 33 17.9          21.4 GV~9b9bF51
     K20R88A 9C2025 11 24.45962 03 35 56.65 +20 28 02.7          22.1 GV~9b9vF51
     K20R88A 9C2025 11 24.47380 03 35 55.83 +20 27 51.2          22.6 GV~9b9vF51
     K20R88A 9C2025 11 24.48782 03 35 55.07 +20 27 39.8          22.6 GV~9b9vF51
     K20R88A 9C2025 11 24.50183 03 35 54.26 +20 27 29.0          22.6 GV~9b9vF51
     K20R99G 9C2025 11 24.46237 03 54 08.33 +24 31 29.9          21.3 GV~9b9wF51
     K20R99G 9C2025 11 24.47652 03 54 07.47 +24 31 27.5                V~9b9wF51
     K20R99G 9C2025 11 24.49054 03 54 06.59 +24 31 24.6          21.6 GV~9b9wF51
     K20R99G 9C2025 11 24.50455 03 54 05.75 +24 31 22.4          21.9 GV~9b9wF51
     K20RF6U 9C2025 09 16.47147 00 54 08.94 +06 42 39.5          21.3 GV~9bA3F51
     K20RF6U 9C2025 09 16.50229 00 54 07.69 +06 42 31.0          21.3 GV~9bA3F51
     K20RF6U 9C2025 09 16.51435 00 54 07.21 +06 42 27.9          21.2 GV~9bA3F51
     K20RF6U 9C2025 09 16.52644 00 54 06.71 +06 42 24.7          21.2 GV~9bA3F51
     K20RI8F 9C2025 11 24.47726 03 58 03.16 +21 14 30.2          21.6 GV~9bA6F51
     K20S50F 9C2026 01 18.41679 09 11 22.36 +11 09 29.1          21.7 GV~9bAEF51
     K20S50F 9C2026 01 18.42790 09 11 21.71 +11 09 28.5                V~9bAEF51
     K20S50F 9C2026 01 18.45029 09 11 20.36 +11 09 27.4                V~9bAEF51
     K20SD1W 9C2025 11 24.45502 03 22 02.79 +22 22 18.1          22.4 GV~9bAMF51
     K20SD1W 9C2025 11 24.48330 03 22 01.20 +22 22 13.0          22.3 GV~9bAMF51
     K20SD1W 9C2025 11 24.49730 03 22 00.41 +22 22 10.3          22.4 GV~9bAMF51
     K20TA4O 9C2026 01 13.40511 09 03 53.14 +19 13 53.0          22.5 GV~9bAZF51
     K20TA4O 9C2026 01 13.41821 09 03 52.37 +19 13 53.3          23.0 GV~9bAZF51
     K20TA4O 9C2026 01 13.43145 09 03 51.58 +19 13 54.0          22.7 GV~9bAZF51
     K20TA4O 9C2026 01 13.44480 09 03 50.79 +19 13 54.9          23.0 GV~9bAZF51
     K20TA5W 9C2025 11 24.45371 03 11 02.76 +17 28 16.3          21.5 GV~9bAZF51
     K20TA5W 9C2025 11 24.46792 03 11 01.80 +17 27 56.2          20.9 GV~9bAZF51
     K20TA5W 9C2025 11 24.48201 03 11 00.83 +17 27 36.9          22.0 GV~9bAZF51
     K20TA5W 9C2025 11 24.49601 03 10 59.89 +17 27 17.2          21.7 GV~9bAZF51
     K20TC0J 9C2025 11 24.45502 03 20 49.29 +21 36 51.5          21.9 GV~9bAbF51
     K20TC0J 9C2025 11 24.46926 03 20 48.51 +21 36 49.2          22.0 GV~9bAbF51
     K20TC0J 9C2025 11 24.48330 03 20 47.70 +21 36 47.7          21.5 GV~9bAbF51
     K20TC0J 9C2025 11 24.49730 03 20 46.90 +21 36 45.6          21.8 GV~9bAbF51
     K20TC0K 9C2025 11 24.45699 03 25 29.84 +21 41 57.2          22.1 GV~9bAbF51
     K20TC0K 9C2025 11 24.47120 03 25 29.06 +21 41 51.7          22.1 GV~9bAbF51
     K20TC0K 9C2025 11 24.48523 03 25 28.35 +21 41 46.5          22.1 GV~9bAbF51
     K20TC0K 9C2025 11 24.49924 03 25 27.59 +21 41 40.6          21.9 GV~9bAbF51
     K20TC0L 9C2025 11 24.45765 03 28 40.49 +18 53 00.4          21.9 GV~9bAbF51
     K20TC0L 9C2025 11 24.47185 03 28 39.68 +18 52 58.8          22.1 GV~9bAbF51
     K20TC0L 9C2025 11 24.48588 03 28 38.87 +18 52 57.8          22.0 GV~9bAbF51
     K20TC0L 9C2025 11 24.49989 03 28 38.06 +18 52 56.5          22.3 GV~9bAbF51
     K20TC2P 9C2025 08 25.41179 22 20 46.96 -08 18 15.1          21.6 GV~9bAcF51
     K20TC2P 9C2025 08 25.44479 22 20 45.58 -08 18 31.5          21.9 GV~9bAcF51
     K20TC2P 9C2025 08 25.45680 22 20 45.04 -08 18 37.6                V~9bAcF51
     K20TC4U 9C2020 10 15.58196 03 10 49.46 +24 53 26.9          21.6 GV~9bAfF51
     K20TC4U 9C2020 10 15.59463 03 10 49.00 +24 53 24.2          21.8 GV~9bAfF51
     K20TC4U 9C2020 10 15.60729 03 10 48.54 +24 53 21.4          21.7 GV~9bAfF51
     K20TC4U 9C2020 10 15.61997 03 10 48.05 +24 53 18.5          21.8 GV~9bAfF51
     K20U09C 9C2026 01 13.40834 09 15 22.94 +20 17 23.8          21.8 GV~9bAgF51
     K20U09C 9C2026 01 13.42144 09 15 22.29 +20 17 26.5                V~9bAgF51
     K20U09C 9C2026 01 13.43470 09 15 21.65 +20 17 29.1                V~9bAgF51
     K20U09C 9C2026 01 13.44807 09 15 21.01 +20 17 31.7          20.7 GV~9bAgF51
     K20U79W 9C2026 01 13.41027 09 31 24.26 +18 53 30.4                V~9bAnF51
     K20U79W 9C2026 01 13.43665 09 31 23.07 +18 53 37.8          21.9 GV~9bAnF51
     K20U79W 9C2026 01 13.45005 09 31 22.44 +18 53 41.6                V~9bAnF51
     K20U96T 9C2025 11 24.45632 03 27 40.58 +24 14 30.7          21.8 GV~9bArF51
     K20U96T 9C2025 11 24.47055 03 27 39.69 +24 14 30.2          21.5 GV~9bArF51
     K20U96T 9C2025 11 24.48458 03 27 38.78 +24 14 29.9          21.8 GV~9bArF51
     K20U96T 9C2025 11 24.49859 03 27 37.94 +24 14 28.8          21.8 GV~9bArF51
     K20U99D 9C2020 10 15.57995 03 00 21.70 +19 09 07.2          22.6 GV~9bArF51
     K20U99D 9C2020 10 15.59262 03 00 21.14 +19 09 06.6          22.4 GV~9bArF51
     K20U99D 9C2020 10 15.60527 03 00 20.61 +19 09 06.3          22.3 GV~9bArF51
     K20U99D 9C2020 10 15.61792 03 00 20.08 +19 09 05.2                V~9bArF51
     K20U99N 9C2020 10 15.57995 03 03 58.70 +20 09 18.6          22.4 GV~9bAsF51
     K20U99N 9C2020 10 15.59262 03 03 58.12 +20 09 15.8                V~9bAsF51
     K20U99N 9C2020 10 15.60527 03 03 57.55 +20 09 12.5          22.2 GV~9bAsF51
     K20U99Q 9C2026 02 16.57250 11 31 41.09 +15 11 56.0          21.5 GV~9bAtF51
     K20U99Q 9C2026 02 16.58517 11 31 40.54 +15 11 59.4          22.2 GV~9bAtF51
     K20U99Q 9C2026 02 16.59786 11 31 40.00 +15 12 02.8          22.3 GV~9bAtF51
     K20X35S 9C2025 11 24.45699 03 29 37.13 +20 29 33.1          21.2 GV~9bB8F51
     K20X35S 9C2025 11 24.47120 03 29 36.28 +20 29 33.5          21.1 GV~9bB8F51
     K20X35S 9C2025 11 24.48523 03 29 35.46 +20 29 33.9          21.2 GV~9bB8F51
     K20X35S 9C2025 11 24.49924 03 29 34.64 +20 29 34.4          21.2 GV~9bB8F51
     K21A39C 9C2025 11 24.49730 03 21 09.10 +22 18 10.0          21.6 GV~9bBJF51
     K21A39S 9C2025 11 24.49129 03 53 23.76 +23 21 50.3          21.0 GV~9bBJF51
     K21A39S 9C2025 11 24.50530 03 53 23.03 +23 21 43.9          21.1 GV~9bBJF51
     K21B22L 9C2025 11 24.47185 03 27 55.09 +19 22 42.0          22.0 GV~9bBNF51
     K21D27A 9C2021 02 07.44414 10 33 41.98 +05 23 14.7          21.4 GV~9bBgF51
     K21D27A 9C2021 02 07.45611 10 33 41.48 +05 23 18.2                V~9bBgF51
     K21D27C 9C2024 10 24.38259 03 10 32.94 +13 09 54.7          22.2 GV~9bBgF52
     K21D27C 9C2024 10 24.39451 03 10 32.38 +13 09 53.5                V~9bBgF52
     K21D27C 9C2024 10 24.40645 03 10 31.84 +13 09 52.8          22.5 GV~9bBgF52
     K21D27C 9C2024 10 24.41841 03 10 31.27 +13 09 52.2                V~9bBgF52
     K21E20G 9C2026 02 13.47785 11 41 18.33 -01 55 21.7          22.3 GV~9bBkF51
     K21E20G 9C2026 02 13.49195 11 41 17.77 -01 55 21.4          22.5 GV~9bBkF51
     K21E20G 9C2026 02 13.50621 11 41 17.31 -01 55 22.0          22.1 GV~9bBkF51
     K21E62O 9C2026 01 18.42003 09 26 54.72 +09 35 47.4          21.8 GV~9bBrF51
     K21E62O 9C2026 01 18.43115 09 26 54.20 +09 35 45.4          21.5 GV~9bBrF51
     K21E62O 9C2026 01 18.44232 09 26 53.64 +09 35 43.8                V~9bBrF51
     K21GF4X 9C2024 02 12.52559 09 54 09.00 +17 05 50.9                V~9bCMF52
     K21GF4X 9C2024 02 12.53724 09 54 08.16 +17 05 52.8          22.3 GV~9bCMF52
     K21GF4X 9C2024 02 12.54891 09 54 07.32 +17 05 54.3                V~9bCMF52
     K21GF4X 9C2024 02 12.56055 09 54 06.46 +17 05 56.5          22.0 GV~9bCMF52
     K21GL3F 9C2026 02 17.41917 09 33 28.45 +06 51 18.2          21.8 GV~9bCRF51
     K21GL3F 9C2026 02 17.43144 09 33 27.82 +06 51 19.7          21.6 GV~9bCRF51
     K21GL3F 9C2026 02 17.44387 09 33 27.21 +06 51 21.6          21.2 GV~9bCRF51
     K21GO1K 9C2021 04 13.55818 15 27 55.87 -07 50 17.5          21.8 GV~9bCWF51
     K21GO1K 9C2021 04 13.56927 15 27 55.40 -07 50 17.7          21.8 GV~9bCWF51
     K21GO1K 9C2021 04 13.58033 15 27 54.96 -07 50 17.3                V~9bCWF51
     K21GO1K 9C2021 04 13.59138 15 27 54.50 -07 50 17.7                V~9bCWF51
     K21M27S 9C2021 07 04.41377 20 45 33.25 -21 00 56.4                V~9bCtF51
     K21M27S 9C2021 07 04.42413 20 45 32.86 -21 01 01.0                V~9bCtF51
     K21M27S 9C2021 07 04.43451 20 45 32.45 -21 01 06.1          22.5 GV~9bCtF51
     K21M27S 9C2021 07 04.44815 20 45 31.95 -21 01 12.2          22.2 GV~9bCtF51
     K21N95K 9C2025 11 24.46095 03 35 04.58 +25 13 19.0          22.4 GV~9bCyF51
     K21N95K 9C2025 11 24.47510 03 35 03.62 +25 13 15.2          22.6 GV~9bCyF51
     K21N95K 9C2025 11 24.48912 03 35 02.66 +25 13 09.7          22.2 GV~9bCyF51
     K21N95K 9C2025 11 24.50312 03 35 01.71 +25 13 04.5          22.4 GV~9bCyF51
     K21PN1M 9C2025 11 24.45632 03 27 10.36 +24 35 06.2          21.8 GV~9bDEF51
     K21PN1M 9C2025 11 24.47055 03 27 09.41 +24 35 05.3          21.6 GV~9bDEF51
     K21PN1M 9C2025 11 24.49859 03 27 07.54 +24 35 03.7          21.4 GV~9bDEF51
     K21RQ3V 9C2021 08 30.48026 00 23 58.24 -05 18 57.7          21.7 GV~9bDlF51
     K21RQ3V 9C2021 08 30.49282 00 23 57.78 -05 18 59.1          21.7 GV~9bDlF51
     K21RQ3V 9C2021 08 30.50533 00 23 57.33 -05 19 00.7                V~9bDlF51
     K21RQ3V 9C2021 08 30.51787 00 23 56.85 -05 19 02.1          21.9 GV~9bDlF51
     K21S50Y 9C2020 05 19.39713 15 51 27.49 -17 49 23.1          22.1 GV~9bDqF51
     K21S50Y 9C2020 05 19.40849 15 51 26.86 -17 49 20.3                V~9bDqF51
     K21S50Y 9C2020 05 19.41984 15 51 26.23 -17 49 17.4          22.1 GV~9bDqF51
     K21S66W 9C2026 01 18.41679 09 08 18.46 +10 50 24.0          21.5 GV~9bDrF51
     K21S66W 9C2026 01 18.42790 09 08 17.82 +10 50 25.8          21.3 GV~9bDrF51
     K21S66W 9C2026 01 18.43904 09 08 17.16 +10 50 27.2                V~9bDrF51
     K21S92Y 9C2025 08 17.38489 21 17 15.49 -21 33 03.3          21.5 GV~9bDtF51
     K21S92Y 9C2025 08 17.39600 21 17 14.89 -21 33 07.0          21.6 GV~9bDtF51
     K21S92Y 9C2025 08 17.40712 21 17 14.26 -21 33 10.9          21.7 GV~9bDtF51
     K21S92Y 9C2025 08 17.41824 21 17 13.70 -21 33 13.3          20.7 GV~9bDtF51
     K21TL0K 9C2020 05 15.44668 15 40 55.68 -21 09 11.5                V~9bEAF51
     K21TL0K 9C2020 05 15.45767 15 40 55.03 -21 09 10.3          22.0 GV~9bEAF51
     K21TL0K 9C2020 05 15.46879 15 40 54.36 -21 09 08.8          22.3 GV~9bEAF51
     K21TL0K 9C2020 05 15.47976 15 40 53.71 -21 09 07.4          22.4 GV~9bEAF51
     K21TL9G 9C2025 11 24.47185 03 24 18.13 +20 05 42.3          22.4 GV~9bEFF51
     K21TL9G 9C2025 11 24.48588 03 24 17.19 +20 05 41.1          22.4 GV~9bEFF51
     K21TL9G 9C2025 11 24.49989 03 24 16.27 +20 05 40.4          22.3 GV~9bEFF51
     K21U60B 9C2025 11 24.47250 03 19 42.46 +15 15 07.8          21.2 GV~9bEKF51
     K21U60B 9C2025 11 24.48652 03 19 41.43 +15 15 12.9          21.3 GV~9bEKF51
     K21U60B 9C2025 11 24.50054 03 19 40.42 +15 15 17.9          21.0 GV~9bEKF51
     K21UC2M 9C2025 07 21.45604 21 12 48.90 -17 50 30.5          22.2 GV~9bEQF52
     K21UC2M 9C2025 07 21.46561 21 12 48.51 -17 50 32.4          22.3 GV~9bEQF52
     K21UC2M 9C2025 07 21.47519 21 12 48.06 -17 50 36.2                V~9bEQF52
     K21UC2M 9C2025 07 21.48478 21 12 47.64 -17 50 39.4                V~9bEQF52
     K21UE2T 9C2025 10 13.56594 03 04 36.27 +19 39 49.6          22.2 GV~9bESF51
     K21UE2T 9C2025 10 13.58020 03 04 35.68 +19 39 48.3          22.6 GV~9bESF51
     K21UE2T 9C2025 10 13.59440 03 04 35.13 +19 39 46.4          22.8 GV~9bESF51
     K21UE2T 9C2025 10 13.60864 03 04 34.52 +19 39 44.4          22.2 GV~9bESF51
     K21VA1F 9C2025 07 21.45604 21 06 34.73 -18 58 09.0          22.1 GV~9bEgF52
     K21VA1F 9C2025 07 21.46561 21 06 34.30 -18 58 11.3          22.4 GV~9bEgF52
     K21VA1F 9C2025 07 21.47519 21 06 33.87 -18 58 14.2                V~9bEgF52
     K21VA1F 9C2025 07 21.48478 21 06 33.45 -18 58 16.6          22.0 GV~9bEgF52
     K21VC4F 9C2025 11 24.45962 03 34 17.57 +20 09 18.5          22.0 GV~9bEiF51
     K21VC4F 9C2025 11 24.47380 03 34 16.68 +20 09 17.1          22.5 GV~9bEiF51
     K21VC4F 9C2025 11 24.48782 03 34 15.84 +20 09 15.9          22.6 GV~9bEiF51
     K21VC4F 9C2025 11 24.50183 03 34 14.99 +20 09 14.6          22.5 GV~9bEiF51
     K21VC7W 9C2021 11 01.38627 03 17 39.33 +13 52 51.8          22.7 GV~9bEjF51
     K21VC7W 9C2021 11 01.39726 03 17 38.72 +13 52 47.0          22.2 GV~9bEjF51
     K21VC7W 9C2021 11 01.40825 03 17 38.15 +13 52 42.2                V~9bEjF51
     K21VC7W 9C2021 11 01.41927 03 17 37.56 +13 52 37.1                V~9bEjF51
     K21VC8C 9C2021 11 01.39081 03 41 15.79 +12 58 48.2          21.6 GV~9bEkF51
     K21VC8C 9C2021 11 01.42381 03 41 14.12 +12 58 43.7                V~9bEkF51
     K21VC9P 9C2025 11 24.45831 03 25 17.39 +17 29 32.7          22.1 GV~9bEmF51
     K21VC9P 9C2025 11 24.47250 03 25 16.55 +17 29 26.2          22.3 GV~9bEmF51
     K21VC9P 9C2025 11 24.48652 03 25 15.76 +17 29 19.2          22.5 GV~9bEmF51
     K21W16U 9C2025 11 24.46095 03 31 13.97 +23 56 10.6          21.0 GV~9bEoF51
     K21W16U 9C2025 11 24.48912 03 31 12.18 +23 56 05.6          20.8 GV~9bEoF51
     K21W16U 9C2025 11 24.50312 03 31 11.29 +23 56 03.1          21.1 GV~9bEoF51
     K21W18L 9C2025 11 24.46029 03 41 09.15 +21 09 52.3          21.1 GV~9bEoF51
     K21W18L 9C2025 11 24.48847 03 41 07.24 +21 09 51.5          21.1 GV~9bEoF51
     K21W18L 9C2025 11 24.50247 03 41 06.30 +21 09 51.0          21.6 GV~9bEoF51
     K21W18Y 9C2025 11 24.45831 03 17 14.70 +16 04 26.0          21.5 GV~9bEoF51
     K21W18Y 9C2025 11 24.47250 03 17 13.71 +16 04 29.4          21.7 GV~9bEoF51
     K21W18Y 9C2025 11 24.48652 03 17 12.73 +16 04 32.6          21.6 GV~9bEoF51
     K21W18Y 9C2025 11 24.50054 03 17 11.77 +16 04 35.9          21.4 GV~9bEoF51
     K21W19F 9C2025 11 24.46308 04 00 45.94 +22 21 36.8          21.2 GV~9bEoF51
     K21W19F 9C2025 11 24.47726 04 00 45.06 +22 21 29.7          21.1 GV~9bEoF51
     K21W19F 9C2025 11 24.49129 04 00 44.18 +22 21 22.9          21.1 GV~9bEoF51
     K21W19X 9C2025 10 13.56594 03 02 36.59 +18 59 06.4          22.3 GV~9bEoF51
     K21W19X 9C2025 10 13.58020 03 02 36.14 +18 59 05.3          22.0 GV~9bEoF51
     K21W19X 9C2025 10 13.59440 03 02 35.53 +18 59 02.7          22.5 GV~9bEoF51
     K21W19X 9C2025 10 13.60864 03 02 35.03 +18 59 00.5          22.1 GV~9bEoF51
     K21W20L 9C2025 10 13.56594 02 57 48.38 +20 42 41.5          22.4 GV~9bEpF51
     K21W20L 9C2025 10 13.58020 02 57 47.83 +20 42 42.8          21.9 GV~9bEpF51
     K21W20L 9C2025 10 13.59440 02 57 47.29 +20 42 44.8          22.0 GV~9bEpF51
     K21W20L 9C2025 10 13.60864 02 57 46.75 +20 42 46.5          22.4 GV~9bEpF51
     K22A60X 9C2025 11 24.45765 03 32 04.48 +18 34 25.0          21.3 GV~9bF3F51
     K22A60X 9C2025 11 24.47185 03 32 03.66 +18 34 20.9          21.2 GV~9bF3F51
     K22A60X 9C2025 11 24.48588 03 32 02.86 +18 34 16.8          21.3 GV~9bF3F51
     K22A60X 9C2025 11 24.49989 03 32 02.06 +18 34 12.7          21.4 GV~9bF3F51
     K22B71B 9C2025 11 24.46308 03 53 42.01 +21 16 23.0          21.1 GV~9bFJF51
     K22B71B 9C2025 11 24.47726 03 53 41.19 +21 16 20.5          21.7 GV~9bFJF51
     K22B71B 9C2025 11 24.49129 03 53 40.39 +21 16 17.8          21.6 GV~9bFJF51
     K22B71B 9C2025 11 24.50530 03 53 39.58 +21 16 15.4          21.4 GV~9bFJF51
     K22B76T 9C2024 09 25.45147 00 39 35.21 -03 07 03.6          22.4 GV~9bFMF51
     K22B76T 9C2024 09 25.47430 00 39 33.72 -03 07 04.6          22.1 GV~9bFMF51
     K22B77H 9C2025 09 15.39027 00 53 38.23 +14 00 12.8          21.2 GV~9bFNF52
     K22B77H 9C2025 09 15.40055 00 53 37.80 +14 00 12.3          22.3 GV~9bFNF52
     K22B77H 9C2025 09 15.41086 00 53 37.35 +14 00 11.9          22.1 GV~9bFNF52
     K22C50F 9C2022 01 26.50986 10 11 24.37 +02 20 37.3                V~9bFjF52
     K22C50F 9C2022 01 26.52278 10 11 23.86 +02 20 37.4          21.9 GV~9bFjF52
     K22C50F 9C2022 01 26.54862 10 11 22.88 +02 20 37.9                V~9bFjF52
     K22C50M 9C2026 01 13.42015 09 18 07.94 +23 03 29.7          22.1 GV~9bFjF51
     K22C50M 9C2026 01 13.43340 09 18 07.36 +23 03 39.3                V~9bFjF51
     K22C50M 9C2026 01 13.44677 09 18 06.83 +23 03 48.7                V~9bFjF51
     K22D35O 9C2025 11 24.45632 03 23 26.15 +24 06 31.3          21.6 GV~9bFsF51
     K22D35O 9C2025 11 24.47055 03 23 25.37 +24 06 28.2          21.5 GV~9bFsF51
     K22D35O 9C2025 11 24.48458 03 23 24.60 +24 06 25.6          21.5 GV~9bFsF51
     K22D35O 9C2025 11 24.49859 03 23 23.82 +24 06 22.8          21.9 GV~9bFsF51
     K22E21J 9C2026 01 17.38139 08 57 34.94 +12 58 03.8          22.0 GV~9bG4F51
     K22E21J 9C2026 01 17.39462 08 57 34.23 +12 58 04.3          22.0 GV~9bG4F51
     K22E21J 9C2026 01 17.42140 08 57 32.75 +12 58 05.2          21.6 GV~9bG4F51
     K22E35P 9C2026 01 11.39166 08 15 58.04 +15 27 39.5          21.2 GV~9bGAF51
     K22E35P 9C2026 01 11.40317 08 15 57.35 +15 27 38.4          21.2 GV~9bGAF51
     K22E35P 9C2026 01 11.41465 08 15 56.63 +15 27 37.8          21.4 GV~9bGAF51
     K22E35T 9C2022 02 26.39689 11 35 36.90 +11 00 14.6          22.0 GV~9bGBF52
     K22E35T 9C2022 02 26.40911 11 35 36.28 +11 00 20.3                V~9bGBF52
     K22E35T 9C2022 02 26.42127 11 35 35.66 +11 00 25.7          22.0 GV~9bGBF52
     K22E35T 9C2022 02 26.43360 11 35 35.04 +11 00 31.9          22.0 GV~9bGBF52
     K22F22E 9C2022 03 01.46647 12 18 04.34 -09 18 56.0          21.1 GV~9bGGF52
     K22F22E 9C2022 03 01.47671 12 18 03.98 -09 18 52.6          21.0 GV~9bGGF52
     K22F22E 9C2022 03 01.48690 12 18 03.62 -09 18 49.2                V~9bGGF52
     K22L22D 9C2022 05 25.38257 15 57 19.15 -18 48 10.4                V~9bGcF52
     K22L22D 9C2022 05 25.39403 15 57 18.43 -18 48 11.6                V~9bGcF52
     K22L22D 9C2022 05 25.40549 15 57 17.72 -18 48 12.8          21.5 GV~9bGcF52
     K22L22D 9C2022 05 25.41695 15 57 17.01 -18 48 13.9          21.5 GV~9bGcF52
     K22O87G 9C2025 11 24.45765 03 26 12.22 +18 10 58.7          22.7 GV~9bGgF51
     K22O87G 9C2025 11 24.47185 03 26 11.73 +18 10 58.2          22.6 GV~9bGgF51
     K22O87G 9C2025 11 24.48588 03 26 11.24 +18 10 57.7          22.6 GV~9bGgF51
     K22O87G 9C2025 11 24.49989 03 26 10.78 +18 10 57.4          22.6 GV~9bGgF51
     K22SY0L 9C2022 09 22.37567 00 12 41.10 +10 05 39.8          22.9 GV~9bGzF52
     K22SY0L 9C2022 09 22.38671 00 12 40.65 +10 05 35.0          22.6 GV~9bGzF52
     K22SY0L 9C2022 09 22.39763 00 12 40.18 +10 05 30.0                V~9bGzF52
     K22SY0L 9C2022 09 22.40861 00 12 39.72 +10 05 25.2                V~9bGzF52
     K22UH9X 9C2022 10 17.51831 02 30 25.35 +17 30 16.8          20.7 GV~9bHFF52
     K22UH9X 9C2022 10 17.53188 02 30 24.64 +17 30 16.8          20.9 GV~9bHFF52
     K22UH9X 9C2022 10 17.54537 02 30 23.95 +17 30 16.7          20.9 GV~9bHFF52
     K22UH9X 9C2022 10 17.55889 02 30 23.24 +17 30 16.8          20.8 GV~9bHFF52
     K22X11Q 9C2025 11 24.45306 03 08 02.71 +19 05 56.4          22.2 GV~9bHNF51
     K22X11Q 9C2025 11 24.48136 03 08 00.81 +19 05 52.0          21.8 GV~9bHNF51
     K22X11Q 9C2025 11 24.49536 03 07 59.85 +19 05 49.8          22.2 GV~9bHNF51
     K23E17E 9C2025 08 19.49620 23 43 54.45 -00 27 56.7          21.6 GV~9bHUF51
     K23E17E 9C2025 08 19.50754 23 43 54.09 -00 27 59.7          21.8 GV~9bHUF51
     K23E17E 9C2025 08 19.51870 23 43 53.73 -00 28 03.5          22.0 GV~9bHUF51
     K23F12U 9C2026 01 18.43439 09 42 48.34 +09 28 52.7          22.2 GV~9bHUF51
     K23F12U 9C2026 01 18.45685 09 42 47.34 +09 29 00.1          21.8 GV~9bHUF51
     K23H40Y 9C2025 11 24.45632 03 26 22.07 +22 53 18.8          21.8 GV~9bHZF51
     K23H40Y 9C2025 11 24.47055 03 26 21.25 +22 53 13.1          21.7 GV~9bHZF51
     K23H40Y 9C2025 11 24.48458 03 26 20.47 +22 53 07.1          21.7 GV~9bHZF51
     K23H40Y 9C2025 11 24.49859 03 26 19.68 +22 53 01.3          21.7 GV~9bHZF51
     K23J39T 9C2024 09 05.49785 00 08 15.44 -01 43 43.5          22.4 GV~9bHbF51
     K23J39T 9C2024 09 05.50848 00 08 14.88 -01 43 45.4          22.5 GV~9bHbF51
     K23J39T 9C2024 09 05.51911 00 08 14.30 -01 43 47.5                V~9bHbF51
     K23QD4D 9C2025 10 13.56521 02 55 28.31 +21 49 16.7          21.8 GV~9bHvF51
     K23QD4D 9C2025 10 13.57946 02 55 27.90 +21 49 13.8          22.0 GV~9bHvF51
     K23QD4D 9C2025 10 13.59365 02 55 27.53 +21 49 12.7          22.1 GV~9bHvF51
     K23QD4D 9C2025 10 13.60787 02 55 27.09 +21 49 10.0          22.2 GV~9bHvF51
     K23U93S 9C2023 10 11.43342 01 48 50.27 +04 14 58.2                V~9bIIF51
     K23U93S 9C2023 10 11.44612 01 48 49.38 +04 14 52.4          22.2 GV~9bIIF51
     K23U93S 9C2023 10 11.47155 01 48 47.61 +04 14 40.6          22.4 GV~9bIIF51
     K24E16Y 9C2024 03 06.36858 11 15 49.23 +09 53 53.4          22.3 GV~9bISF51
     K24E16Y 9C2024 03 06.38029 11 15 48.55 +09 53 56.5          22.2 GV~9bISF51
     K24E16Y 9C2024 03 06.39202 11 15 47.92 +09 54 00.1                V~9bISF51
     K24H19M 9C2025 11 24.45632 03 26 58.34 +23 40 00.7          21.9 GV~9bIXF51
     K24H19M 9C2025 11 24.47055 03 26 57.30 +23 40 01.7          21.6 GV~9bIXF51
     K24H19M 9C2025 11 24.48458 03 26 56.25 +23 40 02.7          21.8 GV~9bIXF51
     K24H19M 9C2025 11 24.49859 03 26 55.25 +23 40 04.1          22.2 GV~9bIXF51
     K24H19X 9C2025 11 24.45831 03 21 35.71 +17 43 52.6          22.4 GV~9bIYF51
     K24H19X 9C2025 11 24.47250 03 21 34.77 +17 43 49.5          22.0 GV~9bIYF51
     K24H19X 9C2025 11 24.48652 03 21 33.82 +17 43 46.5          22.5 GV~9bIYF51
     K24J20V 9C2025 08 25.44004 22 38 15.72 -02 10 10.0          21.4 GV~9bIZF51
     K24J20V 9C2025 08 25.45206 22 38 15.13 -02 10 13.5                V~9bIZF51
     K24J20V 9C2025 08 25.46409 22 38 14.56 -02 10 16.8          21.9 GV~9bIZF51
     K24J43C 9C2020 08 12.38286 22 07 15.10 -11 50 20.5          22.4 GV~9bIaF51
     K24J43C 9C2020 08 12.39321 22 07 14.67 -11 50 24.8                V~9bIaF51
     K24J43C 9C2020 08 12.40355 22 07 14.19 -11 50 28.5          22.4 GV~9bIaF51
     K24J43C 9C2020 08 12.41388 22 07 13.70 -11 50 32.3          22.3 GV~9bIaF51
     K24J45X 9C2023 01 22.40835 09 37 03.94 +22 41 45.7          22.1 GV~9bIbF52
     K24J45X 9C2023 01 22.42195 09 37 03.37 +22 41 51.4          22.2 GV~9bIbF52
     K24J45X 9C2023 01 22.44924 09 37 02.23 +22 42 03.7                V~9bIbF52
     K24J62E 9C2025 11 24.47726 03 53 24.95 +22 27 23.8          21.8 GV~9bIcF51
     K24J67O 9C2024 05 08.43412 15 05 36.33 -19 01 40.1          22.0 GV~9bIdF51
     K24J67O 9C2024 05 08.44494 15 05 35.15 -19 01 48.7          21.9 GV~9bIdF51
     K24J67O 9C2024 05 08.45577 15 05 33.98 -19 01 56.7                V~9bIdF51
     K24J67V 9C2025 11 24.45831 03 27 44.26 +16 24 02.5          22.2 GV~9bIdF51
     K24J67V 9C2025 11 24.47250 03 27 43.42 +16 23 57.2          22.2 GV~9bIdF51
     K24J67V 9C2025 11 24.48652 03 27 42.60 +16 23 51.6          22.2 GV~9bIdF51
     K24J67V 9C2025 11 24.50054 03 27 41.82 +16 23 46.4          21.9 GV~9bIdF51
     K24K10R 9C2025 11 24.46308 03 53 13.05 +21 08 23.4          20.7 GV~9bIeF51
     K24K10R 9C2025 11 24.47726 03 53 11.74 +21 08 31.0          20.8 GV~9bIeF51
     K24K10R 9C2025 11 24.50530 03 53 09.18 +21 08 45.7          21.0 GV~9bIeF51
     K24N02X 9C2026 01 17.44657 09 21 34.06 +02 57 28.3          22.5 GV~9bIhF51
     K24N02X 9C2026 01 17.45965 09 21 33.22 +02 57 25.0          22.2 GV~9bIhF51
     K24N02X 9C2026 01 17.47282 09 21 32.35 +02 57 21.5          22.4 GV~9bIhF51
     K24N02X 9C2026 01 17.48607 09 21 31.52 +02 57 18.2          22.2 GV~9bIhF51
     K24O09T 9C2025 10 30.32316 02 30 22.52 +18 53 55.6          21.2 GV~9bIjF51
     K24O09T 9C2025 10 30.33351 02 30 22.04 +18 53 51.5          20.9 GV~9bIjF51
     K24O09T 9C2025 10 30.34388 02 30 21.60 +18 53 48.7          21.3 GV~9bIjF51
     K24O09T 9C2025 10 30.35428 02 30 21.08 +18 53 44.1          20.8 GV~9bIjF51
     K24P30Q 9C2023 04 24.48046 15 06 38.09 -07 17 18.5          22.8 GV~9bInF52
     K24P30Q 9C2023 04 24.49268 15 06 37.50 -07 17 15.3                V~9bInF52
     K24P30Q 9C2023 04 24.51705 15 06 36.31 -07 17 09.2          22.3 GV~9bInF52
     K24P40E 9C2024 07 28.44505 22 13 45.14 -09 14 34.4          22.6 GV~9bIoF51
     K24P40E 9C2024 07 28.45607 22 13 44.75 -09 14 36.5                V~9bIoF51
     K24P40E 9C2024 07 28.46707 22 13 44.36 -09 14 38.7                V~9bIoF51
     K24P40E 9C2024 07 28.47808 22 13 43.96 -09 14 41.1          22.8 GV~9bIoF51
     K24R15C 9C2026 01 13.41156 09 21 39.55 +23 47 35.5          22.5 GV~9bIsF51
     K24R15C 9C2026 01 13.42466 09 21 38.90 +23 47 38.4          22.4 GV~9bIsF51
     K24R15C 9C2026 01 13.45135 09 21 37.57 +23 47 44.4          23.0 GV~9bIsF51
     K24RA0Q 9C2026 02 13.48196 11 45 59.52 +00 32 24.4          22.1 GV~9bIwF51
     K24RA0Q 9C2026 02 13.49622 11 45 59.07 +00 32 29.5          22.1 GV~9bIwF51
     K24RA0Q 9C2026 02 13.51033 11 45 58.66 +00 32 35.3          22.7 GV~9bIwF51
     K24RA0Q 9C2026 02 13.52444 11 45 58.24 +00 32 40.8          21.8 GV~9bIwF51
     K24RG7Q 9C2026 02 16.57113 11 26 18.03 +08 25 07.7          21.9 GV~9bJ0F51
     K24RG7Q 9C2026 02 16.58383 11 26 17.36 +08 25 08.7          21.6 GV~9bJ0F51
     K24RG7Q 9C2026 02 16.59652 11 26 16.73 +08 25 10.8          21.7 GV~9bJ0F51
     K24RL0S 9C2025 11 24.45699 03 27 22.79 +22 37 05.2          22.4 GV~9bJ4F51
     K24RL0S 9C2025 11 24.47120 03 27 22.33 +22 37 03.5          22.5 GV~9bJ4F51
     K24RL0S 9C2025 11 24.48523 03 27 21.82 +22 37 01.7          22.1 GV~9bJ4F51
     K24RL2V*9C2024 09 05.50516 00 44 46.80 -05 44 28.7          22.2 GV~9bJ6F51
     K24RL2V 9C2024 09 05.51579 00 44 46.39 -05 44 30.8          22.0 GV~9bJ6F51
     K24RL2V 9C2024 09 05.52641 00 44 46.00 -05 44 33.2                V~9bJ6F51
     K24RL2V 9C2024 09 05.55242 00 44 45.04 -05 44 38.0          22.2 GV~9bJ6F51
     K24RL3S 9C2024 09 03.43069 23 25 04.64 -10 46 00.1          21.6 GV~9bJ8F52
     K24RL3S 9C2024 09 03.44203 23 25 04.06 -10 46 03.5          21.7 GV~9bJ8F52
     K24RL4E 9C2024 09 05.49979 00 26 33.25 -06 44 29.6          22.4 GV~9bJ9F51
     K24RL4E 9C2024 09 05.51042 00 26 32.71 -06 44 30.9          22.3 GV~9bJ9F51
     K24RL4E 9C2024 09 05.52103 00 26 32.20 -06 44 32.2                V~9bJ9F51
     K24RL4F 9C2024 08 31.48491 00 22 46.40 +02 53 36.5          22.7 GV~9bJ9F51
     K24RL4F 9C2024 08 31.49632 00 22 45.93 +02 53 34.0          22.8 GV~9bJ9F51
     K24RL4F 9C2024 08 31.50773 00 22 45.45 +02 53 31.6          22.8 GV~9bJ9F51
     K24RL4F 9C2024 08 31.51915 00 22 44.97 +02 53 29.5          22.8 GV~9bJ9F51
     K24S71T 9C2026 01 17.44657 09 15 33.23 +01 45 04.7          22.5 GV~9bJEF51
     K24S71T 9C2026 01 17.45965 09 15 32.72 +01 45 05.7          22.4 GV~9bJEF51
     K24S71T 9C2026 01 17.47282 09 15 32.14 +01 45 06.4          22.7 GV~9bJEF51
     K24S71T 9C2026 01 17.48607 09 15 31.59 +01 45 07.6          22.5 GV~9bJEF51
     K24S81W 9C2024 09 25.46095 00 29 11.49 -04 58 23.9          22.2 GV~9bJGF51
     K24S81W 9C2024 09 25.47235 00 29 10.87 -04 58 30.2                V~9bJGF51
     K24S81W 9C2024 09 25.48374 00 29 10.24 -04 58 36.3          22.4 GV~9bJGF51
     K24S82A 9C2024 09 27.50884 01 31 19.02 +01 05 49.6          22.5 GV~9bJGF52
     K24S82A 9C2024 09 27.52026 01 31 18.58 +01 05 44.9          22.5 GV~9bJGF52
     K24S82A 9C2024 09 27.53164 01 31 18.18 +01 05 39.9                V~9bJGF52
     K24T16P 9C2026 01 17.45497 10 01 02.15 +06 57 55.2          22.6 GV~9bJIF51
     K24T16P 9C2026 01 17.46807 10 01 01.67 +06 57 56.4          22.4 GV~9bJIF51
     K24T16P 9C2026 01 17.48126 10 01 01.21 +06 57 58.1          22.3 GV~9bJIF51
     K24T16P 9C2026 01 17.49454 10 01 00.73 +06 57 59.1          22.2 GV~9bJIF51
     K24T53O 9C2026 01 18.41743 09 15 12.55 +09 04 33.0          22.1 GV~9bJLF51
     K24T53O 9C2026 01 18.43968 09 15 11.47 +09 04 35.9          21.9 GV~9bJLF51
     K24T53O 9C2026 01 18.45093 09 15 10.93 +09 04 37.5                V~9bJLF51
     K24T86A 9C2025 11 24.46029 03 39 05.86 +21 33 34.8          22.6 GV~9bJNF51
     K24T86A 9C2025 11 24.47445 03 39 05.42 +21 33 33.4          22.4 GV~9bJNF51
     K24T86A 9C2025 11 24.48847 03 39 04.93 +21 33 31.3          22.7 GV~9bJNF51
     K24T86A 9C2025 11 24.50247 03 39 04.45 +21 33 29.0          22.8 GV~9bJNF51
     K24T87S 9C2024 10 08.33271 01 06 12.31 +16 47 18.2                V~9bJPF51
     K24T87S 9C2024 10 08.34401 01 06 11.68 +16 47 16.8          22.5 GV~9bJPF51
     K24T87S 9C2024 10 08.35536 01 06 11.04 +16 47 14.9          22.7 GV~9bJPF51
     K24T87S 9C2024 10 08.36681 01 06 10.37 +16 47 14.0          22.8 GV~9bJPF51
     K24U61L 9C2024 09 29.51747 01 59 34.24 +10 31 01.7          22.5 GV~9bJbF52
     K24U61L 9C2024 09 29.54695 01 59 32.97 +10 30 57.4          22.8 GV~9bJbF52
     K24U61L 9C2024 09 29.56171 01 59 32.31 +10 30 55.0                V~9bJbF52
     K24U61Y 9C2024 10 08.34000 01 43 44.72 +08 51 26.7          22.7 GV~9bJcF51
     K24U61Y 9C2024 10 08.35132 01 43 44.06 +08 51 23.7          22.9 GV~9bJcF51
     K24U61Y 9C2024 10 08.36274 01 43 43.39 +08 51 20.1          22.6 GV~9bJcF51
     K24U61Y 9C2024 10 08.37410 01 43 42.70 +08 51 16.9                V~9bJcF51
     K24U62A 9C2026 01 18.41874 09 15 27.57 +14 24 56.1          21.3 GV~9bJdF51
     K24U62A 9C2026 01 18.44101 09 15 26.49 +14 24 59.3                V~9bJdF51
     K24U62A 9C2026 01 18.45227 09 15 25.95 +14 25 00.5                V~9bJdF51
     K24WA9A 9C2024 11 22.53958 04 43 58.82 +15 12 23.5          22.7 GV~9bJmF52
     K24WA9A 9C2024 11 22.55171 04 43 58.14 +15 12 24.8          22.3 GV~9bJmF52
     K24WA9A 9C2024 11 22.56387 04 43 57.48 +15 12 26.3                V~9bJmF52
     K24WA9A 9C2024 11 22.57604 04 43 56.80 +15 12 27.0                V~9bJmF52
     K24WA9C 9C2024 11 27.35692 04 57 42.70 +14 28 54.9                V~9bJmF52
     K24WA9C 9C2024 11 27.36845 04 57 42.13 +14 28 50.6          22.6 GV~9bJmF52
     K24WA9C 9C2024 11 27.37993 04 57 41.53 +14 28 46.5          22.3 GV~9bJmF52
     K24WA9C 9C2024 11 27.39139 04 57 40.99 +14 28 42.5                V~9bJmF52
     K24WA9T 9C2026 02 13.47256 11 21 25.17 -01 15 18.5          22.0 GV~9bJnF51
     K24WA9T 9C2026 02 13.48664 11 21 24.71 -01 15 17.2          22.3 GV~9bJnF51
     K24WA9T 9C2026 02 13.50093 11 21 24.17 -01 15 15.6          22.6 GV~9bJnF51
     K24WA9T 9C2026 02 13.51505 11 21 23.67 -01 15 14.1          22.2 GV~9bJnF51
     K24X49Z 9C2024 11 22.55108 04 42 40.71 +18 45 26.7          22.4 GV~9bJqF52
     K24X49Z 9C2024 11 22.57541 04 42 39.06 +18 45 25.0          22.8 GV~9bJqF52
     K24X50A 9C2024 11 22.53307 04 20 28.95 +18 43 24.4          22.6 GV~9bJqF52
     K24X50A 9C2024 11 22.54530 04 20 28.28 +18 43 22.5          23.1 GV~9bJqF52
     K24X50A 9C2024 11 22.56961 04 20 26.95 +18 43 19.1          22.6 GV~9bJqF52
     K24X50B 9C2024 11 22.54021 04 45 35.43 +18 29 44.4          22.9 GV~9bJqF52
     K24X50B 9C2024 11 22.55235 04 45 34.81 +18 29 44.3          23.0 GV~9bJqF52
     K24X50D 9C2024 11 22.53438 04 35 06.16 +19 35 02.1          22.7 GV~9bJqF52
     K24X50D 9C2024 11 22.54664 04 35 05.38 +19 34 58.0          22.8 GV~9bJqF52
     K24X50D 9C2024 11 22.55878 04 35 04.58 +19 34 53.7          22.6 GV~9bJqF52
     K24X50D 9C2024 11 22.57093 04 35 03.79 +19 34 49.5          22.9 GV~9bJqF52
     K25D68D 9C2025 02 05.44022 11 20 25.07 +14 30 48.7          22.2 GV~9bJzF52
     K25D68D 9C2025 02 05.45176 11 20 24.59 +14 30 49.4          22.3 GV~9bJzF52
     K25D68D 9C2025 02 05.46333 11 20 24.14 +14 30 50.3          22.2 GV~9bJzF52
     K25MA1B 9C2025 05 27.45075 16 53 27.85 -14 04 07.2                V~9bLSF51
     K25MA1B 9C2025 05 27.46326 16 53 27.21 -14 04 07.5                V~9bLSF51
     K25MA1B 9C2025 05 27.47446 16 53 26.66 -14 04 07.7          22.1 GV~9bLSF51
     K25MA1B 9C2025 05 27.48565 16 53 26.13 -14 04 08.3          21.9 GV~9bLSF51
     K25MA3U 9C2021 11 11.48693 04 00 20.71 +04 45 51.9          22.8 GV~9bLaF51
     K25MA3U 9C2021 11 11.49820 04 00 20.19 +04 45 49.5                V~9bLaF51
     K25MA3U 9C2021 11 11.50943 04 00 19.64 +04 45 46.9          22.9 GV~9bLaF51
     K25MA3U 9C2021 11 11.52062 04 00 19.12 +04 45 44.6                V~9bLaF51
     K25MA7C 9C2021 10 30.39731 02 26 20.44 +00 57 30.3                V~9bLjF51
     K25MA7C 9C2021 10 30.41748 02 26 19.46 +00 57 25.0          21.4 GV~9bLjF51
     K25MA7C 9C2021 10 30.43015 02 26 18.81 +00 57 21.8                V~9bLkF51
     K25MA7C 9C2021 10 30.44287 02 26 18.18 +00 57 19.1          21.4 GV~9bLkF51
     K25MA9N 9C2021 03 15.48324 12 54 29.08 -15 29 04.0          21.4 GV~9bLqF51
     K25MA9N 9C2021 03 15.49933 12 54 28.38 -15 28 58.1                V~9bLqF51
     K25MA9N 9C2021 03 15.51117 12 54 27.90 -15 28 54.3          21.7 GV~9bLqF51
     K25MA9N 9C2021 03 15.52298 12 54 27.40 -15 28 50.0          21.5 GV~9bLqF51
     K25MA9V 9C2020 05 15.44989 15 40 58.84 -17 40 51.0          21.4 GV~9bLrF51
     K25MA9V 9C2020 05 15.46106 15 40 58.23 -17 40 47.7                V~9bLrF51
     K25MA9V 9C2020 05 15.47200 15 40 57.60 -17 40 44.5          21.6 GV~9bLrF51
     K25MA9V 9C2020 05 15.48297 15 40 57.01 -17 40 41.1                V~9bLrF51
     K25MB1S 9C2025 07 20.45064 21 00 25.15 -24 57 49.7          22.0 GV~9bLwF52
     K25MB1S 9C2025 07 20.46142 21 00 24.68 -24 57 53.8                V~9bLwF52
     K25MB1S 9C2025 07 20.47223 21 00 24.18 -24 57 58.1          22.1 GV~9bLwF52
     K25MB1S 9C2025 07 20.48302 21 00 23.68 -24 58 02.8          22.2 GV~9bLwF52
     K25MB1V 9C2021 08 03.45717 22 27 52.51 +03 02 29.2          22.1 GV~9bLxF51
     K25MB1V 9C2021 08 03.46875 22 27 52.09 +03 02 27.6                V~9bLxF51
     K25MB1V 9C2021 08 03.48035 22 27 51.70 +03 02 26.4                V~9bLxF51
     K25MB4E 9C2024 03 06.35489 11 28 56.81 +08 25 39.6          22.3 GV~9bM3F51
     K25MB4E 9C2024 03 06.36663 11 28 56.24 +08 25 44.2                V~9bM3F51
     K25MB4K 9C2020 04 19.48571 14 56 54.10 -10 09 17.1          22.1 GV~9bM3F51
     K25MB4K 9C2020 04 19.49841 14 56 53.51 -10 09 13.3          22.0 GV~9bM3F51
     K25MB4K 9C2020 04 19.51111 14 56 52.94 -10 09 09.2                V~9bM3F51
     K25MB7N 9C2020 05 15.46106 15 42 27.86 -17 26 52.7          21.7 GV~9bMCF51
     K25MB7N 9C2020 05 15.47200 15 42 27.21 -17 26 51.8                V~9bMCF51
     K25MB7N 9C2020 05 15.48297 15 42 26.57 -17 26 50.6                V~9bMCF51
     K25MB7Q 9C2020 08 12.33912 21 46 47.63 -04 43 31.0                V~9bMDF51
     K25MB7Q 9C2020 08 12.35012 21 46 47.09 -04 43 32.3                V~9bMDF51
     K25MB7Q 9C2020 08 12.36109 21 46 46.54 -04 43 34.0          22.3 GV~9bMDF51
     K25MB7Q 9C2020 08 12.37210 21 46 45.99 -04 43 34.8          22.1 GV~9bMDF51
     K25MC0K 9C2025 07 21.45923 21 18 07.94 -18 06 12.5                V~9bMUF52
     K25MC0K 9C2025 07 21.46880 21 18 07.49 -18 06 13.1          22.1 GV~9bMUF52
     K25MC0K 9C2025 07 21.47839 21 18 07.06 -18 06 14.1          21.8 GV~9bMUF52
     K25MC0K 9C2025 07 21.48801 21 18 06.60 -18 06 14.9          21.9 GV~9bMUF52
     K25MC0O 9C2025 08 17.38618 21 06 54.30 -18 01 35.6          20.7 GV~9bMVF51
     K25MC0O 9C2025 08 17.39731 21 06 53.87 -18 01 37.5          21.6 GV~9bMVF51
     K25MC0O 9C2025 08 17.40842 21 06 53.43 -18 01 39.3          21.8 GV~9bMVF51
     K25MC0O 9C2025 08 17.41954 21 06 52.95 -18 01 40.6          21.4 GV~9bMVF51
     K25MC2S 9C2025 06 01.47222 16 26 40.73 -14 16 52.2          22.1 GV~9bMdF51
     K25MC2S 9C2025 06 01.48387 16 26 39.97 -14 16 50.7                V~9bMdF51
     K25MC2S 9C2025 06 01.50724 16 26 38.49 -14 16 47.7          22.3 GV~9bMdF51
     K25MC4J 9C2025 05 27.46196 16 38 19.47 -13 26 51.8          22.3 GV~9bMiF51
     K25MC4J 9C2025 05 27.47317 16 38 18.75 -13 26 49.8                V~9bMiF51
     K25MC4J 9C2025 05 27.48435 16 38 18.01 -13 26 48.2          22.0 GV~9bMiF51
     K25MC5K 9C2025 07 26.44240 20 52 20.72 -18 10 06.3          22.2 GV~9bMlF51
     K25MC5K 9C2025 07 26.45267 20 52 20.17 -18 10 06.7          22.0 GV~9bMlF51
     K25MC5K 9C2025 07 26.46297 20 52 19.60 -18 10 07.0                V~9bMlF51
     K25MC5K 9C2025 07 26.47323 20 52 19.04 -18 10 07.4                V~9bMmF51
     K25MC5L 9C2021 11 11.49352 04 36 43.52 +07 30 01.9          22.2 GV~9bMmF51
     K25MC5L 9C2021 11 11.50478 04 36 43.01 +07 30 00.1          22.1 GV~9bMmF51
     K25MC5L 9C2021 11 11.51601 04 36 42.54 +07 29 58.7          22.4 GV~9bMmF51
     K25MC9W 9C2019 02 04.37582 09 21 19.66 +18 38 33.6          21.9 GV~9bMzF51
     K25MC9W 9C2019 02 04.38899 09 21 18.82 +18 38 36.4          21.8 GV~9bMzF51
     K25MC9W 9C2019 02 04.40222 09 21 18.03 +18 38 38.6          21.5 GV~9bMzF51
     K25MD1N 9C2024 03 19.49178 13 18 43.24 -14 08 42.5          23.1 GV~9bN4F51
     K25MD1N 9C2024 03 19.50360 13 18 42.76 -14 08 40.0                V~9bN4F51
     K25MD1N 9C2024 03 19.51541 13 18 42.28 -14 08 37.4          22.8 GV~9bN4F51
     K25MD1N 9C2024 03 19.52723 13 18 41.80 -14 08 35.2          22.9 GV~9bN4F51
     K25MD2B 9C2025 07 27.43719 20 42 50.26 -26 34 44.3          22.7 GV~9bN5F52
     K25MD2B 9C2025 07 27.44481 20 42 49.87 -26 34 46.8          22.5 GV~9bN5F52
     K25MD2B 9C2025 07 27.45245 20 42 49.49 -26 34 49.2          22.6 GV~9bN5F52
     K25MD2B 9C2025 07 27.46008 20 42 49.11 -26 34 51.6          22.5 GV~9bN5F52
     K25MD4A 9C2025 05 26.44577 16 31 47.76 -23 13 04.9          21.9 GV~9bNAF51
     K25MD4A 9C2025 05 26.45362 16 31 47.23 -23 13 06.5          21.8 GV~9bNAF51
     K25MD5O 9C2020 08 13.42305 22 35 09.43 -01 01 09.9          21.8 GV~9bNDF51
     K25MD5O 9C2020 08 13.43477 22 35 08.90 -01 01 10.5          22.0 GV~9bNDF51
     K25ME0N 9C2025 07 27.44035 20 51 53.17 -24 42 41.9          22.7 GV~9bNNF52
     K25ME0N 9C2025 07 27.44798 20 51 52.81 -24 42 44.8          22.7 GV~9bNNF52
     K25ME0N 9C2025 07 27.45561 20 51 52.44 -24 42 48.3          22.7 GV~9bNNF52
     K25ME0N 9C2025 07 27.46324 20 51 52.07 -24 42 51.6          22.8 GV~9bNNF52
     K25ME1R 9C2025 07 27.43655 20 29 56.03 -22 41 43.5          22.1 GV~9bNQF52
     K25ME1R 9C2025 07 27.44418 20 29 55.62 -22 41 45.4          21.9 GV~9bNQF52
     K25ME1R 9C2025 07 27.45181 20 29 55.20 -22 41 47.1                V~9bNQF52
     K25ME1R 9C2025 07 27.45945 20 29 54.78 -22 41 48.8          22.1 GV~9bNQF52
     K25ME4K 9C2020 09 17.41450 01 03 29.13 +17 50 05.3                V~9bNXF51
     K25ME4K 9C2020 09 17.42875 01 03 28.52 +17 50 02.3          22.4 GV~9bNXF51
     K25ME4K 9C2020 09 17.44299 01 03 27.94 +17 49 58.9          22.4 GV~9bNXF51
     K25ME4K 9C2020 09 17.45726 01 03 27.37 +17 49 56.1                V~9bNXF51
     K25ME9D 9C2025 05 26.46340 16 40 40.72 -16 19 21.5          21.9 GV~9bNlF51
     K25ME9D 9C2025 05 26.47124 16 40 40.31 -16 19 18.8          21.5 GV~9bNlF51
     K25ME9Q 9C2021 10 03.55076 02 30 01.55 +04 51 36.7          22.0 GV~9bNmF51
     K25ME9Q 9C2021 10 03.56267 02 30 01.12 +04 51 32.7                V~9bNmF51
     K25ME9Q 9C2021 10 03.57455 02 30 00.74 +04 51 28.9                V~9bNmF51
     K25MF0D 9C2020 08 14.53914 23 20 31.80 -07 37 00.0                V~9bNnF51
     K25MF0D 9C2020 08 14.55030 23 20 31.40 -07 37 02.9          22.0 GV~9bNnF51
     K25MF0D 9C2020 08 14.56149 23 20 30.97 -07 37 05.6          22.4 GV~9bNnF51
     K25MF0D 9C2020 08 14.57270 23 20 30.59 -07 37 08.8                V~9bNnF51
     K25MF0K 9C2025 08 17.38489 21 15 01.41 -21 27 04.6          21.0 GV~9bNoF51
     K25MF0K 9C2025 08 17.39600 21 15 00.75 -21 27 08.7          21.6 GV~9bNoF51
     K25MF0K 9C2025 08 17.40712 21 15 00.08 -21 27 13.7          21.8 GV~9bNoF51
     K25MF0K 9C2025 08 17.41824 21 14 59.37 -21 27 18.4          21.2 GV~9bNoF51
     K25MF1E 9C2021 09 09.48323 00 31 39.45 -01 57 11.9                V~9bNqF51
     K25MF1E 9C2021 09 09.50625 00 31 38.52 -01 57 20.7          22.4 GV~9bNqF51
     K25MF1E 9C2021 09 09.51697 00 31 38.08 -01 57 24.5          22.3 GV~9bNqF51
     K25MF1E 9C2021 09 09.52767 00 31 37.65 -01 57 28.6                V~9bNqF51
     K25MF1X 9C2025 07 24.47997 21 22 03.03 -12 50 38.4                V~9bNsF51
     K25MF1X 9C2025 07 24.49165 21 22 02.50 -12 50 37.2          21.9 GV~9bNsF51
     K25MF1X 9C2025 07 24.50331 21 22 01.94 -12 50 35.4          21.7 GV~9bNsF51
     K25MF1X 9C2025 07 24.51500 21 22 01.35 -12 50 34.6                V~9bNsF51
     K25MF2R 9C2025 07 27.43655 20 27 58.82 -23 07 37.2                V~9bNuF52
     K25MF2R 9C2025 07 27.45181 20 27 57.91 -23 07 39.6          21.9 GV~9bNuF52
     K25MF2R 9C2025 07 27.45945 20 27 57.47 -23 07 40.7          22.2 GV~9bNuF52
     K25MF4G 9C2025 08 17.38618 21 08 00.14 -18 33 22.4          21.5 GV~9bNyF51
     K25MF4G 9C2025 08 17.39731 21 07 59.58 -18 33 27.3          21.9 GV~9bNyF51
     K25MF4G 9C2025 08 17.41954 21 07 58.58 -18 33 37.1          21.5 GV~9bNyF51
     K25MF8S 9C2025 07 26.44370 20 49 11.73 -23 46 01.7                V~9bO9F51
     K25MF8S 9C2025 07 26.45397 20 49 11.15 -23 46 06.6          21.8 GV~9bO9F51
     K25MF8S 9C2025 07 26.46426 20 49 10.55 -23 46 11.6          22.2 GV~9bO9F51
     K25MG0L 9C2025 08 17.38489 21 21 44.84 -22 19 07.1          21.1 GV~9bODF51
     K25MG0L 9C2025 08 17.40712 21 21 43.66 -22 19 15.6          21.7 GV~9bODF51
     K25MG0L 9C2025 08 17.41824 21 21 43.10 -22 19 19.8          21.1 GV~9bODF51
     K25MG0Y 9C2025 07 26.44446 20 43 10.46 -23 09 11.7          22.0 GV~9bOEF51
     K25MG0Y 9C2025 07 26.45474 20 43 09.85 -23 09 12.9                V~9bOEF51
     K25MG0Y 9C2025 07 26.46503 20 43 09.23 -23 09 14.2                V~9bOEF51
     K25MG3A 9C2025 07 21.46113 21 36 35.84 -20 23 39.6          22.3 GV~9bOJF52
     K25MG3A 9C2025 07 21.47070 21 36 35.39 -20 23 43.1          22.0 GV~9bOJF52
     K25MG3A 9C2025 07 21.48029 21 36 34.94 -20 23 46.6                V~9bOJF52
     K25MG3A 9C2025 07 21.48991 21 36 34.48 -20 23 50.4          22.4 GV~9bOJF52
     K25MG5S 9C2024 02 12.52365 09 42 25.00 +15 56 01.9          22.2 GV~9bOQF52
     K25MG5S 9C2024 02 12.53530 09 42 24.25 +15 56 04.0          22.5 GV~9bOQF52
     K25MG5U 9C2025 08 17.38618 21 14 32.71 -18 13 43.4          21.2 GV~9bOQF51
     K25MG5U 9C2025 08 17.40842 21 14 31.71 -18 13 55.8          21.1 GV~9bOQF51
     K25MG5U 9C2025 08 17.41954 21 14 31.20 -18 14 02.3          21.3 GV~9bOQF51
     K25MG6V 9C2025 07 27.43845 20 50 49.38 -27 48 53.9          21.9 GV~9bOSF52
     K25MG6V 9C2025 07 27.44608 20 50 49.00 -27 48 56.3          22.0 GV~9bOSF52
     K25MG6V 9C2025 07 27.45371 20 50 48.62 -27 48 58.7                V~9bOSF52
     K25MG6V 9C2025 07 27.46135 20 50 48.25 -27 49 01.3          22.0 GV~9bOTF52
     K25MH6E 9C2020 07 17.41294 20 18 35.74 -12 44 38.6          21.5 GV~9bOnF51
     K25MH6E 9C2020 07 17.44150 20 18 34.33 -12 44 44.4                V~9bOnF51
     K25MH6E 9C2020 07 17.45575 20 18 33.61 -12 44 47.0          21.7 GV~9bOnF51
     K25MH6W 9C2025 08 17.38489 21 13 37.32 -21 38 39.7          21.7 GV~9bOpF51
     K25MH6W 9C2025 08 17.39600 21 13 36.84 -21 38 43.1          21.8 GV~9bOpF51
     K25MH6W 9C2025 08 17.40712 21 13 36.41 -21 38 46.7          21.5 GV~9bOpF51
     K25MH6W 9C2025 08 17.41824 21 13 35.99 -21 38 50.2          21.0 GV~9bOpF51
     K25MH8Q 9C2021 10 31.32823 02 56 45.97 +08 30 52.8          21.5 GV~9bOsF51
     K25MH8Q 9C2021 10 31.33921 02 56 45.38 +08 30 49.4          21.9 GV~9bOsF51
     K25MH8Q 9C2021 10 31.35018 02 56 44.79 +08 30 46.4          21.6 GV~9bOsF51
     K25MH8Q 9C2021 10 31.36118 02 56 44.17 +08 30 43.2                V~9bOsF51
     K25MH9K 9C2025 07 27.44418 20 24 00.59 -23 36 15.2          22.3 GV~9bOuF52
     K25MH9K 9C2025 07 27.45181 20 24 00.21 -23 36 17.7          22.7 GV~9bOuF52
     K25MI0Z 9C2025 08 17.38618 21 07 50.77 -18 04 21.4          21.7 GV~9bOyF51
     K25MI0Z 9C2025 08 17.39731 21 07 50.27 -18 04 24.1          21.5 GV~9bOyF51
     K25MI0Z 9C2025 08 17.40842 21 07 49.72 -18 04 27.0          21.7 GV~9bOyF51
     K25MI0Z 9C2025 08 17.41954 21 07 49.17 -18 04 30.0          21.6 GV~9bOyF51
     K25MI2D 9C2025 07 27.43592 20 18 36.15 -23 44 50.5          22.7 GV~9bP1F52
     K25MI2D 9C2025 07 27.44355 20 18 35.71 -23 44 52.0          22.4 GV~9bP1F52
     K25MI2D 9C2025 07 27.45118 20 18 35.25 -23 44 53.9          22.7 GV~9bP1F52
     K25MI2D 9C2025 07 27.45882 20 18 34.80 -23 44 55.6          22.5 GV~9bP1F52
     K25MI2N 9C2024 04 17.41363 14 40 04.01 -03 45 07.4                V~9bP1F51
     K25MI2N 9C2024 04 17.42628 14 40 03.47 -03 45 02.5          22.5 GV~9bP1F51
     K25MI2N 9C2024 04 17.43891 14 40 02.93 -03 44 57.2          22.2 GV~9bP1F51
     K25MI9M 9C2023 01 14.56267 09 26 40.58 +16 14 03.2          22.1 GV~9bPHF52
     K25MI9M 9C2023 01 14.57561 09 26 40.02 +16 14 03.5          21.5 GV~9bPHF52
     K25MI9M 9C2023 01 14.60153 09 26 38.86 +16 14 04.5                V~9bPHF52
     K25MJ0U 9C2020 05 19.38448 15 56 51.01 -23 00 33.5          21.7 GV~9bPJF51
     K25MJ0U 9C2020 05 19.39584 15 56 50.35 -23 00 33.3          21.6 GV~9bPJF51
     K25MJ0U 9C2020 05 19.40720 15 56 49.71 -23 00 33.3          21.6 GV~9bPJF51
     K25MJ0U 9C2020 05 19.41855 15 56 49.04 -23 00 33.1                V~9bPKF51
     K25MJ3O 9C2020 09 16.48521 01 15 41.53 +05 10 02.4                V~9bPPF51
     K25MJ3O 9C2020 09 16.49535 01 15 41.16 +05 10 00.6          22.5 GV~9bPPF51
     K25MJ3O 9C2020 09 16.50493 01 15 40.80 +05 09 59.0          22.5 GV~9bPPF51
     K25MJ4L 9C2025 07 26.44240 20 48 05.77 -17 44 48.5                V~9bPRF51
     K25MJ4L 9C2025 07 26.45267 20 48 05.08 -17 44 49.2                V~9bPRF51
     K25MJ4L 9C2025 07 26.46297 20 48 04.41 -17 44 50.1          22.1 GV~9bPRF51
     K25MJ4L 9C2025 07 26.47323 20 48 03.76 -17 44 50.8          22.0 GV~9bPRF51
     K25MJ5G 9C2025 08 17.38618 21 06 32.50 -17 49 29.0          21.0 GV~9bPTF51
     K25MJ5G 9C2025 08 17.39731 21 06 31.84 -17 49 27.8          21.3 GV~9bPTF51
     K25MJ5G 9C2025 08 17.40842 21 06 31.15 -17 49 26.4          21.3 GV~9bPTF51
     K25MJ5G 9C2025 08 17.41954 21 06 30.47 -17 49 25.1          21.2 GV~9bPTF51
     K25MJ5X 9C2025 08 17.38489 21 19 53.70 -22 02 00.1          21.6 GV~9bPUF51
     K25MJ5X 9C2025 08 17.39600 21 19 53.11 -22 02 03.7          21.7 GV~9bPUF51
     K25MJ5X 9C2025 08 17.41824 21 19 51.91 -22 02 11.1          21.5 GV~9bPUF51
     K25MJ6W 9C2025 07 26.45474 20 43 24.98 -22 34 49.4          22.2 GV~9bPYF51
     K25MJ6W 9C2025 07 26.46503 20 43 24.34 -22 34 51.8          21.8 GV~9bPYF51
     K25MJ6W 9C2025 07 26.47530 20 43 23.74 -22 34 54.2          21.8 GV~9bPYF51
     K25MK8J 9C2025 07 26.44175 20 42 22.44 -19 17 32.5          22.0 GV~9bQ3F51
     K25MK8J 9C2025 07 26.45202 20 42 21.83 -19 17 32.7                V~9bQ3F51
     K25MK8J 9C2025 07 26.46232 20 42 21.20 -19 17 33.4                V~9bQ3F51
     K25MK8J 9C2025 07 26.47258 20 42 20.58 -19 17 33.9                V~9bQ3F51
     K25MK8X 9C2025 05 26.44772 16 38 24.30 -15 21 02.7          21.9 GV~9bQ4F51
     K25MK8X 9C2025 05 26.45555 16 38 23.81 -15 21 01.7          22.1 GV~9bQ4F51
     K25MK8X 9C2025 05 26.46340 16 38 23.36 -15 21 01.0          22.1 GV~9bQ4F51
     K25MK9D 9C2025 06 01.47287 16 41 50.24 -13 41 37.0          22.0 GV~9bQ5F51
     K25MK9D 9C2025 06 01.48451 16 41 49.66 -13 41 35.8          22.2 GV~9bQ5F51
     K25MK9D 9C2025 06 01.49610 16 41 49.09 -13 41 34.5                V~9bQ5F51
     K25MK9D 9C2025 06 01.50789 16 41 48.49 -13 41 32.7                V~9bQ5F51
     K25ML0A 9C2024 02 10.53741 10 29 07.98 +14 22 49.6                V~9bQ7F52
     K25ML0A 9C2024 02 10.54850 10 29 07.44 +14 22 54.1          22.8 GV~9bQ7F52
     K25ML0A 9C2024 02 10.55955 10 29 06.90 +14 22 58.5          22.9 GV~9bQ7F52
     K25ML0A 9C2024 02 10.57078 10 29 06.38 +14 23 02.8          22.9 GV~9bQ7F52
     K25ML0H 9C2025 05 26.45555 16 37 48.40 -16 51 59.5          21.8 GV~9bQ7F51
     K25ML0H 9C2025 05 26.46340 16 37 47.87 -16 52 02.2          22.0 GV~9bQ7F51
     K25ML0L 9C2025 06 24.49979 20 29 18.98 -14 08 07.8                V~9bQ8F51
     K25ML0L 9C2025 06 24.51169 20 29 18.72 -14 08 08.3          22.3 GV~9bQ8F51
     K25ML0L 9C2025 06 24.52358 20 29 18.46 -14 08 08.1          22.6 GV~9bQ8F51
     K25ML0L 9C2025 06 24.53550 20 29 18.20 -14 08 08.0          22.3 GV~9bQ8F51
     K25ML6L 9C2023 01 14.43386 09 31 46.33 +11 58 59.2          22.5 GV~9bQOF52
     K25ML6L 9C2023 01 14.44526 09 31 45.97 +11 59 03.9                V~9bQOF52
     K25ML6L 9C2023 01 14.45664 09 31 45.59 +11 59 09.0          22.1 GV~9bQOF52
     K25ML6L 9C2023 01 14.46807 09 31 45.23 +11 59 14.0                V~9bQOF52
     K25ML7S 9C2025 05 27.45010 16 49 19.87 -15 02 37.8                V~9bQRF51
     K25ML7S 9C2025 05 27.46261 16 49 19.15 -15 02 34.6          22.3 GV~9bQRF51
     K25ML7S 9C2025 05 27.47382 16 49 18.51 -15 02 31.7          22.4 GV~9bQRF51
     K25ML7S 9C2025 05 27.48501 16 49 17.87 -15 02 29.3                V~9bQRF51
     K25ML7V 9C2024 02 10.53741 10 22 42.77 +14 42 11.4          22.2 GV~9bQRF52
     K25ML7V 9C2024 02 10.54850 10 22 42.23 +14 42 16.3          22.3 GV~9bQRF52
     K25ML7V 9C2024 02 10.55955 10 22 41.68 +14 42 20.9          22.2 GV~9bQRF52
     K25ML7V 9C2024 02 10.57078 10 22 41.10 +14 42 26.2          22.7 GV~9bQRF52
     K25ML8G 9C2025 06 01.47222 16 27 18.15 -13 47 26.9          22.0 GV~9bQTF51
     K25ML8G 9C2025 06 01.49545 16 27 16.77 -13 47 33.9          22.1 GV~9bQTF51
     K25ML8G 9C2025 06 01.50724 16 27 16.06 -13 47 37.2          22.1 GV~9bQTF51
     K25ML8M 9C2025 07 26.45267 20 56 25.90 -17 35 01.5                V~9bQTF51
     K25ML8M 9C2025 07 26.46297 20 56 25.42 -17 35 04.9                V~9bQTF51
     K25ML8M 9C2025 07 26.47323 20 56 24.92 -17 35 08.3          22.1 GV~9bQTF51
     K25MM6C 9C2024 05 07.51665 15 00 56.73 -14 20 06.5                V~9bQnF51
     K25MM6C 9C2024 05 07.52860 15 00 56.14 -14 20 04.5                V~9bQnF51
     K25MM6C 9C2024 05 07.54057 15 00 55.55 -14 20 02.8          21.7 GV~9bQnF51
     K25MM6C 9C2024 05 07.55508 15 00 54.82 -14 20 00.3          21.8 GV~9bQnF51
     K25MM6E 9C2025 08 17.38618 21 07 28.84 -16 52 41.7          21.4 GV~9bQoF51
     K25MM6E 9C2025 08 17.39731 21 07 28.33 -16 52 46.8          20.8 GV~9bQoF51
     K25MM6E 9C2025 08 17.40842 21 07 27.81 -16 52 52.2          21.0 GV~9bQoF51
     K25MM6O 9C2024 03 19.49178 13 20 04.77 -15 34 47.7          22.2 GV~9bQoF51
     K25MM6O 9C2024 03 19.50360 13 20 04.28 -15 34 47.8          22.1 GV~9bQoF51
     K25MM6O 9C2024 03 19.51541 13 20 03.81 -15 34 47.2          22.1 GV~9bQoF51
     K25MM6O 9C2024 03 19.52723 13 20 03.33 -15 34 46.8                V~9bQoF51
     K25MM7R 9C2024 04 01.36718 13 23 11.73 +02 26 16.3                V~9bQrF51
     K25MM7R 9C2024 04 01.37831 13 23 11.24 +02 26 21.0          22.1 GV~9bQrF51
     K25MM7R 9C2024 04 01.38955 13 23 10.76 +02 26 26.2                V~9bQrF51
     K25MM7R 9C2024 04 01.40071 13 23 10.29 +02 26 31.3                V~9bQrF51
     K25MM9B 9C2020 08 14.53914 23 18 14.10 -09 14 52.3          21.9 GV~9bQuF51
     K25MM9B 9C2020 08 14.55030 23 18 13.79 -09 14 57.5          22.1 GV~9bQuF51
     K25MM9B 9C2020 08 14.56149 23 18 13.47 -09 15 02.6          21.9 GV~9bQuF51
     K25MM9B 9C2020 08 14.57270 23 18 13.16 -09 15 07.9          22.1 GV~9bQuF51
     K25MN0P 9C2025 07 20.46522 21 18 20.46 -24 59 46.8          22.3 GV~9bQyF52
     K25MN0P 9C2025 07 20.47604 21 18 19.91 -24 59 48.6                V~9bQyF52
     K25MN0P 9C2025 07 20.48682 21 18 19.39 -24 59 49.9                V~9bQyF52
     K25MN2G 9C2025 07 27.44734 21 01 48.03 -24 17 22.3          22.0 GV~9bR2F52
     K25MN2G 9C2025 07 27.46261 21 01 47.14 -24 17 26.6          22.5 GV~9bR2F52
     K25MN3M 9C2019 04 02.42354 13 05 54.44 -05 34 49.5          22.1 GV~9bR5F51
     K25MN3M 9C2019 04 02.43637 13 05 53.82 -05 34 44.8          21.9 GV~9bR5F51
     K25MN3M 9C2019 04 02.44920 13 05 53.21 -05 34 40.8          21.6 GV~9bR5F51
     K25MN3M 9C2019 04 02.46207 13 05 52.59 -05 34 36.8          22.3 GV~9bR5F51
     K25MN3N 9C2025 07 21.45540 21 06 45.99 -20 44 35.0          22.1 GV~9bR5F52
     K25MN3N 9C2025 07 21.46497 21 06 45.49 -20 44 37.0          22.2 GV~9bR5F52
     K25MN3N 9C2025 07 21.47455 21 06 44.98 -20 44 38.9                V~9bR5F52
     K25MN8A 9C2020 07 18.47285 21 39 17.35 -21 34 37.2          22.0 GV~9bRGF51
     K25MN8A 9C2020 07 18.48359 21 39 16.91 -21 34 39.0          22.1 GV~9bRGF51
     K25MN8A 9C2020 07 18.49429 21 39 16.47 -21 34 40.4                V~9bRGF51
     K25MN8C 9C2023 01 22.41224 10 02 00.19 +20 06 30.5          22.5 GV~9bRGF52
     K25MN8C 9C2023 01 22.42584 10 01 59.59 +20 06 33.7                V~9bRGF52
     K25MN8C 9C2023 01 22.43939 10 01 58.99 +20 06 36.7                V~9bRGF52
     K25MN8C 9C2023 01 22.45312 10 01 58.36 +20 06 40.3                V~9bRGF52
     K25MO1B 9C2024 05 08.36280 13 51 45.84 -07 32 57.3          22.3 GV~9bRNF51
     K25MO1B 9C2024 05 08.37616 13 51 45.25 -07 32 55.3                V~9bRNF51
     K25MO1B 9C2024 05 08.38951 13 51 44.65 -07 32 53.7                V~9bRNF51
     K25MO1B 9C2024 05 08.40286 13 51 44.06 -07 32 52.2          22.4 GV~9bRNF51
     K25MO3L 9C2025 06 01.47416 16 50 12.11 -13 25 23.1          21.8 GV~9bRSF51
     K25MO3L 9C2025 06 01.49738 16 50 10.85 -13 25 24.9                V~9bRSF51
     K25MO3L 9C2025 06 01.50917 16 50 10.22 -13 25 26.0          21.8 GV~9bRSF51
     K25MO4V 9C2021 04 06.54303 14 17 30.53 -08 33 55.3          22.3 GV~9bRVF51
     K25MO4V 9C2021 04 06.55560 14 17 29.84 -08 33 49.6                V~9bRVF51
     K25MO4V 9C2021 04 06.56814 14 17 29.19 -08 33 43.8                V~9bRVF51
     K25MO6D 9C2024 04 17.41686 14 50 03.49 -06 21 25.2          22.5 GV~9bRXF51
     K25MO6D 9C2024 04 17.42950 14 50 02.96 -06 21 20.5                V~9bRXF51
     K25MO6D 9C2024 04 17.44214 14 50 02.42 -06 21 16.3          22.2 GV~9bRXF51
     K25MO6D 9C2024 04 17.45477 14 50 01.90 -06 21 11.8                V~9bRXF51
     K25MO7R 9C2025 07 26.44370 20 50 46.80 -22 54 08.3                V~9bRcF51
     K25MO7R 9C2025 07 26.45397 20 50 46.17 -22 54 11.3          21.8 GV~9bRcF51
     K25MO7R 9C2025 07 26.46426 20 50 45.49 -22 54 13.9          22.1 GV~9bRcF51
     K25MO7R 9C2025 07 26.47452 20 50 44.87 -22 54 16.6                V~9bRcF51
     K25MO8C 9C2020 05 20.43214 16 36 36.91 -17 16 32.7          21.9 GV~9bRdF51
     K25MO8C 9C2020 05 20.44114 16 36 36.42 -17 16 30.4          21.6 GV~9bRdF51
     K25MO8C 9C2020 05 20.45016 16 36 35.93 -17 16 28.2                V~9bRdF51
     K25MO8C 9C2020 05 20.45962 16 36 35.43 -17 16 25.9          21.8 GV~9bRdF51
     K25MP2Y 9C2025 07 26.44305 20 59 34.69 -21 18 54.0                V~9bRnF51
     K25MP2Y 9C2025 07 26.45332 20 59 34.15 -21 18 58.4                V~9bRnF51
     K25MP2Y 9C2025 07 26.46362 20 59 33.58 -21 19 03.3          22.4 GV~9bRnF51
     K25MP2Y 9C2025 07 26.47387 20 59 33.05 -21 19 07.8          21.9 GV~9bRnF51
     K25MP4K 9C2024 05 04.42096 15 04 42.14 -23 29 17.1                V~9bRqF51
     K25MP4K 9C2024 05 04.43419 15 04 41.48 -23 29 13.3          22.3 GV~9bRqF51
     K25MP4K 9C2024 05 04.44741 15 04 40.84 -23 29 09.6          22.2 GV~9bRqF51
     K25MP4N 9C2025 06 01.47158 16 35 26.21 -11 22 27.1                V~9bRrF51
     K25MP4N 9C2025 06 01.48322 16 35 25.60 -11 22 25.8          22.3 GV~9bRrF51
     K25MP4N 9C2025 06 01.49481 16 35 25.00 -11 22 25.6          22.4 GV~9bRrF51
     K25MP4N 9C2025 06 01.50660 16 35 24.37 -11 22 24.9          22.1 GV~9bRrF51
     K25MP5C 9C2021 10 05.56464 01 54 37.44 +02 33 41.2          21.8 GV~9bRsF51
     K25MP5C 9C2021 10 05.57954 01 54 36.76 +02 33 36.8          21.9 GV~9bRsF51
     K25MP5C 9C2021 10 05.60051 01 54 35.83 +02 33 30.4                V~9bRsF51
     K25MP5C 9C2021 10 05.62141 01 54 34.87 +02 33 24.2                V~9bRsF51
     K25MP5E 9C2025 07 27.43592 20 19 44.51 -24 43 16.5          21.8 GV~9bRsF52
     K25MP5E 9C2025 07 27.44355 20 19 44.03 -24 43 18.4          21.8 GV~9bRsF52
     K25MP5E 9C2025 07 27.45118 20 19 43.53 -24 43 20.7          22.2 GV~9bRsF52
     K25MP5E 9C2025 07 27.45882 20 19 43.02 -24 43 23.1          22.2 GV~9bRsF52
     K25MP8W 9C2025 08 17.38489 21 18 32.00 -21 22 02.7          21.5 GV~9bS0F51
     K25MP8W 9C2025 08 17.39600 21 18 31.60 -21 22 10.5          21.8 GV~9bS0F51
     K25MP8W 9C2025 08 17.40712 21 18 31.18 -21 22 19.4          21.3 GV~9bS0F51
     K25MP8W 9C2025 08 17.41824 21 18 30.77 -21 22 27.5          21.0 GV~9bS0F51
     K25MP8Y 9C2024 05 08.43412 15 12 20.13 -18 47 52.2          22.0 GV~9bS0F51
     K25MP8Y 9C2024 05 08.44494 15 12 19.58 -18 47 50.8                V~9bS0F51
     K25MP8Y 9C2024 05 08.45577 15 12 19.02 -18 47 49.2                V~9bS0F51
     K25MP8Y 9C2024 05 08.46657 15 12 18.47 -18 47 48.1                V~9bS0F51
     K25MQ4S 9C2021 07 04.41377 20 50 40.90 -20 55 08.3                V~9bSCF51
     K25MQ4S 9C2021 07 04.42413 20 50 40.54 -20 55 11.1                V~9bSCF51
     K25MQ4S 9C2021 07 04.43451 20 50 40.16 -20 55 14.1          22.5 GV~9bSCF51
     K25MQ4S 9C2021 07 04.44815 20 50 39.65 -20 55 17.8          22.0 GV~9bSCF51
     K25MQ5B 9C2025 05 27.44874 16 41 47.83 -11 16 13.7                V~9bSDF51
     K25MQ5B 9C2025 05 27.47247 16 41 46.38 -11 16 20.2          22.1 GV~9bSDF51
     K25MQ5B 9C2025 05 27.48365 16 41 45.68 -11 16 23.4                V~9bSDF51
     K25MQ7M 9C2022 10 24.44325 04 05 39.94 +08 14 09.3          22.4 GV~9bSIF52
     K25MQ7M 9C2022 10 24.45486 04 05 39.50 +08 14 06.9                V~9bSIF52
     K25MQ7M 9C2022 10 24.46643 04 05 39.00 +08 14 03.4                V~9bSIF52
     K25MQ7M 9C2022 10 24.47798 04 05 38.55 +08 14 00.3          22.3 GV~9bSIF52
     K25MR1E 9C2025 07 27.43719 20 41 57.40 -26 40 03.7          22.5 GV~9bSPF52
     K25MR1E 9C2025 07 27.44481 20 41 56.97 -26 40 04.9          22.7 GV~9bSPF52
     K25MR1E 9C2025 07 27.45245 20 41 56.55 -26 40 06.3                V~9bSPF52
     K25MR1E 9C2025 07 27.46008 20 41 56.10 -26 40 08.1          22.6 GV~9bSPF52
     K25MR3X 9C2025 07 21.45540 21 05 52.91 -21 21 50.8                V~9bSVF52
     K25MR3X 9C2025 07 21.46497 21 05 52.45 -21 21 54.7          22.6 GV~9bSVF52
     K25MR3X 9C2025 07 21.47455 21 05 51.99 -21 21 59.0          22.5 GV~9bSVF52
     K25MR3X 9C2025 07 21.48415 21 05 51.56 -21 22 02.1                V~9bSVF52
     K25MR4M 9C2025 07 27.43972 21 00 36.51 -23 58 19.2                V~9bSWF52
     K25MR4M 9C2025 07 27.44734 21 00 36.14 -23 58 22.1          22.0 GV~9bSWF52
     K25MR4M 9C2025 07 27.45498 21 00 35.80 -23 58 24.7          22.2 GV~9bSWF52
     K25MR5K 9C2025 08 17.39860 21 35 18.36 -18 35 48.9          22.5 GV~9bSYF51
     K25MR5K 9C2025 08 17.40972 21 35 17.85 -18 35 54.5          22.4 GV~9bSYF51
     K25MR5K 9C2025 08 17.42084 21 35 17.35 -18 35 59.6          22.1 GV~9bSYF51
     K25MR7T 9C2025 07 27.43719 20 41 58.56 -26 38 56.0          21.8 GV~9bScF52
     K25MR7T 9C2025 07 27.44481 20 41 58.11 -26 38 56.6          21.9 GV~9bScF52
     K25MR7T 9C2025 07 27.45245 20 41 57.70 -26 38 56.7          21.9 GV~9bScF52
     K25MR7T 9C2025 07 27.46008 20 41 57.24 -26 38 57.7          22.1 GV~9bScF52
     K25MS0V 9C2022 11 26.32256 03 48 54.92 +11 52 38.0          22.0 GV~9bSiF51
     K25MS0V 9C2022 11 26.33358 03 48 54.32 +11 52 36.1          21.9 GV~9bSiF51
     K25MS0V 9C2022 11 26.34462 03 48 53.70 +11 52 34.0          22.1 GV~9bSiF51
     K25MS1B 9C2025 07 27.43845 20 41 03.14 -27 51 38.2          22.8 GV~9bSjF52
     K25MS1B 9C2025 07 27.44608 20 41 02.69 -27 51 40.1          22.5 GV~9bSjF52
     K25MS1B 9C2025 07 27.45371 20 41 02.26 -27 51 42.1          22.4 GV~9bSjF52
     K25MS1O 9C2025 07 28.43067 20 42 33.60 -07 35 37.8          22.2 GV~9bSkF52
     K25MS1O 9C2025 07 28.44027 20 42 33.04 -07 35 36.0                V~9bSkF52
     K25MS8Z 9C2025 07 20.45507 21 26 37.81 -23 57 26.4          22.7 GV~9bSzF52
     K25MS8Z 9C2025 07 20.46585 21 26 37.31 -23 57 33.1                V~9bSzF52
     K25MS8Z 9C2025 07 20.47667 21 26 36.84 -23 57 39.5          22.2 GV~9bSzF52
     K25MS8Z 9C2025 07 20.48745 21 26 36.32 -23 57 46.3          22.7 GV~9bSzF52
     K25MT0Q 9C2025 07 26.44305 20 58 32.43 -21 15 44.7                V~9bT2F51
     K25MT0Q 9C2025 07 26.45332 20 58 31.89 -21 15 47.7                V~9bT2F51
     K25MT0Q 9C2025 07 26.46362 20 58 31.29 -21 15 50.7          22.0 GV~9bT2F51
     K25MT0Q 9C2025 07 26.47387 20 58 30.73 -21 15 53.7                V~9bT2F51
     K25MT8M 9C2021 09 10.58605 01 20 42.84 +07 43 02.2          21.7 GV~9bTHF51
     K25MT8M 9C2021 09 10.59545 01 20 42.58 +07 42 59.8          21.8 GV~9bTHF51
     K25MT8M 9C2021 09 10.60487 01 20 42.32 +07 42 57.7          21.9 GV~9bTHF51
     K25MT8M 9C2021 09 10.61415 01 20 42.08 +07 42 55.3                V~9bTHF51
     K25MU1B 9C2025 08 17.38489 21 14 46.33 -22 03 34.3          21.0 GV~9bTNF51
     K25MU1B 9C2025 08 17.39600 21 14 45.81 -22 03 39.0          21.4 GV~9bTNF51
     K25MU1B 9C2025 08 17.40712 21 14 45.29 -22 03 43.4          21.4 GV~9bTNF51
     K25MU1N 9C2025 07 28.42427 20 50 01.47 -08 45 22.6          22.7 GV~9bTOF52
     K25MU1N 9C2025 07 28.43384 20 50 01.00 -08 45 24.6          22.5 GV~9bTOF52
     K25MU1N 9C2025 07 28.44343 20 50 00.52 -08 45 26.4          22.5 GV~9bTOF52
     K25MU1N 9C2025 07 28.45304 20 50 00.03 -08 45 28.3          22.7 GV~9bTOF52
     K25MU2M 9C2025 07 26.45267 20 53 11.62 -16 17 03.7          21.9 GV~9bTPF51
     K25MU2M 9C2025 07 26.46297 20 53 11.06 -16 17 06.7                V~9bTPF51
     K25MU2M 9C2025 07 26.47323 20 53 10.49 -16 17 10.4                V~9bTPF51
     K25MU5O 9C2025 05 27.45204 16 52 10.85 -09 35 37.7          22.3 GV~9bTUF51
     K25MU5O 9C2025 05 27.46455 16 52 10.11 -09 35 40.2          22.2 GV~9bTUF51
     K25MU5O 9C2025 05 27.47575 16 52 09.44 -09 35 42.7                V~9bTUF51
     K25MU5O 9C2025 05 27.48694 16 52 08.74 -09 35 45.0                V~9bTUF51
     K25MU7M 9C2022 10 31.43006 04 15 59.77 +17 13 01.5                V~9bTZF52
     K25MU7M 9C2022 10 31.44089 04 15 59.33 +17 13 00.4                V~9bTZF52
     K25MU7M 9C2022 10 31.45177 04 15 58.89 +17 12 59.3          22.4 GV~9bTZF52
     K25MV1O 9C2023 01 15.40436 08 36 21.64 +11 29 02.5          22.0 GV~9bThF52
     K25MV1O 9C2023 01 15.41524 08 36 21.12 +11 29 04.9          22.3 GV~9bThF52
     K25MV1O 9C2023 01 15.42618 08 36 20.64 +11 29 08.2          22.3 GV~9bThF52
     K25MV1O 9C2023 01 15.43721 08 36 20.15 +11 29 10.8          22.3 GV~9bThF52
     K25MV4T 9C2025 05 26.44837 16 40 12.15 -18 05 37.9                V~9bToF51
     K25MV4T 9C2025 05 26.45620 16 40 11.69 -18 05 37.0          21.8 GV~9bToF51
     K25MV4T 9C2025 05 26.46405 16 40 11.19 -18 05 36.4          22.1 GV~9bToF51
     K25MV6U 9C2025 08 17.38618 21 10 09.58 -16 28 52.6          20.4 GV~9bTsF51
     K25MV6U 9C2025 08 17.39731 21 10 09.06 -16 28 58.3          21.2 GV~9bTsF51
     K25MV6U 9C2025 08 17.40842 21 10 08.53 -16 29 03.2          21.3 GV~9bTsF51
     K25MW2T 9C2025 06 01.47222 16 30 30.99 -15 44 57.7                V~9bU4F51
     K25MW2T 9C2025 06 01.48387 16 30 30.38 -15 44 58.3                V~9bU4F51
     K25MW2T 9C2025 06 01.49545 16 30 29.78 -15 44 58.7          22.5 GV~9bU4F51
     K25MW2T 9C2025 06 01.50724 16 30 29.18 -15 44 58.7          22.4 GV~9bU4F51
     K25MW3A 9C2025 08 17.38618 21 11 24.20 -18 30 26.2          21.3 GV~9bU5F51
     K25MW3A 9C2025 08 17.39731 21 11 23.58 -18 30 27.7          21.4 GV~9bU5F51
     K25MW3A 9C2025 08 17.40842 21 11 22.93 -18 30 28.8          21.7 GV~9bU5F51
     K25MW3A 9C2025 08 17.41954 21 11 22.32 -18 30 30.2          21.5 GV~9bU5F51
     K25MW3B 9C2021 07 09.51030 21 01 33.93 -20 48 08.4          21.7 GV~9bU5F51
     K25MW3B 9C2021 07 09.52038 21 01 33.60 -20 48 11.8          21.6 GV~9bU5F51
     K25MW3B 9C2021 07 09.53048 21 01 33.37 -20 48 14.7          21.8 GV~9bU5F51
     K25MW3B 9C2021 07 09.54056 21 01 33.07 -20 48 17.6                V~9bU5F51
     K25MW3M 9C2023 01 22.40646 09 26 38.16 +21 26 09.7          22.0 GV~9bU6F52
     K25MW3M 9C2023 01 22.42006 09 26 37.45 +21 26 11.6          21.8 GV~9bU6F52
     K25MW3M 9C2023 01 22.43365 09 26 36.74 +21 26 13.0          21.7 GV~9bU6F52
     K25MW4Z 9C2025 07 26.44240 20 50 39.78 -18 55 51.6          22.0 GV~9bUAF51
     K25MW4Z 9C2025 07 26.45267 20 50 39.17 -18 55 54.5          21.7 GV~9bUAF51
     K25MW4Z 9C2025 07 26.46297 20 50 38.59 -18 55 56.6                V~9bUAF51
     K25MW4Z 9C2025 07 26.47323 20 50 37.99 -18 55 59.1                V~9bUAF51
     K25MW7P 9C2020 09 16.48650 01 21 49.20 +05 18 07.6                V~9bUHF51
     K25MW7P 9C2020 09 16.49665 01 21 48.88 +05 18 04.3          21.1 GV~9bUHF51
     K25MW7P 9C2020 09 16.50640 01 21 48.58 +05 18 01.1          20.9 GV~9bUHF51
     K25MX0X 9C2022 11 16.37509 04 35 03.88 +12 52 14.1                V~9bUPF52
     K25MX0X 9C2022 11 16.38711 04 35 03.26 +12 52 11.9          22.8 GV~9bUPF52
     K25MX0X 9C2022 11 16.39912 04 35 02.63 +12 52 09.8          23.0 GV~9bUPF52
     K25MX0X 9C2022 11 16.41111 04 35 02.04 +12 52 07.0                V~9bUPF52
     K25MX6D 9C2025 06 24.49782 20 12 24.47 -14 57 24.0                V~9bUaF51
     K25MX6D 9C2025 06 24.50972 20 12 24.04 -14 57 23.8          22.6 GV~9bUaF51
     K25MX6D 9C2025 06 24.52161 20 12 23.66 -14 57 23.4          22.3 GV~9bUaF51
     K25MX6D 9C2025 06 24.53353 20 12 23.25 -14 57 22.5          22.5 GV~9bUaF51
     K25MX7W 9C2019 04 02.38296 12 54 21.86 +04 17 01.6          21.1 GV~9bUeF51
     K25MX7W 9C2019 04 02.39460 12 54 21.29 +04 17 06.1          21.3 GV~9bUeF51
     K25MX7W 9C2019 04 02.40630 12 54 20.72 +04 17 10.3          21.0 GV~9bUeF51
     K25MX7W 9C2019 04 02.41805 12 54 20.15 +04 17 14.9          21.1 GV~9bUeF51
     K25MX7Z 9C2023 01 20.34913 07 52 08.50 +26 28 45.7          22.3 GV~9bUeF52
     K25MX7Z 9C2023 01 20.36115 07 52 07.93 +26 28 48.5          21.8 GV~9bUeF52
     K25MX7Z 9C2023 01 20.37325 07 52 07.29 +26 28 50.8          21.8 GV~9bUeF52
     K25MX9H 9C2025 07 24.49165 21 23 54.39 -13 38 41.9          21.7 GV~9bUhF51
     K25MX9H 9C2025 07 24.50331 21 23 54.03 -13 38 44.9                V~9bUhF51
     K25MX9H 9C2025 07 24.51500 21 23 53.64 -13 38 47.7          21.8 GV~9bUhF51
     K25MX9S 9C2025 07 20.45507 21 29 32.28 -23 30 55.6          22.1 GV~9bUiF52
     K25MX9S 9C2025 07 20.46585 21 29 31.73 -23 30 57.5                V~9bUiF52
     K25MX9S 9C2025 07 20.47667 21 29 31.18 -23 30 59.6                V~9bUiF52
     K25MY0K 9C2025 07 24.49230 21 35 30.47 -14 39 59.9          22.0 GV~9bUkF51
     K25MY0K 9C2025 07 24.50396 21 35 29.99 -14 40 00.4          21.8 GV~9bUkF51
     K25MY0K 9C2025 07 24.51564 21 35 29.46 -14 40 00.7                V~9bUkF51
     K25MY0Q 9C2020 08 19.51527 23 19 33.06 -11 04 28.4          22.3 GV~9bUkF51
     K25MY0Q 9C2020 08 19.52776 23 19 32.58 -11 04 33.2          22.2 GV~9bUkF51
     K25MY0Q 9C2020 08 19.54026 23 19 32.09 -11 04 37.7          22.8 GV~9bUkF51
     K25MY0Q 9C2020 08 19.55277 23 19 31.63 -11 04 42.7          22.5 GV~9bUkF51
     K25MY1D 9C2023 01 22.40452 09 23 09.47 +18 53 04.2                V~9bUmF52
     K25MY1D 9C2023 01 22.41813 09 23 08.80 +18 53 08.0                V~9bUmF52
     K25MY1D 9C2023 01 22.43170 09 23 08.17 +18 53 11.9          22.5 GV~9bUmF52
     K25MY1D 9C2023 01 22.44543 09 23 07.49 +18 53 16.2          22.7 GV~9bUmF52
     K25MY1S 9C2025 08 17.38618 21 11 47.18 -17 04 27.8          21.3 GV~9bUoF51
     K25MY1S 9C2025 08 17.39731 21 11 46.67 -17 04 32.0          21.5 GV~9bUoF51
     K25MY1S 9C2025 08 17.40842 21 11 46.19 -17 04 36.0          20.8 GV~9bUoF51
     K25MY1S 9C2025 08 17.41954 21 11 45.68 -17 04 40.5          21.1 GV~9bUoF51
     K25MY2D 9C2025 07 24.48256 21 40 31.94 -14 29 07.5          21.9 GV~9bUpF51
     K25MY2D 9C2025 07 24.49424 21 40 31.38 -14 29 08.9          21.8 GV~9bUpF51
     K25MY2D 9C2025 07 24.50591 21 40 30.81 -14 29 11.1                V~9bUpF51
     K25MY2D 9C2025 07 24.51760 21 40 30.28 -14 29 12.7          22.2 GV~9bUpF51
     K25MY2W 9C2025 07 24.47997 21 27 08.14 -13 20 58.1                V~9bUsF51
     K25MY2W 9C2025 07 24.49165 21 27 07.59 -13 21 00.9          21.9 GV~9bUsF51
     K25MY2W 9C2025 07 24.50331 21 27 07.08 -13 21 04.8                V~9bUsF51
     K25MY2W 9C2025 07 24.51500 21 27 06.53 -13 21 07.8          21.8 GV~9bUsF51
     K25MY7G 9C2021 04 07.52901 14 57 11.11 -23 53 43.8                V~9bV6F51
     K25MY7G 9C2021 04 07.54018 14 57 10.80 -23 53 42.9                V~9bV6F51
     K25MY7G 9C2021 04 07.55131 14 57 10.49 -23 53 42.3          22.0 GV~9bV6F51
     K25MZ5G 9C2025 08 17.38489 21 16 16.35 -22 30 31.6          21.5 GV~9bVMF51
     K25MZ5G 9C2025 08 17.39600 21 16 15.61 -22 30 31.3          21.6 GV~9bVMF51
     K25MZ5G 9C2025 08 17.40712 21 16 14.88 -22 30 31.0          21.8 GV~9bVMF51
     K25MZ5G 9C2025 08 17.41824 21 16 14.17 -22 30 31.4          21.3 GV~9bVMF51
     K25MZ5V 9C2025 07 27.43719 20 39 57.39 -25 19 57.4          22.3 GV~9bVNF52
     K25MZ5V 9C2025 07 27.44481 20 39 56.94 -25 20 00.5                V~9bVNF52
     K25MZ5V 9C2025 07 27.45245 20 39 56.53 -25 20 03.3          22.1 GV~9bVNF52
     K25MZ5V 9C2025 07 27.46008 20 39 56.11 -25 20 06.6          22.0 GV~9bVNF52
     K25Ma1Z 9C2025 07 20.45444 21 14 14.14 -23 48 28.2                V~9bVbF52
     K25Ma1Z 9C2025 07 20.46522 21 14 13.60 -23 48 30.5          22.3 GV~9bVbF52
     K25Ma1Z 9C2025 07 20.47604 21 14 13.08 -23 48 33.4          22.0 GV~9bVbF52
     K25Ma1Z 9C2025 07 20.48682 21 14 12.53 -23 48 35.9                V~9bVbF52
     K25N12K 9C2024 06 11.41604 16 09 51.20 -21 55 10.0                V~9bVmF52
     K25N12K 9C2024 06 11.42341 16 09 50.83 -21 55 09.3          22.3 GV~9bVmF52
     K25N12K 9C2024 06 11.43078 16 09 50.47 -21 55 08.3          22.3 GV~9bVmF52
     K25N12K 9C2024 06 11.43811 16 09 50.09 -21 55 07.2          22.0 GV~9bVmF52
     K25N17L 9C2021 10 30.39204 02 45 32.21 +07 07 32.6                V~9bW1F51
     K25N17L 9C2021 10 30.41282 02 45 31.06 +07 07 29.5          21.2 GV~9bW1F51
     K25N17L 9C2021 10 30.42551 02 45 30.40 +07 07 27.3                V~9bW1F51
     K25N17L 9C2021 10 30.43820 02 45 29.69 +07 07 25.6          21.2 GV~9bW1F51
     K25N17W 9C2025 07 21.45667 21 11 56.41 -20 03 04.3          22.6 GV~9bW2F52
     K25N17W 9C2025 07 21.46624 21 11 55.92 -20 03 04.5          22.6 GV~9bW2F52
     K25N17W 9C2025 07 21.47582 21 11 55.39 -20 03 04.7                V~9bW2F52
     K25N17W 9C2025 07 21.48542 21 11 54.90 -20 03 04.4                V~9bW2F52
     K25N22Z 9C2021 08 05.48566 22 48 28.17 -04 01 58.3                V~9bWFF51
     K25N22Z 9C2021 08 05.49692 22 48 27.77 -04 02 00.2          22.2 GV~9bWFF51
     K25N22Z 9C2021 08 05.50816 22 48 27.38 -04 02 02.0          21.9 GV~9bWFF51
     K25N22Z 9C2021 08 05.51943 22 48 26.97 -04 02 03.9                V~9bWFF51
     K25N27S 9C2020 07 18.46066 21 17 12.87 -21 23 08.0                V~9bWRF51
     K25N27S 9C2020 07 18.47143 21 17 12.35 -21 23 09.4          22.2 GV~9bWRF51
     K25N27S 9C2020 07 18.48217 21 17 11.87 -21 23 10.4          22.1 GV~9bWRF51
     K25N27S 9C2020 07 18.49289 21 17 11.38 -21 23 12.2          22.2 GV~9bWRF51
     K25N30D 9C2024 04 09.45656 13 56 02.57 -19 19 34.4                V~9bWXF51
     K25N30D 9C2024 04 09.46774 13 56 01.96 -19 19 31.1          22.2 GV~9bWXF51
     K25N30D 9C2024 04 09.47891 13 56 01.37 -19 19 28.3          22.0 GV~9bWXF51
     K25N32X 9C2024 03 17.48254 12 42 34.80 -03 29 23.3          21.7 GV~9bWfF51
     K25N32X 9C2024 03 17.49636 12 42 34.18 -03 29 18.3          22.0 GV~9bWfF51
     K25N32X 9C2024 03 17.52403 12 42 32.94 -03 29 08.2                V~9bWfF51
     K25N34F 9C2024 04 01.36782 13 18 39.22 +01 14 56.1                V~9bWiF51
     K25N34F 9C2024 04 01.37898 13 18 38.71 +01 14 58.8          22.4 GV~9bWiF51
     K25N34F 9C2024 04 01.39019 13 18 38.20 +01 15 01.7          22.3 GV~9bWiF51
     K25N34F 9C2024 04 01.40135 13 18 37.69 +01 15 04.6                V~9bWiF51
     K25N36J 9C2025 06 30.45925 20 00 28.27 -23 51 00.3          22.6 GV~9bWpF51
     K25N36J 9C2025 06 30.46964 20 00 27.77 -23 50 59.9          22.3 GV~9bWpF51
     K25N36J 9C2025 06 30.48004 20 00 27.27 -23 51 00.1          22.3 GV~9bWpF51
     K25N36J 9C2025 06 30.49046 20 00 26.75 -23 50 59.7                V~9bWpF51
     K25N38J 9C2025 07 27.43529 20 24 00.20 -26 47 00.8          22.6 GV~9bWuF52
     K25N38J 9C2025 07 27.44292 20 23 59.70 -26 46 59.0          22.7 GV~9bWuF52
     K25N38J 9C2025 07 27.45055 20 23 59.23 -26 46 56.6          22.6 GV~9bWuF52
     K25N38J 9C2025 07 27.45818 20 23 58.73 -26 46 54.7          22.6 GV~9bWuF52
     K25N38P 9C2025 06 30.45990 20 11 23.93 -25 48 38.9                V~9bWuF51
     K25N38P 9C2025 06 30.47029 20 11 23.47 -25 48 43.9          22.3 GV~9bWuF51
     K25N38P 9C2025 06 30.49110 20 11 22.50 -25 48 54.8          22.1 GV~9bWuF51
     K25N41O 9C2025 06 28.46418 20 33 24.39 -13 21 59.1          21.7 GV~9bX3F51
     K25N41O 9C2025 06 28.47704 20 33 23.81 -13 21 55.3                V~9bX3F51
     K25N41O 9C2025 06 28.48989 20 33 23.22 -13 21 52.9          21.7 GV~9bX3F51
     K25N41O 9C2025 06 28.50276 20 33 22.58 -13 21 49.8          21.6 GV~9bX3F51
     K25N42C 9C2024 06 06.39744 16 26 50.53 -20 40 34.8          22.0 GV~9bX5F52
     K25N42C 9C2024 06 06.40538 16 26 50.13 -20 40 33.8          22.1 GV~9bX5F52
     K25N42C 9C2024 06 06.41335 16 26 49.75 -20 40 32.9                V~9bX5F52
     K25N43L 9C2021 09 10.58471 01 20 42.90 +00 46 16.3                V~9bX8F51
     K25N43L 9C2021 09 10.59411 01 20 42.60 +00 46 13.4          21.7 GV~9bX8F51
     K25N43L 9C2021 09 10.60353 01 20 42.32 +00 46 10.2          22.0 GV~9bX8F51
     K25N43L 9C2021 09 10.61280 01 20 42.04 +00 46 06.9                V~9bX8F51
     K25N49N 9C2020 06 17.54384 20 07 47.56 -16 03 36.0          22.0 GV~9bXMF51
     K25N49N 9C2020 06 17.55767 20 07 47.14 -16 03 35.2                V~9bXMF51
     K25N49N 9C2020 06 17.57147 20 07 46.70 -16 03 34.5                V~9bXMF51
     K25N49N 9C2020 06 17.58530 20 07 46.30 -16 03 33.6          22.0 GV~9bXMF51
     K25N50W 9C2019 05 01.42969 14 55 46.34 -23 10 19.7          22.0 GV~9bXPF51
     K25N50W 9C2019 05 01.44200 14 55 45.70 -23 10 17.3          21.9 GV~9bXPF51
     K25N50W 9C2019 05 01.45427 14 55 45.07 -23 10 14.9          21.5 GV~9bXPF51
     K25N50W 9C2019 05 01.46654 14 55 44.43 -23 10 12.7          21.9 GV~9bXPF51
     K25N54D 9C2025 06 30.43974 20 02 59.35 -27 19 03.1          22.4 GV~9bXUF51
     K25N54D 9C2025 06 30.44492 20 02 58.94 -27 18 59.7          22.4 GV~9bXUF51
     K25N54D 9C2025 06 30.45010 20 02 58.50 -27 18 56.9          22.4 GV~9bXUF51
     K25N54H 9C2025 07 27.43339 19 59 51.96 -26 46 48.8          22.5 GV~9bXVF52
     K25N54H 9C2025 07 27.44102 19 59 51.56 -26 46 53.3                V~9bXVF52
     K25N54H 9C2025 07 27.44865 19 59 51.17 -26 46 57.8          22.7 GV~9bXVF52
     K25N55G 9C2025 07 26.44175 20 46 11.77 -21 23 37.5          22.5 GV~9bXXF51
     K25N55G 9C2025 07 26.45202 20 46 11.19 -21 23 40.1                V~9bXXF51
     K25N55G 9C2025 07 26.47258 20 46 09.98 -21 23 45.1                V~9bXXF51
     K25N55K 9C2021 07 04.41052 20 25 06.61 -21 10 33.6                V~9bXXF51
     K25N55K 9C2021 07 04.42090 20 25 05.99 -21 10 31.9                V~9bXXF51
     K25N55K 9C2021 07 04.43126 20 25 05.39 -21 10 30.4                V~9bXXF51
     K25N55K 9C2021 07 04.44490 20 25 04.61 -21 10 28.5          21.5 GV~9bXXF51
     K25N58B 9C2025 07 27.44798 20 52 06.14 -24 39 40.8          22.3 GV~9bXdF52
     K25N58B 9C2025 07 27.45561 20 52 05.77 -24 39 44.8          22.3 GV~9bXdF52
     K25N58B 9C2025 07 27.46324 20 52 05.42 -24 39 48.6          22.5 GV~9bXdF52
     K25N61H 9C2025 06 29.49433 20 21 16.32 -23 29 17.7          21.7 GV~9bXkF51
     K25N61H 9C2025 06 29.50754 20 21 15.95 -23 29 37.5                V~9bXkF51
     K25N61H 9C2025 06 29.52132 20 21 15.56 -23 29 57.8          21.5 GV~9bXkF51
     K25N64O 9C2025 08 25.43147 22 13 25.46 -01 57 57.3          20.9 GV~9bXrF51
     K25N64O 9C2025 08 25.44349 22 13 24.82 -01 58 00.6          20.9 GV~9bXrF51
     K25N64O 9C2025 08 25.45550 22 13 24.20 -01 58 03.7          21.1 GV~9bXrF51
     K25N64Y 9C2025 07 27.43655 20 28 00.29 -23 07 52.6          22.4 GV~9bXsF52
     K25N64Y 9C2025 07 27.44418 20 27 59.96 -23 07 54.0          22.4 GV~9bXsF52
     K25N64Y 9C2025 07 27.45945 20 27 59.31 -23 07 56.8                V~9bXsF52
     K25N65G 9C2021 09 09.48256 00 34 10.87 -03 38 43.4                V~9bXsF51
     K25N65G 9C2021 09 09.51632 00 34 09.47 -03 38 56.2          22.1 GV~9bXsF51
     K25N65G 9C2021 09 09.52702 00 34 09.03 -03 39 00.4          22.3 GV~9bXsF51
     K25N66P 9C2021 08 05.49758 22 54 03.89 -07 36 21.6          21.9 GV~9bXwF51
     K25N66P 9C2021 08 05.50881 22 54 03.49 -07 36 24.6          22.1 GV~9bXwF51
     K25N66P 9C2021 08 05.52007 22 54 03.11 -07 36 27.8                V~9bXwF51
     K25N66Z 9C2020 08 13.40936 22 18 31.54 -03 09 29.2          22.4 GV~9bXxF51
     K25N66Z 9C2020 08 13.42112 22 18 30.97 -03 09 29.6          22.2 GV~9bXxF51
     K25N66Z 9C2020 08 13.43284 22 18 30.41 -03 09 30.5          22.2 GV~9bXxF51
     K25N66Z 9C2020 08 13.44458 22 18 29.83 -03 09 31.2          22.3 GV~9bXxF51
     K25N70R 9C2025 08 25.41374 22 26 19.16 -03 53 51.8          21.7 GV~9bY4F51
     K25N70R 9C2025 08 25.44674 22 26 17.74 -03 54 04.7          21.6 GV~9bY4F51
     K25N70R 9C2025 08 25.45876 22 26 17.24 -03 54 09.7          21.8 GV~9bY4F51
     K25N72O 9C2021 11 11.30950 02 44 50.29 +12 37 00.1          22.6 GV~9bY8F51
     K25N72O 9C2021 11 11.31983 02 44 49.80 +12 36 58.0          22.2 GV~9bY8F51
     K25N72O 9C2021 11 11.33019 02 44 49.31 +12 36 56.1          22.7 GV~9bY8F51
     K25N72O 9C2021 11 11.34055 02 44 48.81 +12 36 54.0          22.2 GV~9bY8F51
     K25N73P 9C2025 06 29.49107 20 03 00.70 -18 59 07.3          22.4 GV~9bYAF51
     K25N73P 9C2025 06 29.50427 20 03 00.17 -18 59 10.5          22.3 GV~9bYAF51
     K25N73P 9C2025 06 29.51802 20 02 59.55 -18 59 14.1          22.3 GV~9bYAF51
     K25N73P 9C2025 06 29.53052 20 02 58.99 -18 59 17.8          22.3 GV~9bYAF51
     K25N76L 9C2021 02 16.57339 12 04 51.28 +04 24 24.0          22.4 GV~9bYHF51
     K25N76L 9C2021 02 16.58570 12 04 50.96 +04 24 26.9          22.4 GV~9bYHF51
     K25N76L 9C2021 02 16.59799 12 04 50.63 +04 24 29.6          22.6 GV~9bYHF51
     K25N79A 9C2023 01 22.45631 10 02 00.44 +12 00 53.7          22.9 GV~9bYNF52
     K25N79A 9C2023 01 22.46718 10 02 00.08 +12 00 57.6                V~9bYNF52
     K25N79A 9C2023 01 22.47806 10 01 59.68 +12 01 01.2                V~9bYNF52
     K25N79A 9C2023 01 22.48898 10 01 59.29 +12 01 04.7          22.4 GV~9bYNF52
     K25N83Y 9C2025 08 25.44004 22 38 10.54 -02 24 20.4                V~9bYZF51
     K25N83Y 9C2025 08 25.45206 22 38 09.92 -02 24 22.3                V~9bYZF51
     K25N83Y 9C2025 08 25.46409 22 38 09.26 -02 24 24.6          21.4 GV~9bYZF51
     K25N84Q 9C2019 05 01.47331 15 18 15.54 -16 15 21.0          22.2 GV~9bYaF51
     K25N84Q 9C2019 05 01.48433 15 18 15.01 -16 15 19.7                V~9bYaF51
     K25N84Q 9C2019 05 01.49533 15 18 14.46 -16 15 17.3          21.7 GV~9bYaF51
     K25N84Q 9C2019 05 01.50634 15 18 13.91 -16 15 14.8          21.6 GV~9bYaF51
     K25N85Z 9C2022 11 23.54473 04 24 38.20 +20 01 43.0          22.6 GV~9bYdF51
     K25N85Z 9C2022 11 23.55836 04 24 37.29 +20 01 42.0                V~9bYdF51
     K25N85Z 9C2022 11 23.57195 04 24 36.40 +20 01 40.9          22.4 GV~9bYdF51
     K25N85Z 9C2022 11 23.58556 04 24 35.53 +20 01 39.9          22.6 GV~9bYdF51
     K25N87A 9C2025 06 29.49237 20 09 48.40 -19 03 26.7          21.9 GV~9bYfF51
     K25N87A 9C2025 06 29.50557 20 09 47.84 -19 03 27.0          21.9 GV~9bYfF51
     K25N87A 9C2025 06 29.51933 20 09 47.27 -19 03 26.7          21.7 GV~9bYfF51
     K25N87A 9C2025 06 29.53182 20 09 46.72 -19 03 26.4                V~9bYfF51
     K25N89J 9C2025 05 26.44642 16 32 46.82 -21 16 12.7          21.4 GV~9bYkF51
     K25N89J 9C2025 05 26.45426 16 32 46.37 -21 16 11.4          21.6 GV~9bYkF51
     K25N89J 9C2025 05 26.46994 16 32 45.44 -21 16 08.5          21.5 GV~9bYkF51
     K25N93C 9C2025 07 26.44446 20 41 35.78 -21 48 42.7                V~9bYrF51
     K25N93C 9C2025 07 26.45474 20 41 35.15 -21 48 43.7                V~9bYrF51
     K25N93C 9C2025 07 26.46503 20 41 34.54 -21 48 44.7          22.5 GV~9bYrF51
     K25N93C 9C2025 07 26.47530 20 41 33.90 -21 48 46.1          22.8 GV~9bYrF51
     K25N93U 9C2023 01 14.43638 09 29 55.19 +14 30 12.5          21.8 GV~9bYsF52
     K25N93U 9C2023 01 14.45917 09 29 54.24 +14 30 13.4          21.5 GV~9bYsF52
     K25N93U 9C2023 01 14.47063 09 29 53.76 +14 30 13.6                V~9bYsF52
     K25N94N 9C2021 10 28.44979 03 20 40.97 +01 49 10.0          22.2 GV~9bYuF51
     K25N94N 9C2021 10 28.46102 03 20 40.37 +01 49 07.9                V~9bYuF51
     K25N94N 9C2021 10 28.48362 03 20 39.22 +01 49 04.6                V~9bYuF51
     K25NA1Y 9C2025 08 25.41179 22 13 49.30 -07 58 23.1          21.9 GV~9bZCF51
     K25NA1Y 9C2025 08 25.43277 22 13 47.79 -07 58 21.5                V~9bZCF51
     K25NA1Y 9C2025 08 25.44479 22 13 46.88 -07 58 20.8          21.5 GV~9bZCF51
     K25NA1Y 9C2025 08 25.45680 22 13 45.99 -07 58 19.2          21.4 GV~9bZCF51
     K25NA2T 9C2021 07 09.46283 20 40 39.93 -11 52 37.1          21.8 GV~9bZEF51
     K25NA2T 9C2021 07 09.47389 20 40 39.36 -11 52 35.8          21.5 GV~9bZEF51
     K25NA2T 9C2021 07 09.48497 20 40 38.80 -11 52 35.0          21.4 GV~9bZEF51
     K25NA2T 9C2021 07 09.49604 20 40 38.25 -11 52 33.8          21.4 GV~9bZEF51
     K25NA7N 9C2025 07 27.43339 19 56 57.95 -27 01 32.0          21.9 GV~9bZNF52
     K25NA7N 9C2025 07 27.44102 19 56 57.50 -27 01 30.4          22.0 GV~9bZNF52
     K25NA7N 9C2025 07 27.44865 19 56 57.03 -27 01 29.0          21.9 GV~9bZNF52
     K25NB1H 9C2025 08 25.41244 22 16 34.48 -03 47 13.7          21.5 GV~9bZVF51
     K25NB1H 9C2025 08 25.43341 22 16 33.46 -03 47 21.9          21.7 GV~9bZVF51
     K25NB1H 9C2025 08 25.44544 22 16 32.80 -03 47 27.4                V~9bZVF51
     K25NB1H 9C2025 08 25.45746 22 16 32.19 -03 47 32.2          21.9 GV~9bZVF51
     K25NB1O 9C2025 06 29.49172 20 04 16.78 -15 29 20.7          21.9 GV~9bZVF51
     K25NB1O 9C2025 06 29.50492 20 04 16.25 -15 29 22.6          22.3 GV~9bZVF51
     K25NB3P 9C2022 11 16.37950 04 40 04.74 +08 38 40.4          22.7 GV~9bZaF52
     K25NB3P 9C2022 11 16.40353 04 40 03.36 +08 38 42.9          22.7 GV~9bZaF52
     K25NB3P 9C2022 11 16.41552 04 40 02.65 +08 38 43.4                V~9bZaF52
     K25NB7B 9C2021 11 26.52527 04 57 16.23 +11 59 20.0          22.4 GV~9bZhF51
     K25NB7B 9C2021 11 26.53824 04 57 15.51 +11 59 20.4          21.9 GV~9bZhF51
     K25NB7B 9C2021 11 26.55116 04 57 14.83 +11 59 20.8                V~9bZhF51
     K25NC3F 9C2025 07 27.43592 20 20 19.64 -24 55 31.1          22.0 GV~9bZtF52
     K25NC3F 9C2025 07 27.44355 20 20 19.26 -24 55 33.8          21.9 GV~9bZtF52
     K25NC3F 9C2025 07 27.45118 20 20 18.86 -24 55 36.5          21.8 GV~9bZtF52
     K25NC3F 9C2025 07 27.45882 20 20 18.48 -24 55 38.9          22.1 GV~9bZtF52
     K25NC9P 9C2025 07 27.43592 20 19 01.90 -23 44 13.5          22.2 GV~9ba5F52
     K25NC9P 9C2025 07 27.44355 20 19 01.49 -23 44 14.6          22.1 GV~9ba5F52
     K25NC9P 9C2025 07 27.45118 20 19 01.05 -23 44 16.2                V~9ba5F52
     K25NC9P 9C2025 07 27.45882 20 19 00.64 -23 44 17.7          21.9 GV~9ba5F52
     K25ND3P 9C2021 08 05.48358 22 34 05.66 -04 51 45.0          22.8 GV~9baEF51
     K25ND3P 9C2021 08 05.49488 22 34 05.20 -04 51 47.1          22.5 GV~9baEF51
     K25ND3P 9C2021 08 05.50611 22 34 04.73 -04 51 48.9                V~9baEF51
     K25ND3P 9C2021 08 05.51740 22 34 04.25 -04 51 50.9                V~9baEF51
     K25ND3R 9C2025 07 26.44370 20 51 05.53 -21 06 53.1          22.3 GV~9baEF51
     K25ND3R 9C2025 07 26.45397 20 51 05.05 -21 06 56.8          22.0 GV~9baEF51
     K25ND3R 9C2025 07 26.46426 20 51 04.56 -21 07 00.7                V~9baEF51
     K25ND3R 9C2025 07 26.47452 20 51 04.10 -21 07 04.8                V~9baEF51
     K25ND5S 9C2020 05 20.42958 16 31 12.93 -20 01 20.5          22.1 GV~9baHF51
     K25ND5S 9C2020 05 20.43857 16 31 12.41 -20 01 20.7          22.4 GV~9baHF51
     K25ND5S 9C2020 05 20.44759 16 31 11.90 -20 01 20.8          22.2 GV~9baHF51
     K25ND5S 9C2020 05 20.45705 16 31 11.36 -20 01 21.0          22.1 GV~9baHF51
     K25ND7F 9C2025 07 27.43782 20 34 04.07 -29 26 48.4          21.9 GV~9baKF52
     K25ND7F 9C2025 07 27.44545 20 34 03.69 -29 26 51.5          22.2 GV~9baKF52
     K25ND7F 9C2025 07 27.45308 20 34 03.29 -29 26 54.2                V~9baKF52
     K25ND7F 9C2025 07 27.46071 20 34 02.87 -29 26 57.3                V~9baKF52
     K25ND7Q 9C2025 07 27.43592 20 11 49.83 -23 58 44.7          22.5 GV~9baLF52
     K25ND7Q 9C2025 07 27.44355 20 11 49.39 -23 58 47.2                V~9baLF52
     K25ND7Q 9C2025 07 27.45118 20 11 49.00 -23 58 49.4          22.6 GV~9baLF52
     K25ND7Q 9C2025 07 27.45882 20 11 48.58 -23 58 52.3          22.2 GV~9baLF52
     K25NE6T 9C2025 07 20.45444 21 11 28.64 -25 27 18.8          22.5 GV~9bacF52
     K25NE6T 9C2025 07 20.46522 21 11 28.09 -25 27 19.8          22.9 GV~9bacF52
     K25NE6T 9C2025 07 20.47604 21 11 27.54 -25 27 21.2                V~9bacF52
     K25NF4C 9C2025 06 22.44962 19 42 06.49 -26 22 18.1          22.2 GV~9baqF52
     K25NF4C 9C2025 06 22.45469 19 42 06.30 -26 22 19.6                V~9baqF52
     K25NF4C 9C2025 06 22.45975 19 42 06.07 -26 22 20.8                V~9baqF52
     K25NF4C 9C2025 06 22.46482 19 42 05.87 -26 22 22.3          21.8 GV~9baqF52
     K25NG0N 9C2020 07 22.46375 21 54 19.36 -21 13 33.3                V~9bb0F51
     K25NG0N 9C2020 07 22.47463 21 54 18.93 -21 13 36.4          21.8 GV~9bb0F51
     K25NG0N 9C2020 07 22.48546 21 54 18.50 -21 13 38.9          22.0 GV~9bb0F51
     K25NG0N 9C2020 07 22.49617 21 54 18.04 -21 13 41.4                V~9bb0F51
     K25NH2D 9C2025 07 21.45604 21 06 26.10 -17 27 10.5          22.3 GV~9bbLF52
     K25NH2D 9C2025 07 21.46561 21 06 25.62 -17 27 08.7          22.1 GV~9bbLF52
     K25NH2D 9C2025 07 21.47519 21 06 25.12 -17 27 07.1                V~9bbLF52
     K25NH5X 9C2025 08 25.41374 22 33 09.25 -04 22 12.6                V~9bbSF51
     K25NH5X 9C2025 08 25.43471 22 33 08.41 -04 22 26.8          21.6 GV~9bbSF51
     K25NH5X 9C2025 08 25.45876 22 33 07.48 -04 22 43.6          21.8 GV~9bbSF51
     K25NI2K 9C2024 05 07.53247 15 21 54.25 -14 38 13.7                V~9bbiF51
     K25NI2K 9C2024 05 07.54447 15 21 53.60 -14 38 11.4          22.4 GV~9bbiF51
     K25NI2K 9C2024 05 07.55897 15 21 52.79 -14 38 08.8          22.3 GV~9bbiF51
     K25NI3A 9C2025 08 18.45325 22 42 25.31 -06 36 52.8          21.0 GV~9bblF51
     K25NI3A 9C2025 08 18.47609 22 42 24.43 -06 37 02.2          21.9 GV~9bblF51
     K25NI3A 9C2025 08 18.48750 22 42 24.02 -06 37 07.1          21.9 GV~9bblF51
     K25NI3D 9C2025 08 25.41179 22 19 44.90 -06 03 07.2                V~9bblF51
     K25NI3D 9C2025 08 25.43277 22 19 43.83 -06 03 13.0          21.7 GV~9bblF51
     K25NI3D 9C2025 08 25.44479 22 19 43.22 -06 03 16.2          21.9 GV~9bblF51
     K25NI3D 9C2025 08 25.45680 22 19 42.62 -06 03 19.7          21.9 GV~9bblF51
     K25NI3X 9C2024 05 08.37616 13 51 56.47 -07 37 33.0          22.4 GV~9bboF51
     K25NI3X 9C2024 05 08.38951 13 51 55.86 -07 37 29.5                V~9bboF51
     K25NI3X 9C2024 05 08.40286 13 51 55.23 -07 37 25.8                V~9bboF51
     K25NI5Q 9C2024 06 01.48587 16 43 27.25 -07 25 50.3          22.5 GV~9bbtF51
     K25NI5Q 9C2024 06 01.49743 16 43 26.70 -07 25 49.8          22.4 GV~9bbtF51
     K25NI5Q 9C2024 06 01.50900 16 43 26.14 -07 25 48.9          22.7 GV~9bbtF51
     K25NJ8R 9C2022 11 23.54602 04 29 44.73 +17 40 55.9                V~9bcLF51
     K25NJ8R 9C2022 11 23.55966 04 29 43.78 +17 40 57.3          22.4 GV~9bcLF51
     K25NJ8R 9C2022 11 23.57324 04 29 42.85 +17 40 58.5          22.6 GV~9bcLF51
     K25NJ8R 9C2022 11 23.58685 04 29 41.90 +17 40 59.0                V~9bcLF51
     K25NJ8T 9C2024 03 17.47435 12 20 03.58 -01 35 31.2          22.6 GV~9bcMF51
     K25NJ8T 9C2024 03 17.51580 12 20 01.56 -01 35 19.1                V~9bcMF51
     K25NJ9B 9C2025 06 29.49692 20 25 44.88 -23 25 55.4          22.0 GV~9bcMF51
     K25NJ9B 9C2025 06 29.51076 20 25 44.41 -23 25 57.4          22.2 GV~9bcMF51
     K25NJ9B 9C2025 06 29.52390 20 25 43.98 -23 25 59.5          21.8 GV~9bcMF51
     K25NJ9B 9C2025 06 29.53702 20 25 43.59 -23 26 01.4          21.8 GV~9bcMF51
     K25O61R 9C2025 07 26.45267 20 53 02.04 -18 03 15.8                V~9bclF51
     K25O61R 9C2025 07 26.46297 20 53 01.56 -18 03 19.1          22.0 GV~9bclF51
     K25O61R 9C2025 07 26.47323 20 53 01.09 -18 03 22.5          22.1 GV~9bclF51
     K25O73B 9C2025 07 26.45267 20 50 45.16 -16 47 37.6          22.8 GV~9bdAF51
     K25O73B 9C2025 07 26.46297 20 50 44.61 -16 47 38.0                V~9bdAF51
     K25O73B 9C2025 07 26.47323 20 50 44.07 -16 47 38.4          22.9 GV~9bdAF51
     K25O75O 9C2021 11 01.38497 03 18 03.66 +11 17 25.5          22.2 GV~9bdFF51
     K25O75O 9C2021 11 01.39598 03 18 03.12 +11 17 22.9          22.3 GV~9bdFF51
     K25O75O 9C2021 11 01.40696 03 18 02.59 +11 17 20.8                V~9bdFF51
     K25O75O 9C2021 11 01.41797 03 18 02.08 +11 17 18.2          22.0 GV~9bdFF51
     K25O76R 9C2022 10 19.54410 02 55 26.39 +06 53 38.9                V~9bdIF52
     K25O76R 9C2022 10 19.55546 02 55 25.90 +06 53 33.5                V~9bdIF52
     K25O76R 9C2022 10 19.56685 02 55 25.38 +06 53 28.1          21.7 GV~9bdIF52
     K25O76R 9C2022 10 19.57822 02 55 24.87 +06 53 22.6          22.1 GV~9bdIF52
     K25O79Y 9C2025 07 21.45540 21 00 08.04 -21 21 37.7          21.9 GV~9bdPF52
     K25O79Y 9C2025 07 21.46497 21 00 07.59 -21 21 43.2          22.3 GV~9bdPF52
     K25O79Y 9C2025 07 21.47455 21 00 07.12 -21 21 47.9                V~9bdPF52
     K25O79Y 9C2025 07 21.48415 21 00 06.66 -21 21 53.0          22.0 GV~9bdPF52
     K25O87S 9C2021 08 31.47125 23 35 11.39 -07 24 06.5          21.9 GV~9bdgF51
     K25O87S 9C2021 08 31.48357 23 35 10.85 -07 24 12.3                V~9bdgF51
     K25O87S 9C2021 08 31.49584 23 35 10.30 -07 24 18.2          21.8 GV~9bdgF51
     K25O87S 9C2021 08 31.52547 23 35 08.98 -07 24 32.1          22.0 GV~9bdgF51
     K25O89M 9C2025 07 21.45667 21 19 03.44 -20 01 09.4          22.5 GV~9bdlF52
     K25O89M 9C2025 07 21.46624 21 19 02.91 -20 01 11.0          22.7 GV~9bdlF52
     K25O89M 9C2025 07 21.47582 21 19 02.40 -20 01 12.6                V~9bdlF52
     K25O89M 9C2025 07 21.48542 21 19 01.87 -20 01 14.4                V~9bdlF52
     K25O92H 9C2025 07 24.47921 21 08 15.49 -14 36 14.0                V~9bdrF51
     K25O92H 9C2025 07 24.49088 21 08 14.92 -14 36 15.9          21.7 GV~9bdrF51
     K25O92H 9C2025 07 24.50254 21 08 14.37 -14 36 17.8          21.6 GV~9bdrF51
     K25O92H 9C2025 07 24.51423 21 08 13.83 -14 36 19.9          21.7 GV~9bdrF51
     K25O94S 9C2025 08 17.38489 21 16 37.73 -22 14 41.7          21.6 GV~9bdwF51
     K25O94S 9C2025 08 17.39600 21 16 37.09 -22 14 44.9          22.0 GV~9bdwF51
     K25O94S 9C2025 08 17.40712 21 16 36.56 -22 14 49.0          22.0 GV~9bdwF51
     K25O94S 9C2025 08 17.41824 21 16 35.99 -22 14 52.8          21.4 GV~9bdwF51
     K25O95L 9C2025 07 26.44240 20 53 40.08 -17 24 16.5          22.3 GV~9bdyF51
     K25O95L 9C2025 07 26.45267 20 53 39.57 -17 24 20.7          22.6 GV~9bdyF51
     K25O95L 9C2025 07 26.46297 20 53 39.08 -17 24 25.1                V~9bdyF51
     K25OA2C 9C2025 08 17.38618 21 08 30.61 -18 33 03.9          21.4 GV~9beBF51
     K25OA2C 9C2025 08 17.39731 21 08 29.93 -18 33 03.3          21.9 GV~9beBF51
     K25OA2C 9C2025 08 17.40842 21 08 29.29 -18 33 02.4          21.6 GV~9beBF51
     K25OA6P 9C2020 09 13.45250 00 44 12.21 +04 49 24.8          22.0 GV~9beJF51
     K25OA6P 9C2020 09 13.46449 00 44 11.74 +04 49 22.2          22.1 GV~9beJF51
     K25OA6P 9C2020 09 13.47648 00 44 11.30 +04 49 19.4          22.1 GV~9beJF51
     K25OA6P 9C2020 09 13.48852 00 44 10.85 +04 49 17.0          22.3 GV~9beJF51
     K25OA7N 9C2020 09 13.45314 00 52 00.69 +02 02 43.0          22.6 GV~9beKF51
     K25OA7N 9C2020 09 13.46514 00 52 00.23 +02 02 40.1          22.3 GV~9beKF51
     K25OA7N 9C2020 09 13.48917 00 51 59.29 +02 02 33.7                V~9beKF51
     K25OA9S 9C2025 07 21.45667 21 18 34.19 -19 51 35.3          21.9 GV~9beNF52
     K25OA9S 9C2025 07 21.46624 21 18 33.63 -19 51 36.0          22.2 GV~9beNF52
     K25OA9S 9C2025 07 21.47582 21 18 33.07 -19 51 36.7          21.9 GV~9beNF52
     K25OB2G 9C2021 10 30.39538 02 48 56.74 +00 05 08.2          21.9 GV~9beRF51
     K25OB2G 9C2021 10 30.41617 02 48 55.62 +00 05 03.9          21.9 GV~9beRF51
     K25OB2G 9C2021 10 30.42884 02 48 54.91 +00 05 01.5          22.6 GV~9beRF51
     K25OB2G 9C2021 10 30.44156 02 48 54.21 +00 04 59.2          21.8 GV~9beRF51
     K25OB5W 9C2021 11 27.45930 04 32 11.32 +01 51 32.2                V~9beXF51
     K25OB5W 9C2021 11 27.47188 04 32 10.69 +01 51 31.9                V~9beXF51
     K25OB5W 9C2021 11 27.49703 04 32 09.41 +01 51 31.1          22.1 GV~9beXF51
     K25OB8M 9C2025 08 17.38489 21 15 19.92 -21 41 48.7          21.3 GV~9bebF51
     K25OB8M 9C2025 08 17.39600 21 15 19.27 -21 41 51.4          21.3 GV~9bebF51
     K25OB8M 9C2025 08 17.40712 21 15 18.61 -21 41 54.8          21.3 GV~9bebF51
     K25OB8M 9C2025 08 17.41824 21 15 17.93 -21 41 58.2          21.3 GV~9bebF51
     K25OC8A 9C2020 10 15.39399 02 54 36.70 +22 13 50.3                V~9bepF51
     K25OC8A 9C2020 10 15.40724 02 54 36.16 +22 13 47.7          21.9 GV~9bepF51
     K25OC8A 9C2020 10 15.42050 02 54 35.64 +22 13 45.3          22.2 GV~9bepF51
     K25OC8A 9C2020 10 15.43363 02 54 35.08 +22 13 42.9          22.1 GV~9bepF51
     K25OC8M 9C2025 07 26.45267 20 52 25.59 -16 53 11.5                V~9beqF51
     K25OC8M 9C2025 07 26.46297 20 52 24.98 -16 53 14.3          22.1 GV~9beqF51
     K25OC8M 9C2025 07 26.47323 20 52 24.39 -16 53 17.1                V~9beqF51
     K25OD1H 9C2025 08 18.44581 22 11 17.87 -05 38 18.0          22.9 GV~9beuF51
     K25OD1H 9C2025 08 18.45722 22 11 16.78 -05 38 14.0                V~9beuF51
     K25OD1H 9C2025 08 18.48008 22 11 14.54 -05 38 05.4                V~9beuF51
     K25OD1M 9C2023 01 23.42516 09 20 34.15 +14 29 16.5          22.1 GV~9bevF52
     K25OD1M 9C2023 01 23.43728 09 20 33.56 +14 29 18.4          22.4 GV~9bevF52
     K25OD1M 9C2023 01 23.44945 09 20 32.99 +14 29 21.3          22.2 GV~9bevF52
     K25OD1M 9C2023 01 23.46169 09 20 32.38 +14 29 23.3                V~9bevF52
     K25OD6K 9C2025 08 17.38618 21 05 50.51 -17 59 15.7          21.2 GV~9bf2F51
     K25OD6K 9C2025 08 17.39731 21 05 49.98 -17 59 17.9          21.3 GV~9bf2F51
     K25OD6K 9C2025 08 17.40842 21 05 49.43 -17 59 20.3          21.8 GV~9bf2F51
     K25OE1K 9C2025 08 17.38489 21 18 24.90 -21 17 10.8          21.4 GV~9bfAF51
     K25OE1K 9C2025 08 17.39600 21 18 24.35 -21 17 13.8          21.6 GV~9bfAF51
     K25OE1K 9C2025 08 17.40712 21 18 23.81 -21 17 17.5          21.9 GV~9bfAF51
     K25OE2V 9C2021 08 05.48836 22 27 32.71 -05 17 05.8          22.4 GV~9bfDF51
     K25OE2V 9C2021 08 05.49962 22 27 32.27 -05 17 10.3                V~9bfDF51
     K25OE2V 9C2021 08 05.52214 22 27 31.37 -05 17 19.1                V~9bfDF51
     K25OE5P 9C2023 01 14.55939 09 21 20.52 +20 22 27.5          21.9 GV~9bfIF52
     K25OE5P 9C2023 01 14.57239 09 21 19.91 +20 22 30.5          21.6 GV~9bfIF52
     K25OE5P 9C2023 01 14.58533 09 21 19.30 +20 22 33.1          21.9 GV~9bfIF52
     K25OE9W 9C2025 08 18.40404 21 57 46.43 -07 12 11.4          22.2 GV~9bfQF51
     K25OE9W 9C2025 08 18.41709 21 57 45.78 -07 12 16.4          22.1 GV~9bfQF51
     K25OE9W 9C2025 08 18.42990 21 57 45.16 -07 12 21.2          21.9 GV~9bfQF51
     K25OE9W 9C2025 08 18.44275 21 57 44.56 -07 12 26.0                V~9bfQF51
     K25OF2F 9C2025 08 17.38554 21 16 44.87 -19 13 23.6          22.1 GV~9bfTF51
     K25OF2F 9C2025 08 17.39666 21 16 44.33 -19 13 25.6          22.4 GV~9bfTF51
     K25OF2F 9C2025 08 17.40777 21 16 43.78 -19 13 27.5                V~9bfTF51
     K25OF2F 9C2025 08 17.41889 21 16 43.25 -19 13 29.5          22.1 GV~9bfTF51
     K25OF6M 9C2024 04 09.45591 13 50 34.12 -17 39 05.4          22.5 GV~9bfZF51
     K25OF6M 9C2024 04 09.46709 13 50 33.54 -17 39 02.2                V~9bfZF51
     K25OF6M 9C2024 04 09.48949 13 50 32.39 -17 38 55.9          22.5 GV~9bfZF51
     K25OF8S 9C2025 08 17.38618 21 06 04.80 -17 32 41.5          20.6 GV~9bfdF51
     K25OF8S 9C2025 08 17.39731 21 06 04.26 -17 32 43.7          20.7 GV~9bfdF51
     K25OF8S 9C2025 08 17.40842 21 06 03.73 -17 32 45.9          20.9 GV~9bfdF51
     K25OF8X 9C2025 08 17.40313 21 53 22.87 -22 12 35.1          22.5 GV~9bfdF51
     K25OF8X 9C2025 08 17.41426 21 53 22.27 -22 12 37.8          22.7 GV~9bfdF51
     K25OG5G 9C2025 08 17.38618 21 05 51.13 -17 41 41.9          21.5 GV~9bfmF51
     K25OG5G 9C2025 08 17.39731 21 05 50.37 -17 41 40.5          21.8 GV~9bfmF51
     K25OG5G 9C2025 08 17.40842 21 05 49.63 -17 41 39.7          21.8 GV~9bfmF51
     K25OG5G 9C2025 08 17.41954 21 05 48.86 -17 41 37.8          21.7 GV~9bfmF51
     K25OG5N 9C2025 07 27.44608 20 44 51.40 -27 04 14.0          21.9 GV~9bfmF52
     K25OG5N 9C2025 07 27.45371 20 44 50.97 -27 04 14.9          22.0 GV~9bfmF52
     K25OG5N 9C2025 07 27.46135 20 44 50.55 -27 04 15.1          22.0 GV~9bfmF52
     K25OG8C 9C2025 07 24.48869 21 03 30.31 -12 12 17.4                V~9bfrF51
     K25OG8C 9C2025 07 24.50035 21 03 29.61 -12 12 14.3                V~9bfrF51
     K25OG8C 9C2025 07 24.51203 21 03 28.93 -12 12 11.3          21.9 GV~9bfrF51
     K25OH5C 9C2025 08 18.44516 22 06 57.43 -06 11 37.1          22.2 GV~9bg7F51
     K25OH5C 9C2025 08 18.46799 22 06 56.14 -06 11 41.8                V~9bg7F51
     K25OH5C 9C2025 08 18.47943 22 06 55.49 -06 11 43.8          21.9 GV~9bg7F51
     K25OH8M 9C2025 08 19.48571 23 54 05.65 -05 44 21.1          21.6 GV~9bgFF51
     K25OH8M 9C2025 08 19.49685 23 54 05.23 -05 44 24.3          21.6 GV~9bgFF51
     K25OH8M 9C2025 08 19.50819 23 54 04.80 -05 44 27.5          21.5 GV~9bgFF51
     K25OH8M 9C2025 08 19.51935 23 54 04.37 -05 44 30.7          21.2 GV~9bgFF51
     K25OI3L 9C2025 08 17.38748 21 30 25.28 -18 01 15.7                V~9bgRF51
     K25OI3L 9C2025 08 17.39860 21 30 24.77 -18 01 20.2          22.5 GV~9bgRF51
     K25OI3L 9C2025 08 17.40972 21 30 24.26 -18 01 24.7          22.3 GV~9bgRF51
     K25OI3M 9C2025 08 19.43854 22 48 02.09 -07 19 00.0          21.8 GV~9bgRF51
     K25OI3M 9C2025 08 19.44979 22 48 01.51 -07 19 00.0          21.5 GV~9bgRF51
     K25OI3M 9C2025 08 19.46103 22 48 00.96 -07 19 00.1          21.8 GV~9bgRF51
     K25OI3M 9C2025 08 19.47226 22 48 00.39 -07 19 00.4          21.6 GV~9bgRF51
     K25OI4J 9C2025 08 19.48700 23 45 28.94 -07 01 20.5          21.2 GV~9bgTF51
     K25OI4J 9C2025 08 19.49815 23 45 28.65 -07 01 23.9          21.9 GV~9bgTF51
     K25OI4J 9C2025 08 19.50950 23 45 28.31 -07 01 27.9          21.2 GV~9bgTF51
     K25OI4J 9C2025 08 19.52064 23 45 27.99 -07 01 30.9          21.1 GV~9bgTF51
     K25OI8W 9C2020 09 13.46514 00 55 16.78 +00 35 59.3                V~9bgdF51
     K25OI8W 9C2020 09 13.47712 00 55 16.35 +00 35 55.5          22.3 GV~9bgdF51
     K25OI8W 9C2020 09 13.48917 00 55 15.89 +00 35 51.6          22.4 GV~9bgdF51
     K25OI9L 9C2025 08 17.38618 21 11 30.90 -16 51 30.2          21.0 GV~9bgfF51
     K25OI9L 9C2025 08 17.39731 21 11 30.32 -16 51 38.5          21.0 GV~9bgfF51
     K25OI9L 9C2025 08 17.40842 21 11 29.73 -16 51 45.8          21.2 GV~9bgfF51
     K25OI9L 9C2025 08 17.41954 21 11 29.15 -16 51 52.9          21.0 GV~9bgfF51
     K25OI9T 9C2025 08 19.48506 23 45 45.91 +00 11 54.8          21.6 GV~9bgfF51
     K25OI9T 9C2025 08 19.49620 23 45 45.50 +00 11 55.3          21.6 GV~9bgfF51
     K25OI9T 9C2025 08 19.50754 23 45 45.07 +00 11 56.7          22.1 GV~9bgfF51
     K25OI9T 9C2025 08 19.51870 23 45 44.68 +00 11 57.5          21.9 GV~9bgfF51
     K25OJ2H 9C2025 07 24.48062 21 31 22.34 -16 45 42.7                V~9bgmF51
     K25OJ2H 9C2025 07 24.49230 21 31 21.70 -16 45 43.9          21.8 GV~9bgmF51
     K25OJ2H 9C2025 07 24.50396 21 31 21.02 -16 45 45.1          21.7 GV~9bgmF51
     K25OJ2H 9C2025 07 24.51564 21 31 20.37 -16 45 45.3          21.7 GV~9bgmF51
     K25OJ5G 9C2025 08 19.48571 23 48 29.02 -06 01 03.9          21.5 GV~9bgsF51
     K25OJ5G 9C2025 08 19.49685 23 48 28.63 -06 01 07.5          21.8 GV~9bgsF51
     K25OJ5G 9C2025 08 19.50819 23 48 28.22 -06 01 11.0          21.8 GV~9bgsF51
     K25OJ5G 9C2025 08 19.51935 23 48 27.84 -06 01 14.8          21.5 GV~9bgsF51
     K25OJ6W 9C2025 08 17.39731 21 10 36.29 -17 35 50.4          20.6 GV~9bgwF51
     K25OJ6W 9C2025 08 17.40842 21 10 35.70 -17 35 53.7          21.5 GV~9bgwF51
     K25OJ6W 9C2025 08 17.41954 21 10 35.11 -17 35 57.1          20.6 GV~9bgwF51
     K25OJ7Z 9C2020 07 22.46504 21 56 57.40 -22 56 16.9          22.2 GV~9bgzF51
     K25OJ7Z 9C2020 07 22.47592 21 56 56.86 -22 56 18.4          21.8 GV~9bgzF51
     K25OJ7Z 9C2020 07 22.48675 21 56 56.33 -22 56 19.8          22.1 GV~9bgzF51
     K25OJ7Z 9C2020 07 22.49746 21 56 55.80 -22 56 20.8                V~9bgzF51
     K25OJ9S 9C2025 08 17.39731 21 15 21.35 -17 41 18.4          20.4 GV~9bh3F51
     K25OJ9S 9C2025 08 17.40842 21 15 20.80 -17 41 21.4          20.9 GV~9bh3F51
     K25OJ9S 9C2025 08 17.41954 21 15 20.24 -17 41 24.2          21.1 GV~9bh3F51
     K25OK1N 9C2025 08 17.38618 21 16 28.57 -17 43 31.6          20.5 GV~9bh8F51
     K25OK1N 9C2025 08 17.39731 21 16 27.94 -17 43 37.3          20.8 GV~9bh8F51
     K25OK1N 9C2025 08 17.40842 21 16 27.34 -17 43 42.5          21.0 GV~9bh8F51
     K25OK1N 9C2025 08 17.41954 21 16 26.76 -17 43 47.9          20.7 GV~9bh8F51
     K25OK3A 9C2025 08 19.48506 23 47 34.90 +00 36 07.1          21.7 GV~9bhCF51
     K25OK3A 9C2025 08 19.49620 23 47 34.44 +00 36 07.6          21.7 GV~9bhCF51
     K25OK3A 9C2025 08 19.50754 23 47 33.97 +00 36 08.5          21.8 GV~9bhCF51
     K25OK3A 9C2025 08 19.51870 23 47 33.55 +00 36 09.0          21.7 GV~9bhCF51
     K25OK8Q 9C2025 08 17.39072 21 43 32.80 -15 52 00.4          21.9 GV~9bhQF51
     K25OK8Q 9C2025 08 17.40184 21 43 32.25 -15 52 06.0          22.2 GV~9bhQF51
     K25OK8Q 9C2025 08 17.41297 21 43 31.73 -15 52 11.6          21.9 GV~9bhQF51
     K25OL1E 9C2025 08 18.45255 22 53 35.19 -05 21 26.5          20.9 GV~9bhWF51
     K25OL1E 9C2025 08 18.46396 22 53 34.70 -05 21 28.4          20.3 GV~9bhWF51
     K25OL1E 9C2025 08 18.47540 22 53 34.22 -05 21 31.3          21.0 GV~9bhWF51
     K25OL1E 9C2025 08 18.48681 22 53 33.77 -05 21 33.8          20.9 GV~9bhWF51
     K25OL5M 9C2025 08 19.48506 23 49 53.53 +00 58 52.9          21.9 GV~9bhhF51
     K25OL5M 9C2025 08 19.49620 23 49 53.23 +00 58 50.4          21.8 GV~9bhhF51
     K25OL5M 9C2025 08 19.50754 23 49 52.91 +00 58 48.1          22.1 GV~9bhhF51
     K25OL5M 9C2025 08 19.51870 23 49 52.63 +00 58 45.4          22.1 GV~9bhhF51
     K25OM1M 9C2024 06 12.36939 16 26 27.86 -16 24 23.0                V~9bhxF52
     K25OM1M 9C2024 06 12.38196 16 26 27.25 -16 24 22.6          22.0 GV~9bhxF52
     K25OM1M 9C2024 06 12.39453 16 26 26.63 -16 24 21.9                V~9bhxF52
     K25OM1M 9C2024 06 12.40707 16 26 26.01 -16 24 21.0          21.9 GV~9bhxF52
     K25OM2G 9C2024 04 01.36848 13 29 44.10 +00 33 58.5          22.2 GV~9bhzF51
     K25OM2G 9C2024 04 01.39084 13 29 42.84 +00 34 10.5                V~9bhzF51
     K25OM2G 9C2024 04 01.40199 13 29 42.22 +00 34 16.6          22.5 GV~9bhzF51
     K25ON1Y 9C2025 08 19.48571 23 49 07.37 -05 17 13.2          21.7 GV~9biMF51
     K25ON1Y 9C2025 08 19.50819 23 49 06.58 -05 17 20.2          21.9 GV~9biMF51
     K25ON1Y 9C2025 08 19.51935 23 49 06.17 -05 17 23.9          21.3 GV~9biMF51
     K25ON3N 9C2020 09 13.45443 00 45 19.00 +06 54 11.6          22.2 GV~9biQF51
     K25ON3N 9C2020 09 13.46643 00 45 18.55 +06 54 08.7          22.0 GV~9biQF51
     K25ON3N 9C2020 09 13.47841 00 45 18.08 +06 54 05.6          22.4 GV~9biQF51
     K25ON3N 9C2020 09 13.49048 00 45 17.64 +06 54 03.1                V~9biQF51
     K25ON5B 9C2023 01 23.42959 09 40 51.88 +14 53 48.7          23.1 GV~9biUF52
     K25ON5B 9C2023 01 23.44172 09 40 51.35 +14 53 50.3          22.9 GV~9biUF52
     K25ON5B 9C2023 01 23.45390 09 40 50.79 +14 53 51.8                V~9biUF52
     K25ON5T 9C2024 06 06.39414 16 00 04.34 -20 13 37.3          22.0 GV~9biVF52
     K25ON5T 9C2024 06 06.40208 16 00 03.92 -20 13 36.7          21.7 GV~9biVF52
     K25ON5T 9C2024 06 06.41006 16 00 03.49 -20 13 36.3          22.0 GV~9biVF52
     K25ON5T 9C2024 06 06.41801 16 00 03.14 -20 13 35.1                V~9biVF52
     K25ON6J 9C2020 07 18.41649 20 27 07.76 -26 08 14.6          22.6 GV~9biXF51
     K25ON6J 9C2020 07 18.42733 20 27 07.17 -26 08 16.3          22.5 GV~9biXF51
     K25ON6J 9C2020 07 18.43813 20 27 06.54 -26 08 17.9          22.1 GV~9biXF51
     K25ON6J 9C2020 07 18.44895 20 27 05.93 -26 08 20.1                V~9biXF51
     K25ON9T 9C2022 10 23.40259 03 37 44.63 +23 38 14.8          22.4 GV~9bifF52
     K25ON9T 9C2022 10 23.41588 03 37 44.01 +23 38 14.0          22.7 GV~9bifF52
     K25ON9T 9C2022 10 23.42922 03 37 43.38 +23 38 12.6                V~9bifF52
     K25ON9T 9C2022 10 23.44269 03 37 42.77 +23 38 11.8          22.3 GV~9bifF52
     K25OO1U 9C2025 08 19.48571 23 54 21.35 -04 13 38.7          21.6 GV~9bikF51
     K25OO1U 9C2025 08 19.49685 23 54 21.04 -04 13 42.9          21.7 GV~9bikF51
     K25OO1U 9C2025 08 19.50819 23 54 20.73 -04 13 47.7          21.8 GV~9bikF51
     K25OO1U 9C2025 08 19.51935 23 54 20.42 -04 13 52.1          21.9 GV~9bikF51
     K25OP0V 9C2020 09 17.41450 01 09 11.73 +19 11 38.7          22.4 GV~9bj6F51
     K25OP0V 9C2020 09 17.42875 01 09 11.15 +19 11 38.2          22.3 GV~9bj6F51
     K25OP0V 9C2020 09 17.44299 01 09 10.56 +19 11 37.7          22.4 GV~9bj6F51
     K25OP0V 9C2020 09 17.45726 01 09 09.97 +19 11 37.1          22.7 GV~9bj6F51
     K25OP1U 9C2025 08 19.49620 23 49 06.39 -00 28 29.6          22.0 GV~9bj8F51
     K25OP1U 9C2025 08 19.50754 23 49 06.09 -00 28 32.4          22.0 GV~9bj8F51
     K25OP1U 9C2025 08 19.51870 23 49 05.78 -00 28 34.6          22.0 GV~9bj8F51
     K25OP2B 9C2025 08 19.48571 23 49 46.01 -04 37 08.0          21.4 GV~9bj9F51
     K25OP2B 9C2025 08 19.49685 23 49 45.65 -04 37 09.8          21.5 GV~9bj9F51
     K25OP2B 9C2025 08 19.50819 23 49 45.28 -04 37 11.7          21.5 GV~9bj9F51
     K25OP2B 9C2025 08 19.51935 23 49 44.94 -04 37 13.4          21.7 GV~9bj9F51
     K25OP2T 9C2025 08 19.48506 23 53 07.99 +00 46 07.7          21.5 GV~9bjAF51
     K25OP2T 9C2025 08 19.50754 23 53 07.36 +00 46 04.0          21.6 GV~9bjAF51
     K25OP2T 9C2025 08 19.51870 23 53 07.05 +00 46 02.2          21.5 GV~9bjAF51
     K25OP9H 9C2025 08 19.49620 23 48 17.83 -00 57 47.7          21.6 GV~9bjPF51
     K25OP9H 9C2025 08 19.50754 23 48 17.45 -00 57 50.0          21.9 GV~9bjPF51
     K25OP9H 9C2025 08 19.51870 23 48 17.14 -00 57 52.0          21.7 GV~9bjPF51
     K25OQ0R 9C2025 08 19.49815 23 49 21.23 -06 31 35.3          22.1 GV~9bjSF51
     K25OQ0R 9C2025 08 19.50950 23 49 20.86 -06 31 37.7          21.6 GV~9bjSF51
     K25OQ0R 9C2025 08 19.52064 23 49 20.45 -06 31 39.7          21.8 GV~9bjSF51
     K25OQ0U 9C2025 08 17.38618 21 10 00.08 -16 51 57.0          21.2 GV~9bjSF51
     K25OQ0U 9C2025 08 17.39731 21 09 59.45 -16 51 57.1          21.1 GV~9bjSF51
     K25OQ0U 9C2025 08 17.40842 21 09 58.86 -16 51 57.2          20.9 GV~9bjSF51
     K25OQ0U 9C2025 08 17.41954 21 09 58.29 -16 51 57.4          21.4 GV~9bjSF51
     K25OQ7V 9C2025 08 19.48571 23 50 07.12 -03 47 34.0          21.8 GV~9bjjF51
     K25OQ7V 9C2025 08 19.49685 23 50 06.77 -03 47 36.1          21.5 GV~9bjjF51
     K25OQ7V 9C2025 08 19.50819 23 50 06.43 -03 47 38.1          21.7 GV~9bjjF51
     K25OQ7V 9C2025 08 19.51935 23 50 06.08 -03 47 40.9          21.3 GV~9bjjF51
     K25OR3T 9C2022 10 17.51964 02 39 05.82 +21 36 11.0          20.9 GV~9bk4F52
     K25OR3T 9C2022 10 17.53318 02 39 04.96 +21 36 08.6          20.9 GV~9bk4F52
     K25OR3T 9C2022 10 17.54666 02 39 04.13 +21 36 06.7          21.0 GV~9bk4F52
     K25OR3T 9C2022 10 17.56020 02 39 03.30 +21 36 04.7          20.8 GV~9bk4F52
     K25OR7V 9C2025 08 18.40210 22 00 42.53 -14 38 07.2          21.8 GV~9bkHF51
     K25OR7V 9C2025 08 18.41496 22 00 41.87 -14 38 09.2          22.0 GV~9bkHF51
     K25OR7V 9C2025 08 18.42796 22 00 41.23 -14 38 11.0                V~9bkHF51
     K25OR9F 9C2021 10 11.49695 01 56 52.03 +14 19 20.8          22.3 GV~9bkMF51
     K25OR9F 9C2021 10 11.50863 01 56 51.41 +14 19 18.9          22.4 GV~9bkMF51
     K25OR9F 9C2021 10 11.52036 01 56 50.78 +14 19 16.8          22.5 GV~9bkMF51
     K25OR9F 9C2021 10 11.53202 01 56 50.17 +14 19 14.9                V~9bkMF51
     K25OR9Z 9C2025 08 19.48506 23 52 47.27 -00 31 18.6          21.5 GV~9bkOF51
     K25OR9Z 9C2025 08 19.49620 23 52 47.15 -00 31 25.4          21.8 GV~9bkOF51
     K25OR9Z 9C2025 08 19.50754 23 52 47.01 -00 31 32.0          22.0 GV~9bkOF51
     K25OR9Z 9C2025 08 19.51870 23 52 46.86 -00 31 37.9          21.7 GV~9bkOF51
     K25OS0B 9C2025 08 18.45255 22 58 25.12 -06 32 55.0          20.2 GV~9bkOF51
     K25OS0B 9C2025 08 18.46396 22 58 24.71 -06 33 02.9          21.0 GV~9bkOF51
     K25OS0B 9C2025 08 18.47540 22 58 24.32 -06 33 10.8          20.1 GV~9bkOF51
     K25OS0B 9C2025 08 18.48681 22 58 23.90 -06 33 18.9          20.5 GV~9bkOF51
     K25OS0G 9C2021 11 11.30950 02 44 16.17 +11 03 35.7          22.4 GV~9bkPF51
     K25OS0G 9C2021 11 11.31983 02 44 15.62 +11 03 33.7          22.4 GV~9bkPF51
     K25OS0G 9C2021 11 11.33019 02 44 15.06 +11 03 31.8          22.5 GV~9bkPF51
     K25OS0G 9C2021 11 11.34055 02 44 14.52 +11 03 29.8                V~9bkPF51
     K25OS8H 9C2025 08 18.45325 22 43 55.01 -06 21 44.7                V~9bkpF51
     K25OS8H 9C2025 08 18.46465 22 43 54.46 -06 21 48.0          21.8 GV~9bkpF51
     K25OS8H 9C2025 08 18.47609 22 43 53.95 -06 21 50.8                V~9bkpF51
     K25OT0Q 9C2021 09 04.46826 00 57 25.47 +06 54 05.3          21.9 GV~9bkwF51
     K25OT0Q 9C2021 09 04.48011 00 57 25.14 +06 54 03.5          22.0 GV~9bkwF51
     K25OT0Q 9C2021 09 04.49190 00 57 24.80 +06 54 01.5          21.8 GV~9bkwF51
     K25OT0Q 9C2021 09 04.50372 00 57 24.45 +06 53 59.0          21.8 GV~9bkwF51
     K25OU1J 9C2019 07 25.37859 20 09 31.23 -09 48 25.0          21.9 GV~9blUF51
     K25OU1J 9C2019 07 25.39061 20 09 30.67 -09 48 30.0          21.8 GV~9blUF51
     K25OU1J 9C2019 07 25.40262 20 09 30.12 -09 48 35.0          21.5 GV~9blUF51
     K25OU1J 9C2019 07 25.41462 20 09 29.56 -09 48 39.9          21.6 GV~9blUF51
     K25OU5Q 9C2025 08 19.48571 23 53 11.73 -03 38 58.1          21.8 GV~9blgF51
     K25OU5Q 9C2025 08 19.49685 23 53 11.35 -03 39 01.3          22.0 GV~9blgF51
     K25OU5Q 9C2025 08 19.50819 23 53 10.94 -03 39 03.8          21.8 GV~9blgF51
     K25OU5Q 9C2025 08 19.51935 23 53 10.57 -03 39 07.2          21.5 GV~9blgF51
     K25OU8D 9C2025 08 19.49815 23 43 58.73 -06 54 03.0          21.8 GV~9bloF51
     K25OU8D 9C2025 08 19.50950 23 43 58.27 -06 54 05.3          21.2 GV~9bloF51
     K25OU8D 9C2025 08 19.52064 23 43 57.83 -06 54 08.2          21.6 GV~9bloF51
     K25OU8Q 9C2025 08 18.40210 22 00 29.11 -12 45 46.9                V~9blpF51
     K25OU8Q 9C2025 08 18.41496 22 00 28.50 -12 45 50.1                V~9blpF51
     K25OU8Q 9C2025 08 18.42796 22 00 27.89 -12 45 53.0                V~9blpF51
     K25OU8Q 9C2025 08 18.44081 22 00 27.29 -12 45 56.0          22.8 GV~9blpF51
     K25OV4E 9C2023 01 14.55939 09 29 31.21 +21 58 52.6          22.1 GV~9bm6F52
     K25OV4E 9C2023 01 14.57239 09 29 30.54 +21 58 56.0          22.1 GV~9bm6F52
     K25OV4E 9C2023 01 14.58533 09 29 29.87 +21 58 59.0          21.9 GV~9bm6F52
     K25OV6J 9C2025 08 19.43789 22 33 23.26 -07 39 47.4                V~9bmDF51
     K25OV6J 9C2025 08 19.44914 22 33 22.59 -07 39 46.6          22.2 GV~9bmDF51
     K25OV6J 9C2025 08 19.46037 22 33 21.88 -07 39 45.9          21.5 GV~9bmDF51
     K25OV6J 9C2025 08 19.47161 22 33 21.18 -07 39 45.2          21.6 GV~9bmDF51
     K25OV9A 9C2025 08 18.45190 22 58 06.64 -03 38 12.2          21.0 GV~9bmMF51
     K25OV9A 9C2025 08 18.46332 22 58 06.09 -03 38 14.4          20.3 GV~9bmMF51
     K25OV9A 9C2025 08 18.47475 22 58 05.59 -03 38 16.6          20.4 GV~9bmMF51
     K25OV9A 9C2025 08 18.48616 22 58 05.06 -03 38 18.9          20.5 GV~9bmMF51
     K25OW1R 9C2019 07 25.37988 20 23 28.61 -11 52 55.6          22.5 GV~9bmTF51
     K25OW1R 9C2019 07 25.39189 20 23 28.06 -11 52 58.8          22.0 GV~9bmTF51
     K25OW1R 9C2019 07 25.40390 20 23 27.52 -11 53 02.0          22.1 GV~9bmTF51
     K25OW1R 9C2019 07 25.41590 20 23 26.97 -11 53 05.3          22.0 GV~9bmTF51
     K25OW5C 9C2025 08 19.48700 23 42 59.57 -06 48 31.8          21.4 GV~9bmeF51
     K25OW5C 9C2025 08 19.49815 23 42 59.18 -06 48 34.6          21.3 GV~9bmeF51
     K25OW5C 9C2025 08 19.52064 23 42 58.37 -06 48 40.2          21.2 GV~9bmeF51
     K25OW5E 9C2021 10 13.59327 03 13 05.74 +13 29 16.7          21.7 GV~9bmeF51
     K25OW5E 9C2021 10 13.60335 03 13 05.38 +13 29 14.9          21.6 GV~9bmeF51
     K25OW5E 9C2021 10 13.62367 03 13 04.66 +13 29 10.5                V~9bmeF51
     K25OW6W 9C2024 05 09.43797 15 40 31.86 -21 40 11.8                V~9bmkF51
     K25OW6W 9C2024 05 09.44901 15 40 31.27 -21 40 10.1                V~9bmkF51
     K25OW6W 9C2024 05 09.46006 15 40 30.68 -21 40 08.7          23.3 GV~9bmkF51
     K25OW8Q 9C2023 01 22.41876 09 28 50.47 +14 32 09.5          21.6 GV~9bmqF52
     K25OW8Q 9C2023 01 22.43233 09 28 49.79 +14 32 13.1                V~9bmqF52
     K25OW8Q 9C2023 01 22.44606 09 28 49.14 +14 32 17.0          21.7 GV~9bmqF52
     K25OX0S 9C2025 08 18.45325 22 43 28.83 -06 11 35.9          21.7 GV~9bmwF51
     K25OX0S 9C2025 08 18.46465 22 43 28.31 -06 11 37.9          22.2 GV~9bmwF51
     K25OX0S 9C2025 08 18.47609 22 43 27.78 -06 11 40.3                V~9bmwF51
     K25OX0S 9C2025 08 18.48750 22 43 27.23 -06 11 42.8          22.0 GV~9bmwF51
     K25OX2N 9C2024 05 07.52184 15 24 20.64 -09 06 29.1          22.9 GV~9bn2F51
     K25OX2N 9C2024 05 07.53378 15 24 20.04 -09 06 27.3          22.5 GV~9bn2F51
     K25OX2N 9C2024 05 07.56025 15 24 18.76 -09 06 23.1          22.4 GV~9bn2F51
     K25OX5V 9C2025 07 28.42814 20 26 15.04 -06 31 22.4          22.6 GV~9bnCF52
     K25OX5V 9C2025 07 28.43774 20 26 14.01 -06 31 10.1                V~9bnCF52
     K25OX5V 9C2025 07 28.44733 20 26 12.97 -06 30 57.2          22.3 GV~9bnCF52
     K25OX5Y 9C2020 09 17.41514 01 08 22.69 +16 46 22.7                V~9bnCF51
     K25OX5Y 9C2020 09 17.42940 01 08 22.07 +16 46 25.1          22.2 GV~9bnCF51
     K25OX5Y 9C2020 09 17.44365 01 08 21.46 +16 46 27.7          21.7 GV~9bnCF51
     K25OX8T 9C2025 08 18.45325 22 42 09.82 -05 34 57.3          21.8 GV~9bnIF51
     K25OX8T 9C2025 08 18.46465 22 42 09.29 -05 34 59.5          22.0 GV~9bnIF51
     K25OX8T 9C2025 08 18.47609 22 42 08.77 -05 35 01.4          21.8 GV~9bnIF51
     K25OX8T 9C2025 08 18.48750 22 42 08.26 -05 35 03.9          21.7 GV~9bnIF51
     K25OZ6S 9C2025 08 18.45255 22 51 58.20 -06 04 22.9          20.3 GV~9bnxF51
     K25OZ6S 9C2025 08 18.46396 22 51 57.71 -06 04 25.4          21.1 GV~9bnxF51
     K25OZ6S 9C2025 08 18.47540 22 51 57.24 -06 04 28.0          20.4 GV~9bnxF51
     K25OZ6S 9C2025 08 18.48681 22 51 56.80 -06 04 31.0          20.3 GV~9bnxF51
     K25OZ9F 9C2025 08 17.38618 21 08 51.36 -17 25 16.8          20.6 GV~9bo3F51
     K25OZ9F 9C2025 08 17.39731 21 08 50.78 -17 25 18.7          20.4 GV~9bo3F51
     K25OZ9F 9C2025 08 17.40842 21 08 50.23 -17 25 20.5          20.9 GV~9bo3F51
     K25OZ9F 9C2025 08 17.41954 21 08 49.69 -17 25 22.2          20.9 GV~9bo3F51
     K25Oa0M 9C2025 08 19.48700 23 45 12.15 -07 13 56.0          21.5 GV~9bo6F51
     K25Oa0M 9C2025 08 19.49815 23 45 11.60 -07 13 55.5          21.8 GV~9bo6F51
     K25Oa0M 9C2025 08 19.50950 23 45 11.00 -07 13 55.1          21.2 GV~9bo6F51
     K25Oa0M 9C2025 08 19.52064 23 45 10.51 -07 13 54.9          21.4 GV~9bo6F51
     K25Oa0N 9C2024 05 07.53378 15 23 41.81 -10 11 41.2          22.4 GV~9bo6F51
     K25Oa0N 9C2024 05 07.54578 15 23 41.11 -10 11 38.5                V~9bo6F51
     K25Oa0N 9C2024 05 07.56025 15 23 40.23 -10 11 35.5          22.2 GV~9bo6F51
     K25P27B 9C2024 05 07.51795 14 56 54.87 -09 24 49.1                V~9boOF51
     K25P27B 9C2024 05 07.52989 14 56 54.33 -09 24 45.8                V~9boOF51
     K25P27B 9C2024 05 07.55637 14 56 53.10 -09 24 38.2          22.5 GV~9boOF51
     K25P29X 9C2022 10 23.40196 03 40 34.36 +21 01 04.5                V~9boUF52
     K25P29X 9C2022 10 23.41525 03 40 33.79 +21 01 03.8                V~9boUF52
     K25P29X 9C2022 10 23.42859 03 40 33.22 +21 01 02.9          22.1 GV~9boUF52
     K25P29X 9C2022 10 23.44206 03 40 32.63 +21 01 02.0          21.8 GV~9boUF52
     K25P31T 9C2025 08 25.41438 22 30 54.12 -07 06 01.8                V~9boXF51
     K25P31T 9C2025 08 25.43536 22 30 53.05 -07 06 13.6                V~9boXF51
     K25P31T 9C2025 08 25.44739 22 30 52.41 -07 06 20.6                V~9boXF51
     K25P31T 9C2025 08 25.45941 22 30 51.80 -07 06 27.0          22.1 GV~9boXF51
     K25P39C 9C2025 08 17.38683 21 18 06.02 -15 59 49.8                V~9bolF51
     K25P39C 9C2025 08 17.39796 21 18 05.42 -15 59 51.0          22.2 GV~9bolF51
     K25P39C 9C2025 08 17.40907 21 18 04.82 -15 59 52.4          22.1 GV~9bolF51
     K25P39C 9C2025 08 17.42019 21 18 04.22 -15 59 53.6          21.9 GV~9bolF51
     K25P47K 9C2025 08 25.41438 22 27 33.99 -07 07 42.2                V~9bp0F51
     K25P47K 9C2025 08 25.44739 22 27 32.40 -07 07 55.3                V~9bp0F51
     K25P47K 9C2025 08 25.45941 22 27 31.80 -07 07 59.7          21.9 GV~9bp0F51
     K25P48K 9C2023 03 18.37445 11 22 31.39 -05 32 20.8                V~9bp2F52
     K25P48K 9C2023 03 18.38611 11 22 30.72 -05 32 19.1          20.4 GV~9bp2F52
     K25P48K 9C2023 03 18.39781 11 22 30.06 -05 32 17.4                V~9bp2F52
     K25P48K 9C2023 03 18.41058 11 22 29.31 -05 32 15.7                V~9bp2F52
     K25P51X 9C2021 10 31.34824 02 43 51.46 +14 43 37.6                V~9bp8F51
     K25P51X 9C2021 10 31.35924 02 43 50.85 +14 43 34.5          22.0 GV~9bp8F51
     K25P55R 9C2023 01 23.42448 09 18 12.46 +15 11 22.1                V~9bpFF52
     K25P55R 9C2023 01 23.43659 09 18 11.84 +15 11 26.5          22.3 GV~9bpFF52
     K25P55R 9C2023 01 23.44875 09 18 11.23 +15 11 30.5          22.4 GV~9bpFF52
     K25P55R 9C2023 01 23.46105 09 18 10.62 +15 11 34.8                V~9bpFF52
     K25P56O 9C2024 05 04.40838 15 15 07.14 -23 56 16.9          22.1 GV~9bpHF51
     K25P56O 9C2024 05 04.42161 15 15 06.41 -23 56 15.2          22.0 GV~9bpHF51
     K25P56O 9C2024 05 04.43484 15 15 05.70 -23 56 12.9          22.2 GV~9bpHF51
     K25P56O 9C2024 05 04.44806 15 15 04.98 -23 56 11.2          22.4 GV~9bpHF51
     K25P60F 9C2020 08 13.42176 22 30 56.28 -05 53 03.6          22.6 GV~9bpOF51
     K25P60F 9C2020 08 13.43349 22 30 55.76 -05 53 06.7          22.6 GV~9bpOF51
     K25P60F 9C2020 08 13.44523 22 30 55.22 -05 53 10.0                V~9bpOF51
     K25P61G 9C2025 08 17.38618 21 11 53.33 -16 22 41.8          21.6 GV~9bpQF51
     K25P61G 9C2025 08 17.39731 21 11 52.80 -16 22 44.0          22.1 GV~9bpQF51
     K25P61G 9C2025 08 17.40842 21 11 52.23 -16 22 46.4          21.1 GV~9bpQF51
     K25P61G 9C2025 08 17.41954 21 11 51.75 -16 22 48.5          20.8 GV~9bpQF51
     K25P66V 9C2020 07 17.41827 20 32 56.24 -16 27 15.0                V~9bpaF51
     K25P66V 9C2020 07 17.43256 20 32 55.55 -16 27 18.0          21.7 GV~9bpaF51
     K25P66V 9C2020 07 17.44683 20 32 54.82 -16 27 20.6          21.9 GV~9bpaF51
     K25P66V 9C2020 07 17.46103 20 32 54.11 -16 27 23.7          21.7 GV~9bpaF51
     K25P78E 9C2025 08 25.41179 22 22 10.52 -07 33 09.8          21.7 GV~9bpwF51
     K25P78E 9C2025 08 25.43277 22 22 09.43 -07 33 11.9          21.5 GV~9bpwF51
     K25P78E 9C2025 08 25.44479 22 22 08.74 -07 33 12.0                V~9bpwF51
     K25P78E 9C2025 08 25.45680 22 22 08.09 -07 33 13.9          21.5 GV~9bpwF51
     K25P80A 9C2025 08 17.38683 21 20 10.81 -16 06 10.4          22.4 GV~9bq1F51
     K25P80A 9C2025 08 17.39796 21 20 10.27 -16 06 12.8                V~9bq1F51
     K25P80A 9C2025 08 17.40907 21 20 09.72 -16 06 14.7          22.6 GV~9bq1F51
     K25P80A 9C2025 08 17.42019 21 20 09.17 -16 06 16.8          22.5 GV~9bq1F51
     K25P86Z 9C2025 08 25.43536 22 28 10.55 -06 03 18.2                V~9bqEF51
     K25P86Z 9C2025 08 25.44739 22 28 09.92 -06 03 18.8                V~9bqEF51
     K25P86Z 9C2025 08 25.45941 22 28 09.29 -06 03 19.5          22.0 GV~9bqEF51
     K25P90N 9C2025 08 18.40404 21 59 02.27 -08 03 03.9                V~9bqLF51
     K25P90N 9C2025 08 18.41709 21 59 01.70 -08 03 10.5                V~9bqLF51
     K25P90N 9C2025 08 18.42990 21 59 01.14 -08 03 15.9          22.9 GV~9bqLF51
     K25P95J 9C2024 06 06.40072 16 41 17.88 -17 47 37.2          22.7 GV~9bqVF52
     K25P95J 9C2024 06 06.41665 16 41 17.00 -17 47 35.1                V~9bqVF52
     K25P95J 9C2024 06 06.42459 16 41 16.56 -17 47 33.9          22.6 GV~9bqVF52
     K25P97M 9C2025 08 19.48571 23 52 27.62 -04 49 28.3          21.8 GV~9bqZF51
     K25P97M 9C2025 08 19.49685 23 52 27.34 -04 49 33.9          22.0 GV~9bqZF51
     K25P97M 9C2025 08 19.50819 23 52 27.05 -04 49 39.7          22.0 GV~9bqZF51
     K25P97M 9C2025 08 19.51935 23 52 26.75 -04 49 44.9          21.3 GV~9bqZF51
     K25P99Y 9C2021 09 04.46758 00 38 46.19 +05 05 13.3                V~9bqdF51
     K25P99Y 9C2021 09 04.47943 00 38 45.76 +05 05 11.0          22.5 GV~9bqdF51
     K25P99Y 9C2021 09 04.49121 00 38 45.33 +05 05 08.8                V~9bqdF51
     K25PA1C 9C2021 10 31.32889 02 40 43.53 +09 44 49.8          21.5 GV~9bqgF51
     K25PA1C 9C2021 10 31.33985 02 40 42.92 +09 44 47.3          21.7 GV~9bqgF51
     K25PA1C 9C2021 10 31.35083 02 40 42.31 +09 44 44.9          21.5 GV~9bqgF51
     K25PA1C 9C2021 10 31.36182 02 40 41.70 +09 44 42.3          21.7 GV~9bqgF51
     K25PA5V 9C2025 08 18.41709 22 00 18.70 -09 08 32.1          22.3 GV~9bqpF51
     K25PA5V 9C2025 08 18.42990 22 00 17.90 -09 08 31.5                V~9bqpF51
     K25PA5V 9C2025 08 18.44275 22 00 17.09 -09 08 30.6                V~9bqpF51
     K25PA6S 9C2025 08 23.49294 23 06 10.87 -08 43 55.4          22.6 GV~9bqrF51
     K25PA6S 9C2025 08 23.50377 23 06 10.53 -08 44 04.7                V~9bqrF51
     K25PA6S 9C2025 08 23.52557 23 06 09.81 -08 44 22.6                V~9bqrF51
     K25PA8M 9C2020 05 19.38642 15 51 47.39 -15 45 53.4                V~9bquF51
     K25PA8M 9C2020 05 19.39778 15 51 46.78 -15 45 51.5          21.9 GV~9bquF51
     K25PA8M 9C2020 05 19.40913 15 51 46.13 -15 45 49.6          22.0 GV~9bquF51
     K25PA8M 9C2020 05 19.42048 15 51 45.51 -15 45 47.7          22.0 GV~9bquF51
     K25PB2C 9C2025 08 19.48571 23 52 53.46 -03 53 40.6          21.5 GV~9br1F51
     K25PB2C 9C2025 08 19.49685 23 52 53.15 -03 53 43.7          21.8 GV~9br1F51
     K25PB2C 9C2025 08 19.50819 23 52 52.82 -03 53 46.9          21.7 GV~9br1F51
     K25PB2C 9C2025 08 19.51935 23 52 52.54 -03 53 50.1          21.5 GV~9br1F51
     K25PB2N 9C2020 05 19.38642 15 57 37.66 -17 14 46.8                V~9br1F51
     K25PB2N 9C2020 05 19.39778 15 57 37.05 -17 14 44.2          22.1 GV~9br1F51
     K25PB2N 9C2020 05 19.40913 15 57 36.39 -17 14 41.7                V~9br1F51
     K25PB2N 9C2020 05 19.42048 15 57 35.74 -17 14 38.7          22.1 GV~9br1F51
     K25PB6F 9C2023 01 23.42448 09 20 16.43 +16 16 49.4          22.6 GV~9br8F52
     K25PB6F 9C2023 01 23.43659 09 20 15.81 +16 16 52.5                V~9br8F52
     K25PB6F 9C2023 01 23.44875 09 20 15.17 +16 16 55.7          22.4 GV~9br8F52
     K25PB6F 9C2023 01 23.46105 09 20 14.53 +16 16 59.1                V~9br8F52
     K25PB6O 9C2025 08 18.45325 22 41 43.65 -05 28 27.4                V~9br8F51
     K25PB6O 9C2025 08 18.46465 22 41 43.13 -05 28 30.0          21.1 GV~9br8F51
     K25PB6O 9C2025 08 18.47609 22 41 42.65 -05 28 33.0                V~9br8F51
     K25PB6O 9C2025 08 18.48750 22 41 42.13 -05 28 35.9          21.7 GV~9br8F51
     K25PB9A 9C2023 01 23.42448 09 19 08.54 +16 54 42.6                V~9brDF52
     K25PB9A 9C2023 01 23.43659 09 19 07.95 +16 54 45.9                V~9brDF52
     K25PB9A 9C2023 01 23.44875 09 19 07.36 +16 54 49.1          22.8 GV~9brDF52
     K25PB9A 9C2023 01 23.46105 09 19 06.77 +16 54 52.5          22.8 GV~9brDF52
     K25PB9D 9C2024 05 02.43159 15 45 42.12 -16 51 37.9          22.3 GV~9brEF51
     K25PB9D 9C2024 05 02.44327 15 45 41.57 -16 51 35.9          22.7 GV~9brEF51
     K25PB9D 9C2024 05 02.46665 15 45 40.48 -16 51 31.3          22.3 GV~9brEF51
     K25PD4Q 9C2025 08 19.43984 22 47 54.91 -12 35 12.6                V~9brnF51
     K25PD4Q 9C2025 08 19.45109 22 47 54.30 -12 35 13.2          21.8 GV~9brnF51
     K25PD4Q 9C2025 08 19.46232 22 47 53.66 -12 35 13.9          21.8 GV~9brnF51
     K25PD4Q 9C2025 08 19.47355 22 47 53.07 -12 35 13.6          21.9 GV~9brnF51
     K25PD5D 9C2021 05 12.50767 16 43 34.68 -11 20 59.1                V~9brpF51
     K25PD5D 9C2021 05 12.51964 16 43 34.13 -11 20 56.3          21.7 GV~9brpF51
     K25PD5D 9C2021 05 12.53164 16 43 33.61 -11 20 53.7                V~9brpF51
     K25PD5U 9C2025 08 18.40275 22 02 52.49 -11 04 08.7          22.3 GV~9brrF51
     K25PD5U 9C2025 08 18.42860 22 02 51.03 -11 04 10.8                V~9brrF51
     K25PD5U 9C2025 08 18.44146 22 02 50.31 -11 04 11.8          22.1 GV~9brrF51
     K25PF1X 9C2025 08 25.41179 22 22 55.48 -07 22 13.9          21.4 GV~9bsaF51
     K25PF1X 9C2025 08 25.43277 22 22 54.40 -07 22 19.3                V~9bsaF51
     K25PF1X 9C2025 08 25.44479 22 22 53.79 -07 22 23.1                V~9bsaF51
     K25PF1X 9C2025 08 25.45680 22 22 53.15 -07 22 26.0          21.5 GV~9bsaF51
     K25PF4Q 9C2020 05 19.38384 15 48 27.35 -22 18 46.7                V~9bsiF51
     K25PF4Q 9C2020 05 19.39520 15 48 26.67 -22 18 45.1          21.6 GV~9bsiF51
     K25PF4Q 9C2020 05 19.40656 15 48 25.96 -22 18 44.1          21.7 GV~9bsiF51
     K25PF4Q 9C2020 05 19.41791 15 48 25.27 -22 18 42.9                V~9bsiF51
     K25PF4X 9C2025 08 19.48310 23 41 26.04 -05 33 00.0                V~9bsjF51
     K25PF4X 9C2025 08 19.49425 23 41 25.66 -05 33 02.9          22.1 GV~9bsjF51
     K25PF4X 9C2025 08 19.50558 23 41 25.19 -05 33 05.7          22.3 GV~9bsjF51
     K25PF4X 9C2025 08 19.51674 23 41 24.82 -05 33 08.2          21.9 GV~9bsjF51
     K25PF4Y 9C2023 01 22.41291 10 02 00.64 +17 36 03.0                V~9bsjF52
     K25PF4Y 9C2023 01 22.42651 10 02 00.11 +17 36 05.9          22.4 GV~9bsjF52
     K25PF4Y 9C2023 01 22.44008 10 01 59.60 +17 36 09.1          22.0 GV~9bsjF52
     K25PF4Y 9C2023 01 22.45377 10 01 59.06 +17 36 12.3                V~9bsjF52
     K25PF5E 9C2025 08 19.48571 23 52 03.16 -03 28 59.0          21.8 GV~9bskF51
     K25PF5E 9C2025 08 19.49685 23 52 02.82 -03 29 01.6          21.8 GV~9bskF51
     K25PF5E 9C2025 08 19.50819 23 52 02.44 -03 29 03.3          21.9 GV~9bskF51
     K25PF5R 9C2025 08 19.48506 23 52 18.71 +00 45 10.8          21.9 GV~9bslF51
     K25PF5R 9C2025 08 19.49620 23 52 18.38 +00 45 09.3          21.9 GV~9bslF51
     K25PF5R 9C2025 08 19.50754 23 52 18.03 +00 45 07.1          21.7 GV~9bslF51
     K25PF5R 9C2025 08 19.51870 23 52 17.63 +00 45 05.2          22.0 GV~9bslF51
     K25PF6X 9C2022 01 28.42415 09 50 25.01 +06 40 47.1          22.0 GV~9bsoF52
     K25PF6X 9C2022 01 28.43635 09 50 24.52 +06 40 51.9                V~9bsoF52
     K25PF6X 9C2022 01 28.44858 09 50 24.00 +06 40 56.7                V~9bsoF52
     K25PF7C 9C2020 09 13.45443 00 52 13.94 +05 14 13.0          22.0 GV~9bsoF51
     K25PF7C 9C2020 09 13.46643 00 52 13.40 +05 14 11.9          22.4 GV~9bsoF51
     K25PF7C 9C2020 09 13.47841 00 52 12.86 +05 14 10.5          21.8 GV~9bsoF51
     K25PF7C 9C2020 09 13.49048 00 52 12.33 +05 14 09.5          21.8 GV~9bsoF51
     K25PG3C 9C2025 08 18.40210 22 01 39.67 -13 11 51.7          22.0 GV~9bt3F51
     K25PG3C 9C2025 08 18.41496 22 01 39.09 -13 11 58.3          22.5 GV~9bt3F51
     K25PG3C 9C2025 08 18.42796 22 01 38.51 -13 12 04.5          21.9 GV~9bt3F51
     K25PG3C 9C2025 08 18.44081 22 01 37.94 -13 12 10.7                V~9bt3F51
     K25PG7B 9C2025 08 19.48571 23 46 56.06 -05 06 12.7          21.9 GV~9btCF51
     K25PG7B 9C2025 08 19.49685 23 46 55.62 -05 06 14.2          21.6 GV~9btCF51
     K25PG7B 9C2025 08 19.51935 23 46 54.80 -05 06 17.4          21.3 GV~9btCF51
     K25PG8H 9C2025 08 19.48571 23 54 18.73 -05 07 14.4          21.6 GV~9btEF51
     K25PG8H 9C2025 08 19.49685 23 54 18.42 -05 07 18.2          21.6 GV~9btEF51
     K25PG8H 9C2025 08 19.50819 23 54 18.17 -05 07 22.2          21.5 GV~9btEF51
     K25PG8Y 9C2020 05 15.44732 15 36 13.87 -22 22 33.6          22.3 GV~9btFF51
     K25PG8Y 9C2020 05 15.45831 15 36 13.20 -22 22 31.8          22.2 GV~9btFF51
     K25PG8Y 9C2020 05 15.46944 15 36 12.46 -22 22 30.3          22.1 GV~9btFF51
     K25PG8Y 9C2020 05 15.48040 15 36 11.75 -22 22 28.6          22.0 GV~9btFF51
     K25Q17A 9C2025 11 24.45699 03 24 43.50 +21 33 56.4          20.9 GV~9btHF51
     K25Q17A 9C2025 11 24.47120 03 24 42.95 +21 33 44.2          21.1 GV~9btHF51
     K25Q17A 9C2025 11 24.48523 03 24 42.40 +21 33 31.3          21.6 GV~9btHF51
     K25Q17A 9C2025 11 24.49924 03 24 41.81 +21 33 19.6          20.5 GV~9btHF51
     K25QA8O 9C2025 08 18.45325 22 45 25.84 -04 17 41.3                V~9btRF51
     K25QA8O 9C2025 08 18.47609 22 45 24.94 -04 17 51.9          21.8 GV~9btRF51
     K25QA8O 9C2025 08 18.48750 22 45 24.52 -04 17 57.4          22.0 GV~9btRF51
     K25QA9N 9C2025 08 19.48506 23 43 43.52 -00 19 49.3          21.5 GV~9btTF51
     K25QA9N 9C2025 08 19.49620 23 43 43.16 -00 19 50.8          21.9 GV~9btTF51
     K25QA9N 9C2025 08 19.50754 23 43 42.79 -00 19 52.0          22.1 GV~9btTF51
     K25QB2O 9C2020 07 17.43386 20 45 24.66 -10 44 08.4          22.2 GV~9btcF51
     K25QB2O 9C2020 07 17.44812 20 45 24.02 -10 44 11.3                V~9btcF51
     K25QB2O 9C2020 07 17.46232 20 45 23.36 -10 44 14.0          22.0 GV~9btcF51
     K25R51C 9C2025 11 24.46029 03 43 28.87 +20 46 01.2          21.7 GV~9btiF51
     K25R51C 9C2025 11 24.47445 03 43 27.99 +20 45 57.0          21.5 GV~9btiF51
     K25R51C 9C2025 11 24.48847 03 43 27.13 +20 45 53.1          21.7 GV~9btiF51
     K25R51C 9C2025 11 24.50247 03 43 26.26 +20 45 49.3          21.0 GV~9btiF51
     K25S68R 9C2025 11 24.46442 03 45 18.03 +17 19 36.5          20.9 GV~9btnF51
     K25S68R 9C2025 11 24.47856 03 45 16.93 +17 19 42.9          21.0 GV~9btnF51
     K25S68R 9C2025 11 24.49259 03 45 15.82 +17 19 49.0          21.0 GV~9btnF51
     K25S68R 9C2025 11 24.50659 03 45 14.73 +17 19 55.1          21.0 GV~9btnF51
     K25SA0P 9C2025 11 24.46095 03 38 47.41 +24 19 00.0          20.7 GV~9btnF51
     K25SA0P 9C2025 11 24.47510 03 38 46.45 +24 19 02.9          20.7 GV~9btnF51
     K25SA0P 9C2025 11 24.48912 03 38 45.54 +24 19 05.7          20.8 GV~9btnF51
     K25SA0P 9C2025 11 24.50312 03 38 44.59 +24 19 08.5          20.9 GV~9btnF51
     K25SD6W 9C2025 11 24.45502 03 15 38.07 +21 39 52.9          21.4 GV~9btoF51
     K25SD6W 9C2025 11 24.48330 03 15 36.34 +21 39 56.8          21.4 GV~9btoF51
     K25SD6W 9C2025 11 24.49730 03 15 35.49 +21 39 58.8          22.0 GV~9btoF51
     K25SD9S 9C2025 11 24.46308 03 55 53.72 +21 33 59.3          20.8 GV~9btoF51
     K25SD9S 9C2025 11 24.47726 03 55 52.63 +21 33 41.5          21.8 GV~9btoF51
     K25SD9S 9C2025 11 24.49129 03 55 51.55 +21 33 24.2          20.6 GV~9btoF51
     K25SD9S 9C2025 11 24.50530 03 55 50.49 +21 33 06.6          20.7 GV~9btoF51
     K25SE0Y 9C2025 11 24.45831 03 21 14.14 +15 05 43.7          21.6 GV~9btoF51
     K25SE0Y 9C2025 11 24.47250 03 21 13.28 +15 05 43.7          21.6 GV~9btoF51
     K25SE0Y 9C2025 11 24.48652 03 21 12.45 +15 05 43.8          21.6 GV~9btoF51
     K25SE0Y 9C2025 11 24.50054 03 21 11.62 +15 05 43.9          21.4 GV~9btoF51
     K25SE1N 9C2025 11 24.46308 03 53 05.67 +22 28 21.1          21.0 GV~9btoF51
     K25SE1N 9C2025 11 24.47726 03 53 04.89 +22 28 17.3          20.8 GV~9btoF51
     K25SE1N 9C2025 11 24.49129 03 53 04.11 +22 28 13.3          20.9 GV~9btoF51
     K25SF6V 9C2025 09 18.46811 01 06 42.76 +03 23 43.4          21.7 GV~9btqF52
     K25SF6V 9C2025 09 18.48050 01 06 42.21 +03 23 41.1          21.5 GV~9btqF52
     K25SF6V 9C2025 09 18.49293 01 06 41.65 +03 23 39.1          21.8 GV~9btqF52
     K25SF6X 9C2025 09 16.47147 00 54 34.67 +06 42 59.6          21.2 GV~9btqF51
     K25SF6X 9C2025 09 16.50229 00 54 33.46 +06 42 48.4          21.2 GV~9btqF51
     K25SF6X 9C2025 09 16.52644 00 54 32.55 +06 42 39.4          21.1 GV~9btqF51
     K25SF8H 9C2025 11 24.48976 03 51 57.25 +23 53 19.3          21.2 GV~9btuF51
     K25SF8H 9C2025 11 24.50377 03 51 56.17 +23 53 19.9          21.8 GV~9btuF51
     K25T58W 9C2025 10 19.54726 03 54 42.60 +09 35 51.1          21.9 GV~9btvF51
     K25T58W 9C2025 10 19.55943 03 54 42.07 +09 35 49.9          22.3 GV~9btvF51
     K25T58W 9C2025 10 19.57159 03 54 41.55 +09 35 48.4          22.4 GV~9btvF51
     K25T58W 9C2025 10 19.58378 03 54 41.00 +09 35 46.9          21.9 GV~9btvF51
     K25T62X 9C2025 11 24.46861 03 12 49.82 +19 52 02.1          21.6 GV~9btvF51
     K25T62X 9C2025 11 24.48265 03 12 49.03 +19 52 03.2          21.9 GV~9btvF51
     K25T62X 9C2025 11 24.49666 03 12 48.18 +19 52 04.6          21.5 GV~9btvF51
     K25T64T 9C2025 11 24.45765 03 26 35.37 +18 09 32.0          21.2 GV~9btvF51
     K25T64T 9C2025 11 24.47185 03 26 34.68 +18 09 20.1          21.0 GV~9btvF51
     K25T64T 9C2025 11 24.48588 03 26 33.99 +18 09 08.3          21.3 GV~9btvF51
     K25T70O 9C2025 10 13.56521 02 58 08.22 +22 31 34.2          22.4 GV~9btvF51
     K25T70O 9C2025 10 13.57946 02 58 07.63 +22 31 36.1          21.8 GV~9btvF51
     K25T70O 9C2025 10 13.59365 02 58 06.92 +22 31 38.3          22.5 GV~9btvF51
     K25UA9B 9C2025 10 13.57946 02 58 54.25 +23 38 42.1          22.1 GV~9btyF51
     K25UA9B 9C2025 10 13.59365 02 58 53.60 +23 38 46.0          22.2 GV~9btyF51
     K25UA9B 9C2025 10 13.60787 02 58 53.01 +23 38 49.4          21.5 GV~9btyF51
     K25UB0Q 9C2025 11 24.45831 03 18 27.25 +16 49 28.7          21.3 GV~9btyF51
     K25UB0Q 9C2025 11 24.47250 03 18 26.56 +16 49 23.5          21.6 GV~9btyF51
     K25UB0Q 9C2025 11 24.48652 03 18 25.88 +16 49 17.9          21.6 GV~9btyF51
     K25UB0Q 9C2025 11 24.50054 03 18 25.20 +16 49 12.5          21.4 GV~9btyF51
     K25UB3L 9C2025 10 13.56521 02 58 35.24 +22 15 34.3          21.8 GV~9btyF51
     K25UB3L 9C2025 10 13.59365 02 58 34.36 +22 15 28.8          22.3 GV~9btyF51
     K25UB3L 9C2025 10 13.60787 02 58 33.91 +22 15 26.4          21.9 GV~9btyF51
     K25UB3Q 9C2025 10 19.54790 03 59 20.21 +13 31 11.4          22.3 GV~9btyF51
     K25UB3Q 9C2025 10 19.56007 03 59 19.77 +13 31 13.7          22.8 GV~9btyF51
     K25UB3Q 9C2025 10 19.58443 03 59 18.90 +13 31 18.4          22.4 GV~9btyF51
     K25UB3Q 9C2025 11 24.45831 03 25 00.30 +15 32 50.7          21.7 GV~9btyF51
     K25UB3Q 9C2025 11 24.47250 03 24 59.31 +15 32 53.7          21.5 GV~9btyF51
     K25UB3Q 9C2025 11 24.48652 03 24 58.36 +15 32 56.9          21.7 GV~9btyF51
     K25UB3Q 9C2025 11 24.50054 03 24 57.41 +15 33 00.1          21.6 GV~9btyF51
     K25UB6N 9C2025 10 19.54726 03 55 20.41 +11 06 02.9          22.4 GV~9btyF51
     K25UB6N 9C2025 10 19.55943 03 55 19.98 +11 06 03.2          22.7 GV~9btyF51
     K25UB6N 9C2025 10 19.57159 03 55 19.55 +11 06 03.6          22.6 GV~9btyF51
     K25UB6N 9C2025 10 19.58378 03 55 19.14 +11 06 04.1          22.0 GV~9btyF51
     K25UB7A 9C2025 11 24.45962 03 33 13.67 +18 54 38.4          21.7 GV~9btyF51
     K25UB7A 9C2025 11 24.47380 03 33 12.91 +18 54 33.6          21.8 GV~9btyF51
     K25UB7A 9C2025 11 24.48782 03 33 12.11 +18 54 28.9          21.4 GV~9btyF51
     K25UB9S 9C2025 11 24.45699 03 28 13.14 +20 38 20.9          22.1 GV~9btyF51
     K25UB9S 9C2025 11 24.47120 03 28 12.33 +20 38 20.4          22.2 GV~9btyF51
     K25UB9S 9C2025 11 24.48523 03 28 11.50 +20 38 20.1          22.2 GV~9btyF51
     K25UB9S 9C2025 11 24.49924 03 28 10.71 +20 38 20.3          21.9 GV~9btyF51
     K25UB9T 9C2025 11 24.45831 03 21 53.46 +15 25 36.2          21.6 GV~9btyF51
     K25UB9T 9C2025 11 24.47250 03 21 52.72 +15 25 33.8          21.7 GV~9btyF51
     K25UB9T 9C2025 11 24.48652 03 21 52.02 +15 25 31.2          21.6 GV~9btyF51
     K25UB9T 9C2025 11 24.50054 03 21 51.31 +15 25 28.9          21.5 GV~9btyF51
     K25UB9V 9C2025 11 24.45962 03 42 24.30 +18 51 51.5          22.8 GV~9btyF51
     K25UB9V 9C2025 11 24.47380 03 42 23.49 +18 51 48.5          22.5 GV~9btyF51
     K25UB9V 9C2025 11 24.48782 03 42 22.68 +18 51 45.3          21.9 GV~9btyF51
     K25UB9V 9C2025 11 24.50183 03 42 21.91 +18 51 42.1          22.5 GV~9btyF51
     K25UB9W 9C2025 11 24.47250 03 21 53.95 +15 16 53.8          21.7 GV~9btyF51
     K25UB9W 9C2025 11 24.48652 03 21 53.18 +15 16 45.0          22.0 GV~9btyF51
     K25UB9W 9C2025 11 24.50054 03 21 52.44 +15 16 36.6          22.2 GV~9btyF51
     K25UC0L 9C2025 11 24.45502 03 23 26.74 +21 03 27.9          22.0 GV~9btyF51
     K25UC0L 9C2025 11 24.46926 03 23 25.66 +21 03 31.4          21.7 GV~9btyF51
     K25UC0L 9C2025 11 24.48330 03 23 24.61 +21 03 34.8          21.5 GV~9btyF51
     K25UC0L 9C2025 11 24.49730 03 23 23.54 +21 03 38.1          21.6 GV~9btyF51
     K25UC1B 9C2025 11 24.45765 03 30 20.30 +18 34 50.7          21.8 GV~9btyF51
     K25UC1B 9C2025 11 24.47185 03 30 19.60 +18 34 41.9          21.7 GV~9btyF51
     K25UC1B 9C2025 11 24.48588 03 30 18.89 +18 34 33.3          21.9 GV~9btyF51
     K25UC1B 9C2025 11 24.49989 03 30 18.20 +18 34 24.4          21.7 GV~9btyF51
     K25UC1F 9C2025 11 24.45765 03 22 40.82 +18 36 55.6          21.5 GV~9btyF51
     K25UC1F 9C2025 11 24.47185 03 22 39.97 +18 36 51.5          21.6 GV~9btyF51
     K25UC1F 9C2025 11 24.48588 03 22 39.15 +18 36 47.3          21.8 GV~9btyF51
     K25UC1G 9C2025 11 24.45699 03 25 12.39 +21 16 06.1          21.6 GV~9btyF51
     K25UC1G 9C2025 11 24.47120 03 25 11.55 +21 16 06.3          21.4 GV~9btyF51
     K25UC1G 9C2025 11 24.48523 03 25 10.71 +21 16 06.2          21.4 GV~9btyF51
     K25UC1G 9C2025 11 24.49924 03 25 09.88 +21 16 06.5          21.4 GV~9btyF51
     K25UC2N 9C2025 11 24.45962 03 35 14.87 +19 04 46.8          22.5 GV~9btyF51
     K25UC2N 9C2025 11 24.47380 03 35 14.10 +19 04 44.3          22.0 GV~9btyF51
     K25UC2N 9C2025 11 24.48782 03 35 13.33 +19 04 42.0          22.4 GV~9btyF51
     K25UC2N 9C2025 11 24.50183 03 35 12.58 +19 04 39.8          22.1 GV~9btyF51
     K25UC4L 9C2025 11 24.45699 03 27 19.12 +20 25 25.3          21.7 GV~9btyF51
     K25UC4M 9C2025 11 24.45831 03 24 26.19 +16 48 38.6          21.9 GV~9btyF51
     K25UC4M 9C2025 11 24.48652 03 24 24.43 +16 48 37.3          22.0 GV~9btyF51
     K25UC4M 9C2025 11 24.50054 03 24 23.60 +16 48 36.5          21.2 GV~9btyF51
     K25UC8S 9C2025 11 24.46095 03 30 21.10 +23 20 35.3          21.5 GV~9btzF51
     K25UD1S 9C2025 10 19.54790 04 05 33.75 +12 55 21.0          22.6 GV~9btzF51
     K25UD1S 9C2025 10 19.56007 04 05 33.29 +12 55 21.2          22.9 GV~9btzF51
     K25UD1S 9C2025 10 19.58443 04 05 32.32 +12 55 21.7          21.9 GV~9btzF51
     K25UE5J 9C2025 10 30.32640 02 46 59.16 +23 09 18.6                V~9bu2F51
     K25UE5J 9C2025 10 30.33675 02 46 58.63 +23 09 14.6          21.3 GV~9bu2F51
     K25UE5J 9C2025 10 30.34711 02 46 58.10 +23 09 11.3                V~9bu2F51
     K25UE6T 9C2025 11 24.48782 03 43 08.51 +19 59 46.4          22.0 GV~9bu3F51
     K25UE6T 9C2025 11 24.50183 03 43 07.72 +19 59 46.7          22.4 GV~9bu3F51
     K25UE6U 9C2025 11 24.45699 03 28 33.09 +20 19 46.9          21.7 GV~9bu3F51
     K25UE6U 9C2025 11 24.45765 03 28 33.05 +20 19 46.9          22.0 GV~9bu3F51
     K25UE6U 9C2025 11 24.47120 03 28 32.20 +20 19 46.1          21.8 GV~9bu3F51
     K25UE6U 9C2025 11 24.47185 03 28 32.16 +20 19 46.0          22.3 GV~9bu3F51
     K25UE6U 9C2025 11 24.48523 03 28 31.35 +20 19 45.5          22.0 GV~9bu3F51
     K25UE6U 9C2025 11 24.48588 03 28 31.31 +20 19 45.2          22.1 GV~9bu3F51
     K25UE6U 9C2025 11 24.49924 03 28 30.48 +20 19 44.8          22.1 GV~9bu3F51
     K25UE6U 9C2025 11 24.49989 03 28 30.44 +20 19 44.5          22.2 GV~9bu3F51
     K25UE6V 9C2025 11 24.45765 03 27 21.65 +19 34 51.8          22.3 GV~9bu3F51
     K25UE6V 9C2025 11 24.47185 03 27 20.89 +19 34 51.1          22.6 GV~9bu3F51
     K25UE6V 9C2025 11 24.48588 03 27 20.06 +19 34 51.3          22.2 GV~9bu3F51
     K25UE6V 9C2025 11 24.49989 03 27 19.24 +19 34 50.9          22.4 GV~9bu3F51
     K25UE6X 9C2025 10 19.54726 03 55 13.78 +10 55 16.9          22.0 GV~9bu3F51
     K25UE6X 9C2025 10 19.55943 03 55 13.41 +10 55 16.2          22.2 GV~9bu3F51
     K25UE6X 9C2025 10 19.57159 03 55 13.03 +10 55 15.6          22.4 GV~9bu3F51
     K25UE6X 9C2025 10 19.58378 03 55 12.67 +10 55 15.3          22.0 GV~9bu3F51
     K25UE6Y 9C2025 10 13.56594 02 56 56.05 +19 47 51.7          22.1 GV~9bu3F51
     K25UE6Y 9C2025 10 13.58020 02 56 55.56 +19 47 45.2          21.5 GV~9bu3F51
     K25UE6Y 9C2025 10 13.59440 02 56 55.09 +19 47 39.1          22.0 GV~9bu3F51
     K25UE6Y 9C2025 10 13.60864 02 56 54.61 +19 47 32.7          21.6 GV~9bu3F51
     K25UE7A 9C2025 10 13.56594 02 54 50.92 +20 28 45.5          22.4 GV~9bu3F51
     K25UE7A 9C2025 10 13.58020 02 54 50.28 +20 28 43.5          22.3 GV~9bu3F51
     K25UE7A 9C2025 10 13.59440 02 54 49.63 +20 28 41.7          22.3 GV~9bu4F51
     K25UE7A 9C2025 10 13.60864 02 54 49.04 +20 28 39.7          21.8 GV~9bu4F51
     K25V05R 9C2025 11 24.46376 03 47 09.43 +18 33 53.8          20.0 GV~9bu4F51
     K25V05R 9C2025 11 24.47791 03 47 08.49 +18 33 55.5          21.1 GV~9bu4F51
     K25V05R 9C2025 11 24.49194 03 47 07.54 +18 33 57.3          20.1 GV~9bu4F51
     K25V07P 9C2025 11 24.46095 03 36 54.37 +25 06 27.7          20.9 GV~9bu4F51
     K25V07P 9C2025 11 24.47510 03 36 53.53 +25 06 17.7          21.0 GV~9bu4F51
     K25V07P 9C2025 11 24.48912 03 36 52.72 +25 06 07.7          21.1 GV~9bu4F51
     K25V07P 9C2025 11 24.50312 03 36 51.89 +25 05 57.7          21.3 GV~9bu4F51
     K25V09G 9C2025 11 24.46029 03 40 56.60 +22 13 09.9          20.8 GV~9bu5F51
     K25V09G 9C2025 11 24.47445 03 40 55.64 +22 13 10.1          20.4 GV~9bu5F51
     K25V09G 9C2025 11 24.48847 03 40 54.72 +22 13 10.0          21.5 GV~9bu5F51
     K25V09G 9C2025 11 24.50247 03 40 53.78 +22 13 10.2          21.6 GV~9bu5F51
     K25V09Y 9C2025 11 24.45502 03 19 51.47 +20 36 12.3          21.3 GV~9bu5F51
     K25V09Y 9C2025 11 24.46926 03 19 50.79 +20 36 00.6          21.4 GV~9bu5F51
     K25V09Y 9C2025 11 24.48330 03 19 50.14 +20 35 49.1          21.3 GV~9bu5F51
     K25V09Y 9C2025 11 24.49730 03 19 49.48 +20 35 37.6          21.4 GV~9bu5F51
     K25V12R 9C2025 10 13.56521 03 02 00.14 +21 54 30.4          22.2 GV~9bu5F51
     K25V12R 9C2025 10 13.57946 03 01 59.46 +21 54 32.6          22.1 GV~9bu5F51
     K25V12R 9C2025 10 13.59365 03 01 58.79 +21 54 35.5          22.1 GV~9bu5F51
     K25V12R 9C2025 10 13.60787 03 01 58.10 +21 54 38.6          22.6 GV~9bu5F51
     K25V12Y 9C2025 11 24.46308 03 52 43.57 +22 57 05.6          20.8 GV~9bu5F51
     K25V12Y 9C2025 11 24.47726 03 52 42.68 +22 56 55.1          20.8 GV~9bu5F51
     K25V12Y 9C2025 11 24.49129 03 52 41.82 +22 56 44.6          20.8 GV~9bu5F51
     K25V12Y 9C2025 11 24.50530 03 52 40.94 +22 56 34.2          20.9 GV~9bu5F51
     K25V13O 9C2025 11 24.46376 03 52 31.29 +20 35 15.4          21.0 GV~9bu5F51
     K25V13O 9C2025 11 24.49194 03 52 29.64 +20 35 12.7          21.0 GV~9bu5F51
     K25V13O 9C2025 11 24.50595 03 52 28.83 +20 35 11.1          21.3 GV~9bu5F51
     K25V13Y 9C2025 11 24.47726 03 59 53.57 +22 08 17.5          21.3 GV~9bu5F51
     K25V13Y 9C2025 11 24.49129 03 59 52.63 +22 08 19.1          21.4 GV~9bu5F51
     K25V13Y 9C2025 11 24.50530 03 59 51.73 +22 08 21.1          21.4 GV~9bu5F51
     K25V14V 9C2025 11 24.45962 03 34 56.01 +19 50 12.5          22.1 GV~9bu5F51
     K25V14V 9C2025 11 24.47380 03 34 54.98 +19 50 16.9          21.5 GV~9bu5F51
     K25V14V 9C2025 11 24.48782 03 34 53.95 +19 50 21.2          22.1 GV~9bu5F51
     K25V14V 9C2025 11 24.50183 03 34 52.92 +19 50 25.7          22.3 GV~9bu5F51
     K25V14W 9C2025 11 24.45765 03 29 12.41 +18 26 40.6          22.0 GV~9bu5F51
     K25V14W 9C2025 11 24.47185 03 29 11.68 +18 26 33.9          21.7 GV~9bu5F51
     K25V14W 9C2025 11 24.48588 03 29 10.98 +18 26 27.3          21.5 GV~9bu5F51
     K25V14W 9C2025 11 24.49989 03 29 10.25 +18 26 20.8          21.6 GV~9bu5F51
     K25V14Z 9C2025 11 24.49054 03 54 11.21 +24 17 28.8                V~9bu5F51
     K25V15W 9C2025 11 24.49924 03 26 51.17 +22 33 51.8          22.0 GV~9bu5F51
     K25V16A 9C2025 11 24.49730 03 20 14.91 +22 04 04.9          22.5 GV~9bu5F51
     K25V16E 9C2025 11 24.45831 03 24 36.81 +17 21 53.8          22.0 GV~9bu5F51
     K25V16K 9C2025 10 19.54790 04 03 40.22 +11 08 30.6          22.5 GV~9bu5F51
     K25V16K 9C2025 10 19.56007 04 03 39.88 +11 08 29.2          22.7 GV~9bu5F51
     K25V16K 9C2025 10 19.57224 04 03 39.55 +11 08 27.8          22.2 GV~9bu5F51
     K25V16P 9C2025 10 19.54726 03 57 51.87 +10 05 29.3          22.7 GV~9bu5F51
     K25V16P 9C2025 10 19.55943 03 57 51.61 +10 05 29.2          22.2 GV~9bu5F51
     K25V16P 9C2025 10 19.57159 03 57 51.32 +10 05 29.2          22.7 GV~9bu5F51
     K25V16P 9C2025 10 19.58378 03 57 51.03 +10 05 29.2          22.2 GV~9bu5F51
     K25V19F 9C2025 10 19.54726 04 00 37.39 +10 27 41.6          22.1 GV~9bu5F51
     K25V19F 9C2025 10 19.55943 04 00 37.11 +10 27 37.6          22.5 GV~9bu5F51
     K25V19F 9C2025 10 19.57159 04 00 36.82 +10 27 33.9          22.0 GV~9bu5F51
     K25V19F 9C2025 10 19.58378 04 00 36.56 +10 27 29.6          21.8 GV~9bu5F51
     K25V22T 9C2025 11 24.46029 03 46 26.67 +20 46 14.4          21.7 GV~9bu5F51
     K25V22T 9C2025 11 24.47445 03 46 25.82 +20 46 09.4          20.8 GV~9bu5F51
     K25V22T 9C2025 11 24.50247 03 46 24.14 +20 45 59.7          21.4 GV~9bu5F51
     K25V24J 9C2025 11 24.46376 03 48 45.13 +19 01 41.3          21.0 GV~9bu6F51
     K25V24S 9C2025 11 24.46442 03 49 41.45 +18 01 53.3          21.1 GV~9bu6F51
     K25V24S 9C2025 11 24.47856 03 49 40.68 +18 01 50.7          20.8 GV~9bu6F51
     K25V24S 9C2025 11 24.49259 03 49 39.90 +18 01 48.2          21.1 GV~9bu6F51
     K25V24S 9C2025 11 24.50659 03 49 39.13 +18 01 45.6          21.3 GV~9bu6F51
     K25V25X 9C2025 11 24.49194 03 47 47.53 +20 12 41.1          21.2 GV~9bu6F51
     K25V27H 9C2025 11 24.45765 03 24 57.81 +18 01 28.3          22.0 GV~9bu6F51
     K25V28A 9C2025 11 24.46308 03 55 05.79 +20 41 52.2          20.9 GV~9bu6F51
     K25V28A 9C2025 11 24.47726 03 55 05.02 +20 41 50.1          21.3 GV~9bu6F51
     K25V28A 9C2025 11 24.50530 03 55 03.45 +20 41 46.0          21.3 GV~9bu6F51
     K25V33W 9C2025 11 24.46161 03 52 17.01 +24 16 38.2          21.6 GV~9bu6F51
     K25V33W 9C2025 11 24.47575 03 52 16.10 +24 16 36.6          21.2 GV~9bu6F51
     K25V33W 9C2025 11 24.48976 03 52 15.22 +24 16 35.2          21.0 GV~9bu7F51
     K25V33W 9C2025 11 24.50377 03 52 14.34 +24 16 33.5          21.8 GV~9bu7F51
     K25V34A 9C2025 11 23.50216 04 05 01.50 +24 03 39.2          22.0 GV~9bu7F51
     K25V34A 9C2025 11 23.51594 04 05 00.64 +24 03 40.1          22.8 GV~9bu7F51
     K25V34A 9C2025 11 23.52964 04 04 59.76 +24 03 40.9          22.7 GV~9bu7F51
     K25V34B 9C2025 11 23.50741 04 11 49.17 +22 22 17.0          22.5 GV~9bu7F51
     K25V34B 9C2025 11 23.52115 04 11 48.38 +22 22 11.5          22.8 GV~9bu7F51
     K25V34B 9C2025 11 23.53482 04 11 47.58 +22 22 06.0          23.0 GV~9bu7F51
     K25V34J 9C2025 11 24.45765 03 26 56.19 +19 05 53.0          21.6 GV~9bu8F51
     K25V34J 9C2025 11 24.47185 03 26 55.31 +19 05 49.3          21.7 GV~9bu8F51
     K25V34J 9C2025 11 24.48588 03 26 54.47 +19 05 45.8          21.9 GV~9bu8F51
     K25V34J 9C2025 11 24.49989 03 26 53.62 +19 05 42.2          21.7 GV~9bu8F51
     K25V34O 9C2025 11 24.45765 03 23 26.36 +17 54 53.9          21.9 GV~9bu8F51
     K25V34O 9C2025 11 24.47185 03 23 25.54 +17 54 53.1          21.7 GV~9bu8F51
     K25V34O 9C2025 11 24.48588 03 23 24.73 +17 54 52.6          21.9 GV~9bu8F51
     K25V34O 9C2025 11 24.49989 03 23 23.94 +17 54 51.8          21.9 GV~9bu8F51
     K25V34T 9C2025 11 24.45632 03 26 47.37 +22 52 50.0          21.9 GV~9bu8F51
     K25V34T 9C2025 11 24.47055 03 26 46.51 +22 52 47.6          22.0 GV~9bu8F51
     K25V34T 9C2025 11 24.48458 03 26 45.66 +22 52 44.6          22.0 GV~9bu8F51
     K25V34T 9C2025 11 24.49859 03 26 44.81 +22 52 42.0          22.0 GV~9bu8F51
     K25V34V 9C2025 11 24.46308 03 51 15.03 +21 05 16.7          21.0 GV~9bu8F51
     K25V34V 9C2025 11 24.47726 03 51 14.25 +21 05 13.8          21.0 GV~9bu8F51
     K25V34V 9C2025 11 24.49129 03 51 13.47 +21 05 10.7          21.3 GV~9bu8F51
     K25V34V 9C2025 11 24.50530 03 51 12.74 +21 05 07.7          21.1 GV~9bu8F51
     K25V35G 9C2025 11 24.46376 03 45 59.30 +18 36 39.7          21.0 GV~9bu9F51
     K25V35G 9C2025 11 24.47791 03 45 58.48 +18 36 36.1          20.8 GV~9bu9F51
     K25V35G 9C2025 11 24.49194 03 45 57.69 +18 36 32.4          20.9 GV~9bu9F51
     K25V35G 9C2025 11 24.50595 03 45 56.90 +18 36 28.8          21.1 GV~9bu9F51
     K25V35H 9C2025 11 24.46029 03 41 26.57 +20 26 42.3          22.2 GV~9bu9F51
     K25V35H 9C2025 11 24.47445 03 41 25.46 +20 26 46.4          22.1 GV~9bu9F51
     K25V35H 9C2025 11 24.48847 03 41 24.35 +20 26 50.7          22.3 GV~9bu9F51
     K25V35H 9C2025 11 24.50247 03 41 23.25 +20 26 54.9          22.2 GV~9bu9F51
     K25V35J 9C2025 11 24.45831 03 25 10.71 +16 43 29.4          21.5 GV~9bu9F51
     K25V35J 9C2025 11 24.47250 03 25 09.89 +16 43 31.8          22.3 GV~9bu9F51
     K25V35J 9C2025 11 24.48652 03 25 09.05 +16 43 34.3          22.3 GV~9bu9F51
     K25V35J 9C2025 11 24.50054 03 25 08.21 +16 43 37.2          21.9 GV~9bu9F51
     K25V35K 9C2025 10 19.54726 04 00 09.69 +09 09 32.8          22.6 GV~9bu9F51
     K25V35K 9C2025 10 19.55943 04 00 09.50 +09 09 26.1          22.4 GV~9bu9F51
     K25V35K 9C2025 10 19.58378 04 00 09.16 +09 09 12.5          22.0 GV~9bu9F51
     K25W00F 9C2025 11 24.45765 03 29 39.49 +19 58 30.9          22.0 GV~9bu9F51
     K25W00F 9C2025 11 24.47185 03 29 39.47 +19 58 35.4          22.3 GV~9bu9F51
     K25W00F 9C2025 11 24.48588 03 29 39.45 +19 58 39.2          22.5 GV~9bu9F51
     K25W00F 9C2025 11 24.49989 03 29 39.49 +19 58 43.0          22.4 GV~9bu9F51
     K25W02A 9C2025 11 24.45962 03 35 02.84 +18 57 01.7          22.1 GV~9bu9F51
     K25W02A 9C2025 11 24.47380 03 35 02.03 +18 56 57.7          21.9 GV~9bu9F51
     K25W02A 9C2025 11 24.48782 03 35 01.26 +18 56 53.8          22.5 GV~9bu9F51
     K25W02A 9C2025 11 24.50183 03 35 00.49 +18 56 49.4          21.5 GV~9bu9F51
     K25W02F 9C2025 11 24.46095 03 30 43.74 +24 56 42.8          21.7 GV~9bu9F51
     K25W02F 9C2025 11 24.47510 03 30 42.84 +24 56 36.8          21.8 GV~9bu9F51
     K25W02F 9C2025 11 24.48912 03 30 41.96 +24 56 31.2          21.9 GV~9bu9F51
     K25W02F 9C2025 11 24.50312 03 30 41.07 +24 56 25.2          21.9 GV~9bu9F51
     K25W11G 9C2025 11 24.50455 04 00 19.46 +23 28 27.2          21.7 GV~9buAF51
     K25W17A 9C2025 11 24.50595 03 55 31.39 +19 49 42.4          21.7 GV~9buBF51
     K25W40R 9C2025 11 24.45765 03 23 52.60 +18 43 33.3          21.9 GV~9buFF51
     K25W40R 9C2025 11 24.47185 03 23 51.85 +18 43 31.5          21.7 GV~9buFF51
     K25W40R 9C2025 11 24.48588 03 23 51.11 +18 43 29.7          21.9 GV~9buFF51
     K25W40X 9C2025 11 25.38239 04 57 36.64 +17 57 07.4          21.5 GV~9buFF52
     K25W40X 9C2025 11 25.39199 04 57 36.03 +17 57 01.3          21.8 GV~9buFF52
     K25W40X 9C2025 11 25.40163 04 57 35.43 +17 56 55.1          21.6 GV~9buFF52
     K25W40X 9C2025 11 25.41126 04 57 34.82 +17 56 48.8          21.4 GV~9buFF52
     K25W43U 9C2025 11 24.45765 03 25 28.35 +20 04 32.4          22.1 GV~9buLF51
     K25W43U 9C2025 11 24.48588 03 25 26.81 +20 04 29.4          22.2 GV~9buLF51
     K25W43U 9C2025 11 24.49989 03 25 26.03 +20 04 27.8          22.2 GV~9buLF51
     K25W44G 9C2025 11 24.45962 03 34 07.31 +19 01 51.1          22.4 GV~9buMF51
     K25W44G 9C2025 11 24.47380 03 34 06.48 +19 01 46.2          22.3 GV~9buMF51
     K25W44G 9C2025 11 24.48782 03 34 05.64 +19 01 41.8          22.7 GV~9buMF51
     K25W44G 9C2025 11 24.50183 03 34 04.80 +19 01 36.9          22.0 GV~9buMF51
     K25W44J 9C2025 11 24.45962 03 35 48.53 +19 20 43.1          22.6 GV~9buMF51
     K25W44J 9C2025 11 24.47380 03 35 47.79 +19 20 40.8          22.6 GV~9buMF51
     K25W44J 9C2025 11 24.48782 03 35 47.01 +19 20 38.4          21.9 GV~9buMF51
     K25W44J 9C2025 11 24.50183 03 35 46.28 +19 20 36.4          23.0 GV~9buMF51
     K25W44P 9C2024 07 03.52566 21 15 58.53 -06 01 57.3                V~9buNF51
     K25W44P 9C2024 07 03.53711 21 15 58.20 -06 01 55.6          22.2 GV~9buNF51
     K25W44P 9C2024 07 03.54851 21 15 57.91 -06 01 53.7          22.4 GV~9buNF51
     K25W44P 9C2024 07 03.55992 21 15 57.59 -06 01 51.9          22.4 GV~9buNF51
     K25X19T 9C2020 07 17.42095 20 38 43.08 -08 00 04.6          22.0 GV~9buXF51
     K25X19T 9C2020 07 17.43520 20 38 42.24 -08 00 03.4          22.1 GV~9buXF51
     K25X19T 9C2020 07 17.44946 20 38 41.39 -08 00 02.1                V~9buXF51
     K25X19T 9C2020 07 17.46364 20 38 40.56 -08 00 01.0          21.9 GV~9buXF51
     K25Y13V 9C2024 09 28.48341 01 33 03.68 -03 20 33.3          22.7 GV~9butF52
     K25Y13V 9C2024 09 28.49548 01 33 03.17 -03 20 35.3          22.8 GV~9butF52
     K25Y14C 9C2025 11 25.39843 05 17 39.90 +24 23 16.8                V~9butF52
     K25Y14C 9C2025 11 25.40804 05 17 39.41 +24 23 15.2          21.6 GV~9butF52
     K25Y14C 9C2025 11 25.41765 05 17 38.92 +24 23 13.3          21.9 GV~9butF52
     K25Y21S 9C2026 01 17.39204 08 40 08.32 +09 31 59.1          21.9 GV~9bvDF51
     K25Y21S 9C2026 01 17.40532 08 40 07.70 +09 32 05.6          22.3 GV~9bvDF51
     K25Y21S 9C2026 01 17.41878 08 40 07.06 +09 32 12.1          21.9 GV~9bvDF51
     K25Y22A 9C2026 01 17.37882 08 38 20.41 +10 53 17.3          21.5 GV~9bvEF51
     K25Y22A 9C2026 01 17.39204 08 38 19.68 +10 53 20.0          21.7 GV~9bvEF51
     K25Y22A 9C2026 01 17.41878 08 38 18.21 +10 53 25.5          21.7 GV~9bvEF51
     K26A09T 9C2023 03 26.33878 11 22 58.79 +00 54 14.4                V~9bvpF52
     K26A09T 9C2023 03 26.35100 11 22 58.07 +00 54 17.1          22.6 GV~9bvpF52
     K26A09T 9C2023 03 26.36326 11 22 57.37 +00 54 20.1                V~9bvpF52
     K26A09T 9C2023 03 26.37562 11 22 56.64 +00 54 23.2          22.5 GV~9bvpF52
     K26A14Q 9C2020 09 13.44849 00 37 02.94 +05 06 48.3          22.2 GV~9bw2F51
     K26A14Q 9C2020 09 13.46049 00 37 02.32 +05 06 47.2          22.3 GV~9bw2F51
     K26A14Q 9C2020 09 13.47250 00 37 01.68 +05 06 46.3          22.4 GV~9bw2F51
     K26A14Q 9C2020 09 13.48454 00 37 01.07 +05 06 45.2          22.2 GV~9bw2F51
     K26A17W 9C2024 09 07.38724 23 41 12.03 +10 07 24.9                V~9bwEF52
     K26A17W 9C2024 09 07.39852 23 41 11.36 +10 07 23.5          22.9 GV~9bwEF52
     K26A17W 9C2024 09 07.40984 23 41 10.68 +10 07 21.7          22.1 GV~9bwEF52
     K26A17W 9C2024 09 07.42124 23 41 10.02 +10 07 19.7                V~9bwEF52
     K26A21B 9C2026 01 17.46743 09 45 05.17 +06 43 31.4          22.2 GV~9bwMF51
     K26A21B 9C2026 01 17.48062 09 45 04.60 +06 43 31.7          22.4 GV~9bwMF51
     K26A21B 9C2026 01 17.49389 09 45 04.05 +06 43 31.8          21.9 GV~9bwMF51
     K26A21C 9C2026 01 17.45432 09 49 49.53 +06 21 07.9          22.3 GV~9bwMF51
     K26A21C 9C2026 01 17.46743 09 49 49.09 +06 21 13.5          22.3 GV~9bwMF51
     K26A21C 9C2026 01 17.48062 09 49 48.67 +06 21 19.7          22.5 GV~9bwMF51
     K26A21C 9C2026 01 17.49389 09 49 48.23 +06 21 26.1          22.1 GV~9bwMF51
     K26B06G 9C2020 08 19.51527 23 23 32.48 -10 55 27.5          23.1 GV~9bwnF51
     K26B06G 9C2020 08 19.52776 23 23 31.96 -10 55 31.6          21.2 GV~9bwnF51
     K26B06G 9C2020 08 19.54026 23 23 31.44 -10 55 36.0          22.0 GV~9bwnF51
     K26B06G 9C2020 08 19.55277 23 23 30.92 -10 55 40.3          22.3 GV~9bwnF51
     K26B10S 9C2026 01 13.40705 09 17 38.32 +24 31 45.7                V~9bx3F51
     K26B10S 9C2026 01 13.42015 09 17 37.69 +24 31 46.9          21.2 GV~9bx3F51
     K26B10S 9C2026 01 13.43340 09 17 37.04 +24 31 47.7          21.9 GV~9bx3F51
     K26B10S 9C2026 01 13.44677 09 17 36.37 +24 31 49.3          21.4 GV~9bx3F51
     K26B12R 9C2026 02 13.47925 11 40 56.96 -07 28 02.0          22.1 GV~9bx8F51
     K26B12R 9C2026 02 13.49336 11 40 56.69 -07 27 51.2          22.9 GV~9bx8F51
     K26B12R 9C2026 02 13.52173 11 40 56.10 -07 27 28.3          22.0 GV~9bx8F51
     K26B12Z 9C2022 03 25.48959 13 13 32.91 +04 15 45.3          22.4 GV~9bxAF52
     K26B12Z 9C2022 03 25.50041 13 13 32.37 +04 15 48.9                V~9bxAF52
     K26B12Z 9C2022 03 25.51122 13 13 31.84 +04 15 52.3          22.1 GV~9bxAF52
     K26B12Z 9C2022 03 25.52204 13 13 31.27 +04 15 55.9                V~9bxAF52
     K26B13F 9C2026 02 16.56844 11 23 29.41 +12 43 32.8          21.8 GV~9bxAF51
     K26B13F 9C2026 02 16.58115 11 23 28.20 +12 43 25.7          22.1 GV~9bxAF51
     K26B13F 9C2026 02 16.59382 11 23 27.07 +12 43 19.4          21.5 GV~9bxAF51
     K26B13F 9C2026 02 16.60666 11 23 25.88 +12 43 12.2          22.1 GV~9bxAF51
     K26B13U 9C2026 01 11.39831 08 54 56.94 +10 53 25.7          22.4 GV~9bxCF51
     K26B13U 9C2026 01 11.40976 08 54 56.42 +10 53 31.6          22.1 GV~9bxCF51
     K26B13U 9C2026 01 11.42127 08 54 55.90 +10 53 37.6          22.2 GV~9bxCF51
     K26B13U 9C2026 01 11.43278 08 54 55.41 +10 53 43.8          22.7 GV~9bxCF51
     K26B13V 9C2026 01 13.42595 09 43 06.20 +21 14 33.8          22.3 GV~9bxCF51
     K26B13V 9C2026 01 13.43925 09 43 05.59 +21 14 38.1          22.2 GV~9bxCF51
     K26B13V 9C2026 01 13.45264 09 43 04.94 +21 14 42.8          22.6 GV~9bxCF51
     K26B13W 9C2026 01 13.41284 09 42 04.67 +22 00 25.1          22.2 GV~9bxCF51
     K26B13W 9C2026 01 13.42595 09 42 04.18 +22 00 27.2          22.4 GV~9bxCF51
     K26B13W 9C2026 01 13.43925 09 42 03.66 +22 00 29.9          22.1 GV~9bxCF51
     K26B13W 9C2026 01 13.45264 09 42 03.12 +22 00 32.1          22.6 GV~9bxCF51
     K26C02M 9C2026 01 17.45432 09 48 09.33 +07 23 01.7          22.3 GV~9bxSF51
     K26C02M 9C2026 01 17.46743 09 48 08.98 +07 23 06.2          22.4 GV~9bxSF51
     K26C02M 9C2026 01 17.48062 09 48 08.62 +07 23 09.7          22.2 GV~9bxSF51
     K26C02Z 9C2022 07 26.43342 21 00 13.34 -23 16 58.3          21.7 GV~9bxUF52
     K26C02Z 9C2022 07 26.44427 21 00 12.76 -23 16 58.8          21.5 GV~9bxUF52
     K26C02Z 9C2022 07 26.45513 21 00 12.17 -23 16 59.6                V~9bxUF52
     K26C02Z 9C2022 07 26.46604 21 00 11.60 -23 17 00.4                V~9bxUF52
     K26C05S 9C2023 08 18.39955 22 43 56.73 -06 16 49.9          22.2 GV~9bxiF51
     K26C05S 9C2023 08 18.41276 22 43 56.07 -06 16 52.2          22.1 GV~9bxiF51
     K26C05S 9C2023 08 18.42600 22 43 55.37 -06 16 54.1          22.0 GV~9bxiF51
     K26C05S 9C2023 08 18.43925 22 43 54.68 -06 16 56.6          22.2 GV~9bxiF51
     K26C05T 9C2024 08 31.48761 00 47 56.94 +06 02 26.3          22.8 GV~9bxiF51
     K26C05T 9C2024 08 31.49900 00 47 56.57 +06 02 23.4                V~9bxiF51
     K26C05T 9C2024 08 31.51039 00 47 56.18 +06 02 20.1          22.7 GV~9bxiF51
     K26C05T 9C2024 08 31.52183 00 47 55.81 +06 02 17.1                V~9bxiF51
     K26C08D 9C2020 06 17.54384 20 12 49.57 -16 31 24.9                V~9bxoF51
     K26C08D 9C2020 06 17.55767 20 12 49.07 -16 31 25.4          22.0 GV~9bxoF51
     K26C08D 9C2020 06 17.57147 20 12 48.59 -16 31 25.7                V~9bxoF51
     K26C08D 9C2020 06 17.58530 20 12 48.11 -16 31 25.9          21.7 GV~9bxoF51
     K26C09B 9C2023 04 17.44773 14 41 18.69 -19 41 07.0          22.6 GV~9bxqF52
     K26C09B 9C2023 04 17.45913 14 41 18.08 -19 41 04.1          22.6 GV~9bxqF52
     K26C09B 9C2023 04 17.47053 14 41 17.42 -19 41 01.4                V~9bxqF52
     K26C09B 9C2023 04 17.48196 14 41 16.78 -19 40 58.6          22.5 GV~9bxqF52
     K26C10W 9C2022 04 09.43406 13 35 59.69 -06 02 36.5          22.4 GV~9bxvF52
     K26C10W 9C2022 04 09.44489 13 35 59.17 -06 02 31.0                V~9bxvF52
     K26C10W 9C2022 04 09.45572 13 35 58.66 -06 02 25.6          22.2 GV~9bxvF52
     K26C10W 9C2022 04 09.46659 13 35 58.13 -06 02 20.4                V~9bxvF52
     K26C11L 9C2026 02 13.47256 11 21 06.80 -01 24 20.3          22.0 GV~9bxwF51
     K26C11L 9C2026 02 13.50093 11 21 05.78 -01 24 11.3          22.3 GV~9bxwF51
     K26C11L 9C2026 02 13.51505 11 21 05.26 -01 24 06.2          22.3 GV~9bxwF51
     K26C12J 9C2024 11 22.53762 04 51 56.12 +22 40 57.0          22.9 GV~9bxyF52
     K26C12J 9C2024 11 22.54980 04 51 55.51 +22 40 55.7          22.8 GV~9bxyF52
     K26C12S 9C2024 10 30.34960 02 45 40.75 +13 56 48.4                V~9bxyF52
     K26C12S 9C2024 10 30.36093 02 45 40.14 +13 56 43.7          22.1 GV~9bxyF52
     K26C12S 9C2024 10 30.37234 02 45 39.58 +13 56 39.7          22.0 GV~9bxyF52
     K26C19E 9C2024 08 31.48555 00 24 30.29 +06 35 33.9          22.8 GV~9byGF51
     K26C19E 9C2024 08 31.49697 00 24 29.79 +06 35 33.4          22.5 GV~9byGF51
     K26C19E 9C2024 08 31.50837 00 24 29.28 +06 35 33.3                V~9byGF51
     K26C19E 9C2024 08 31.51979 00 24 28.79 +06 35 33.3          22.5 GV~9byGF51
     K26C20H 9C2026 01 18.43115 09 29 37.20 +10 27 58.4          21.6 GV~9byJF51
     K26C20H 9C2026 01 18.44232 09 29 36.60 +10 27 55.4          21.8 GV~9byJF51
     K26C20H 9C2026 01 18.45358 09 29 35.98 +10 27 53.0                V~9byJF51
     K26C21V 9C2026 01 17.45432 09 51 07.44 +08 33 33.4          22.1 GV~9byLF51
     K26C21V 9C2026 01 17.46743 09 51 07.00 +08 33 35.4          22.7 GV~9byLF51
     K26C21V 9C2026 01 17.48062 09 51 06.58 +08 33 37.5          22.9 GV~9byLF51
     K26C21V 9C2026 01 17.49389 09 51 06.09 +08 33 39.3          22.5 GV~9byLF51
     K26C21W 9C2026 01 17.45497 09 55 46.30 +05 34 10.0          22.2 GV~9byMF51
     K26C21W 9C2026 01 17.46807 09 55 45.84 +05 34 08.6          22.9 GV~9byMF51
     K26C21W 9C2026 01 17.48126 09 55 45.37 +05 34 07.4          22.1 GV~9byMF51
     K26C21W 9C2026 01 17.49454 09 55 44.88 +05 34 06.0          22.1 GV~9byMF51
     K26D02W 9C2020 08 13.40936 22 24 53.08 -03 37 08.3          22.0 GV~9byYF51
     K26D02W 9C2020 08 13.42112 22 24 52.36 -03 37 09.5          22.2 GV~9byYF51
     K26D02W 9C2020 08 13.43284 22 24 51.64 -03 37 10.6          22.3 GV~9byYF51
     K26D02W 9C2020 08 13.44458 22 24 50.93 -03 37 11.8          22.3 GV~9byYF51
     K26D06N 9C2023 08 18.51092 23 16 51.09 -13 56 14.9          22.1 GV~9byiF51
     K26D06N 9C2023 08 18.52233 23 16 50.58 -13 56 20.9                V~9byiF51
     K26D06N 9C2023 08 18.53511 23 16 50.02 -13 56 27.7          22.1 GV~9byiF51
     K26D06N 9C2023 08 18.54661 23 16 49.47 -13 56 33.9                V~9byiF51
     K26D08E 9C2023 05 16.41716 15 57 21.75 -16 21 22.8                V~9bypF51
     K26D08E 9C2023 05 16.42848 15 57 21.04 -16 21 21.0                V~9bypF51
     K26D08E 9C2023 05 16.43980 15 57 20.28 -16 21 19.3          23.2 GV~9bypF51
     K26D08E 9C2023 05 16.45114 15 57 19.56 -16 21 16.8          23.0 GV~9bypF51
     K26D14P 9C2026 01 13.41350 09 49 24.30 +22 57 37.3          22.2 GV~9bzAF51
     K26D14P 9C2026 01 13.42659 09 49 23.82 +22 57 39.1                V~9bzAF51
     K26D14P 9C2026 01 13.43990 09 49 23.32 +22 57 41.5          21.9 GV~9bzAF51
     K26D14P 9C2026 01 13.45332 09 49 22.83 +22 57 43.6          21.9 GV~9bzAF51
     K26D16Y 9C2026 02 16.57113 11 27 06.25 +09 17 01.6          22.0 GV~9bzJF51
     K26D16Y 9C2026 02 16.58383 11 27 05.77 +09 17 06.3          21.9 GV~9bzJF51
     K26D16Y 9C2026 02 16.59652 11 27 05.31 +09 17 10.5          22.0 GV~9bzJF51
     K26D16Y 9C2026 02 16.60935 11 27 04.81 +09 17 14.8          22.2 GV~9bzJF51
     K26D19K 9C2026 02 16.57315 11 41 45.72 +12 31 35.9          21.9 GV~9bzRF51
     K26D19K 9C2026 02 16.58581 11 41 45.22 +12 31 39.5          21.8 GV~9bzRF51
     K26D19K 9C2026 02 16.59851 11 41 44.73 +12 31 43.0          21.7 GV~9bzRF51
     K26D19K 9C2026 02 16.61133 11 41 44.22 +12 31 46.4          22.0 GV~9bzRF51
     K26D26G 9C2024 11 02.40063 03 35 03.83 +12 32 22.4          22.4 GV~9bzfF52
     K26D26G 9C2024 11 02.42338 03 35 02.66 +12 32 15.7          22.7 GV~9bzfF52
     K26D26G 9C2024 11 02.43477 03 35 02.05 +12 32 12.0                V~9bzfF52
     K26D27E 9C2026 01 17.45303 09 46 06.40 +04 20 49.2          22.7 GV~9bziF51
     K26D27E 9C2026 01 17.46612 09 46 05.89 +04 20 48.8          22.6 GV~9bziF51
