     J96T11O ZC2010 02 06.37717008 21 29.160+32 40 46.92         21.5 rW~9O10F51
     J96T11O ZC2010 02 06.39073308 21 28.128+32 40 47.64         21.5 rW~9O10F51
     J96T11O ZC2012 10 31.52765907 28 00.720+30 16 27.12         21.3 iW~9O10F51
     J96T11O ZC2012 10 31.54009307 28 01.296+30 16 31.44         21.3 iW~9O10F51
     J96T11O ZC2012 12 22.51422907 06 47.616+36 13 09.48         20.5 rW~9O10F51
     J96T11O ZC2012 12 22.52620807 06 46.512+36 13 13.08         20.5 rW~9O10F51
     J96T11O ZC2013 01 10.44051606 38 36.312+36 53 36.24         20.7 gW~9O10F51
     J96T11O ZC2013 01 10.45223206 38 35.304+36 53 35.88         20.7 gW~9O10F51
     K04B85V ZC2013 07 09.41286 19 06 48.92 -28 26 39.0          21.6 r2~9O1nF51
     K04B85V ZC2013 07 09.41409 19 06 48.83 -28 26 38.2          21.7 r2~9O1nF51
     K04B85V ZC2013 07 09.42292 19 06 48.06 -28 26 33.9          21.6 r2~9O1nF51
     K04TQ5Y ZC2025 10 30.32640 02 45 53.78 +22 21 42.2          21.0 GV~9O21F51
     K04TQ5Y ZC2025 10 30.33675 02 45 53.01 +22 21 45.0          20.9 GV~9O21F51
     K04TQ5Y ZC2025 10 30.34711 02 45 52.26 +22 21 47.4          21.4 GV~9O21F51
     K04TQ5Y ZC2025 10 30.35752 02 45 51.48 +22 21 50.0          21.2 GV~9O21F51
     K05TM7G ZC2025 08 25.41049 22 14 16.40 -02 51 29.6                V~9D7EF51
     K05TM7G ZC2025 08 25.44349 22 14 14.85 -02 51 39.5                V~9D7EF51
     K05TM7G ZC2025 08 25.45550 22 14 14.30 -02 51 43.2          21.6 GV~9D7EF51
     K05TM7J ZC2024 06 29.46813 20 16 06.49 -17 14 27.8          22.4 GV~9O2RF52
     K05TM7J ZC2024 06 29.47994 20 16 06.04 -17 14 30.8          22.2 GV~9O2RF52
     K05TM7J ZC2024 06 29.49176 20 16 05.63 -17 14 34.0                V~9O2RF52
     K05TM7J ZC2024 06 29.50358 20 16 05.19 -17 14 36.6          22.2 GV~9O2RF52
     K05WB1G ZC2025 10 19.55186 03 04 55.58 +13 37 47.9          22.1 GV~9M1CF51
     K05WB1G ZC2025 10 19.57619 03 04 54.56 +13 37 43.2                V~9M1CF51
     K05WB1G ZC2025 10 19.58840 03 04 54.03 +13 37 40.8                V~9M1CF51
     K06C69Z ZC2025 09 23.40679 01 59 44.82 +04 17 26.3          22.6 GV~9JcHF52
     K06C69Z ZC2025 09 23.41831 01 59 44.45 +04 17 23.6          21.8 GV~9JcHF52
     K06C69Z ZC2025 09 23.42987 01 59 44.07 +04 17 20.2          22.4 GV~9JcHF52
     K06C73G ZC2025 08 23.48818 23 47 33.43 -11 44 24.3                V~9GwlF51
     K06C73G ZC2025 08 23.49901 23 47 33.06 -11 44 29.4                V~9GwmF51
     K06C73G ZC2025 08 23.51000 23 47 32.70 -11 44 34.3          22.0 GV~9GwmF51
     K06C73G ZC2025 08 23.52081 23 47 32.36 -11 44 39.6                V~9GwmF51
     K06HE3X ZC2025 08 19.48571 23 53 10.87 -04 48 59.8          22.2 GV~9GwmF51
     K06HE3X ZC2025 08 19.49685 23 53 10.41 -04 49 01.3          21.6 GV~9GwmF51
     K06HE3X ZC2025 08 19.50819 23 53 10.05 -04 49 03.1          21.8 GV~9GwmF51
     K06HE3X ZC2025 08 19.51935 23 53 09.62 -04 49 04.9          21.3 GV~9GwmF51
     K06Sk6A ZC2024 08 10.44620 21 19 46.01 -19 50 34.6                V~9O35F52
     K06Sk6A ZC2024 08 10.45737 21 19 45.39 -19 50 37.0          21.8 GV~9O35F52
     K07BC2N ZC2025 10 19.47967 02 51 22.38 +06 49 09.9                V~9M1MF51
     K07BC2N ZC2025 10 19.49249 02 51 21.80 +06 49 06.1          22.0 GV~9M1MF51
     K07BC2N ZC2025 10 19.50525 02 51 21.23 +06 49 02.9          21.8 GV~9M1MF51
     K07BC2N ZC2025 10 19.51796 02 51 20.67 +06 48 59.3          21.5 GV~9M1MF51
     K07C70C ZC2025 09 20.41530 23 41 07.36 -04 20 54.3                V~9D7XF51
     K07C70C ZC2025 09 20.42590 23 41 06.84 -04 20 57.2          21.5 GV~9D7XF51
     K07C70C ZC2025 09 20.44720 23 41 05.81 -04 21 02.6          21.6 GV~9D7XF51
     K07Rc7C ZC2025 09 23.40742 01 50 30.22 +07 54 59.6          22.3 GV~9JcSF52
     K07Rc7C ZC2025 09 23.41894 01 50 29.83 +07 54 56.6          22.2 GV~9JcSF52
     K07Rc7C ZC2025 09 23.43053 01 50 29.45 +07 54 53.4          22.2 GV~9JcSF52
     K07Rc7J ZC2020 07 17.41827 20 40 55.47 -15 50 10.9                V~9JcSF51
     K07Rc7J ZC2020 07 17.43256 20 40 54.76 -15 50 14.2          21.8 GV~9JcSF51
     K07Rc7J ZC2020 07 17.44683 20 40 54.06 -15 50 17.5                V~9JcSF51
     K07Rc7J ZC2020 07 17.46103 20 40 53.36 -15 50 21.1          21.6 GV~9JcSF51
     K07T83W ZC2025 08 23.48818 23 52 17.06 -10 43 44.5          20.7 GV~9Gx1F51
     K07T83W ZC2025 08 23.49901 23 52 16.61 -10 43 45.4                V~9Gx1F51
     K07T83W ZC2025 08 23.51000 23 52 16.13 -10 43 46.1          21.3 GV~9Gx1F51
     K07T83W ZC2025 08 23.52081 23 52 15.65 -10 43 47.1                V~9Gx1F51
     K07TY0R ZC2025 08 19.48571 23 47 56.15 -04 31 18.0          21.2 GV~9Gx2F51
     K07TY0R ZC2025 08 19.49685 23 47 55.85 -04 31 20.7          21.9 GV~9Gx2F51
     K07TY0R ZC2025 08 19.50819 23 47 55.49 -04 31 24.3          21.4 GV~9Gx2F51
     K07TY0R ZC2025 08 19.51935 23 47 55.15 -04 31 27.4          21.0 GV~9Gx2F51
     K07Tp4V ZC2025 09 23.40742 01 50 21.62 +07 10 20.4          21.7 GV~9JcWF52
     K07Tp4V ZC2025 09 23.41894 01 50 21.22 +07 10 17.8          21.7 GV~9JcWF52
     K07Tp4V ZC2025 09 23.43053 01 50 20.84 +07 10 15.2          22.1 GV~9JcWF52
     K07U13Y ZC2022 04 25.41074 14 41 25.14 -18 21 57.4                V~9O3qF52
     K07U13Y ZC2022 04 25.42161 14 41 24.58 -18 21 56.4                V~9O3qF52
     K07U13Y ZC2022 04 25.43248 14 41 24.04 -18 21 55.7                V~9O3qF52
     K07U13Y ZC2022 04 25.44332 14 41 23.48 -18 21 55.3          22.2 GV~9O3qF52
     K07VP9N ZC2025 09 14.42901 01 45 47.16 +13 03 54.1          21.7 GV~9JcaF52
     K07VP9N ZC2025 09 14.44185 01 45 47.04 +13 03 48.9          22.1 GV~9JcaF52
     K07VP9N ZC2025 09 14.45462 01 45 46.96 +13 03 43.9          21.4 GV~9JcaF52
     K07VP9N ZC2025 09 14.46755 01 45 46.87 +13 03 39.1          21.8 GV~9JcaF52
     K07Vc9G ZC2025 10 13.57183 02 17 22.06 +21 52 01.8          20.8 GV~9M1XF51
     K07Vc9G ZC2025 10 13.58605 02 17 21.42 +21 51 58.1          21.0 GV~9M1XF51
     K07Vc9G ZC2025 10 13.60027 02 17 20.74 +21 51 54.3          21.6 GV~9M1XF51
     K07Vc9H ZC2024 05 07.52443 15 46 04.72 -15 51 12.7          22.2 GV~9Gx6F51
     K07Vc9H ZC2024 05 07.53639 15 46 03.99 -15 51 11.2          22.1 GV~9Gx6F51
     K07Vc9H ZC2024 05 07.54837 15 46 03.29 -15 51 09.4                V~9Gx6F51
     K07Vc9H ZC2024 05 07.56286 15 46 02.40 -15 51 07.4                V~9Gx6F51
     K07Vc9H ZC2025 08 19.48635 23 54 53.43 -07 49 32.8          21.3 GV~9Gx6F51
     K07Vc9H ZC2025 08 19.49750 23 54 53.07 -07 49 36.6          21.6 GV~9Gx6F51
     K07Vc9H ZC2025 08 19.50884 23 54 52.71 -07 49 40.4          21.5 GV~9Gx6F51
     K07Vc9H ZC2025 08 19.51999 23 54 52.35 -07 49 44.2          21.5 GV~9Gx6F51
     K07Vc9H ZC2025 08 23.49748 23 52 42.25 -08 13 10.3                V~9Gx6F51
     K07Vc9H ZC2025 08 23.50831 23 52 41.83 -08 13 14.5                V~9Gx6F51
     K07Vc9H ZC2025 08 23.51930 23 52 41.39 -08 13 18.5                V~9Gx6F51
     K07Vc9H ZC2025 08 23.53011 23 52 40.98 -08 13 22.6          21.3 GV~9Gx6F51
     K08AG0Q ZC2020 01 19.44601 10 03 51.75 +11 33 30.0          21.9 GV~9O4JF51
     K08AG0Q ZC2020 01 19.45886 10 03 51.36 +11 33 37.1          22.3 GV~9O4JF51
     K08AG0Q ZC2020 01 19.47174 10 03 50.95 +11 33 44.1                V~9O4JF51
     K08AG0Q ZC2020 01 19.48467 10 03 50.53 +11 33 51.3                V~9O4JF51
     K08Q07L ZC2012 08 05.34230 20 04 07.76 -29 20 47.5                V~9D7sF51
     K08Q07L ZC2012 08 05.35222 20 04 07.16 -29 20 44.2                V~9D7sF51
     K08Q07L ZC2012 08 11.35299 19 58 21.68 -28 44 51.0                V~9D7sF51
     K08Q07L ZC2012 08 11.36247 19 58 21.13 -28 44 47.7                V~9D7sF51
     K08RF5U ZC2025 09 18.41499 02 05 05.76 +16 05 15.0          21.2 GV~9JchF52
     K08RF5U ZC2025 09 18.42763 02 05 05.37 +16 05 22.3          20.9 GV~9JchF52
     K08RF5U ZC2025 09 18.44028 02 05 05.03 +16 05 28.8          21.3 GV~9JchF52
     K08RF5U ZC2025 09 18.45295 02 05 04.64 +16 05 36.0          21.2 GV~9JchF52
     K08Sa6Q ZC2025 09 16.50229 00 50 35.07 +08 03 09.2          21.0 GV~9JcnF51
     K08Sa6Q ZC2025 09 16.51435 00 50 34.52 +08 03 08.4          21.2 GV~9JcnF51
     K08Sa6Q ZC2025 09 16.52644 00 50 33.98 +08 03 08.3          21.3 GV~9JcnF51
     K08Sa6W ZC2020 07 17.41294 20 16 18.37 -15 02 39.6          21.9 GV~9GxEF51
     K08Sa6W ZC2020 07 17.42720 20 16 17.60 -15 02 43.3          21.9 GV~9GxEF51
     K08Sa6W ZC2020 07 17.44150 20 16 16.83 -15 02 47.2          21.7 GV~9GxEF51
     K08Sa6W ZC2020 07 17.45575 20 16 16.05 -15 02 50.8                V~9GxEF51
     K08TO3E ZC2025 08 23.48894 23 53 37.19 -13 23 11.4          21.5 GV~9GxGF51
     K08TO3E ZC2025 08 23.49978 23 53 36.75 -13 23 14.3                V~9GxGF51
     K08TO3E ZC2025 08 23.51077 23 53 36.28 -13 23 17.4                V~9GxGF51
     K08TO3E ZC2025 08 23.52157 23 53 35.84 -13 23 20.7                V~9GxGF51
     K08U18M ZC2025 10 30.33869 02 46 12.73 +16 53 40.4          21.1 GV~9O5IF51
     K08U18M ZC2025 10 30.34905 02 46 12.15 +16 53 38.4          21.6 GV~9O5IF51
     K08U18M ZC2025 10 30.35946 02 46 11.60 +16 53 34.6          21.2 GV~9O5IF51
     K08U94X ZC2025 09 18.47514 02 01 21.74 +06 22 19.8          21.7 GV~9JctF52
     K08U94X ZC2025 09 18.48752 02 01 21.45 +06 22 16.5          21.8 GV~9JctF52
     K08U94X ZC2025 09 18.49997 02 01 21.17 +06 22 13.1          22.0 GV~9JctF52
     K08U94X ZC2025 09 18.51243 02 01 20.86 +06 22 09.6          21.7 GV~9JctF52
     K08UI2C ZC2023 01 23.42706 09 29 02.77 +09 02 54.8          23.0 GV~9O5PF52
     K08UI2C ZC2023 01 23.43918 09 29 02.03 +09 02 58.4          22.9 GV~9O5PF52
     K08VB1U ZC2025 09 18.47385 01 59 31.26 +04 32 56.4          21.1 GV~9Jd1F52
     K08VB1U ZC2025 09 18.48626 01 59 30.90 +04 32 54.3          21.6 GV~9Jd1F52
     K08VB1U ZC2025 09 18.49870 01 59 30.56 +04 32 52.2          22.1 GV~9Jd1F52
     K08VB1U ZC2025 09 18.51115 01 59 30.17 +04 32 50.2          21.2 GV~9Jd1F52
     K08VB2B ZC2025 10 30.32705 02 56 59.72 +20 17 31.4                V~9O5kF51
     K08VB2B ZC2025 10 30.33740 02 56 59.11 +20 17 32.3                V~9O5kF51
     K08VB2B ZC2025 10 30.34776 02 56 58.54 +20 17 33.5                V~9O5kF51
     K08VB2B ZC2025 10 30.35817 02 56 57.91 +20 17 34.6          21.0 GV~9O5kF51
     K08W37N ZC2025 10 16.41581 01 21 12.10 -11 51 46.5          20.9 GV~9O5nF51
     K08W37N ZC2025 10 16.42566 01 21 11.48 -11 51 42.7          21.2 GV~9O5nF51
     K08W37N ZC2025 10 16.43555 01 21 10.84 -11 51 38.6          21.1 GV~9O5nF51
     K09BL9O ZC2025 10 30.32575 02 45 34.66 +19 19 57.9          21.5 GV~9O6GF51
     K09BL9O ZC2025 10 30.33610 02 45 34.05 +19 19 55.4          21.4 GV~9O6GF51
     K09BL9O ZC2025 10 30.34647 02 45 33.46 +19 19 53.6          21.5 GV~9O6GF51
     K09BL9O ZC2025 10 30.35687 02 45 32.87 +19 19 52.2          21.5 GV~9O6GF51
     K09C80Q ZC2023 04 24.49647 15 18 53.60 -07 04 59.1          22.2 GV~9D8VF52
     K09C80Q ZC2023 04 24.50865 15 18 53.03 -07 04 55.3          22.0 GV~9D8VF52
     K09C80Q ZC2023 04 24.52084 15 18 52.45 -07 04 50.9                V~9D8VF52
     K09S68R ZC2025 09 14.42901 01 47 37.36 +12 00 59.8          21.7 GV~9JdBF52
     K09S68R ZC2025 09 14.44185 01 47 37.15 +12 00 56.0          21.5 GV~9JdBF52
     K09S68R ZC2025 09 14.45462 01 47 36.90 +12 00 51.7          21.6 GV~9JdBF52
     K09VD5O ZC2023 04 23.43695 14 47 55.79 -17 20 32.8          21.3 GV~9JdHF52
     K09VD5O ZC2023 04 23.44783 14 47 55.29 -17 20 29.3          21.4 GV~9JdHF52
     K09VD5O ZC2023 04 23.45874 14 47 54.80 -17 20 25.5                V~9JdHF52
     K09VD5O ZC2023 04 23.46964 14 47 54.31 -17 20 22.1                V~9JdHF52
     K09VD5O ZC2025 10 30.32769 02 57 59.86 +17 25 44.3          21.4 GV~9O6qF51
     K09VD5O ZC2025 10 30.33804 02 57 59.37 +17 25 40.3                V~9O6qF51
     K09VD5O ZC2025 10 30.34841 02 57 58.88 +17 25 36.9          21.2 GV~9O6qF51
     K09VD5O ZC2025 10 30.35882 02 57 58.39 +17 25 32.7                V~9O6qF51
     K09WN3K ZC2025 10 30.33351 02 21 58.71 +18 00 02.2          21.2 GV~9O6yF51
     K09WN3K ZC2025 10 30.34388 02 21 57.93 +18 00 03.6          20.4 GV~9O6yF51
     K09WN3K ZC2025 10 30.35428 02 21 57.17 +18 00 04.7          20.6 GV~9O6yF51
     K10AG7K ZC2024 07 02.52492 20 11 01.42 -10 09 08.1          22.3 GV~9JdLF52
     K10AG7K ZC2024 07 02.53814 20 11 00.81 -10 09 06.8          22.2 GV~9JdLF52
     K10AG7K ZC2024 07 02.55132 20 11 00.24 -10 09 05.7          21.9 GV~9JdLF52
     K10AG7K ZC2024 07 02.56452 20 10 59.65 -10 09 04.4          21.9 GV~9JdLF52
     K10AG8P*ZC2010 01 06.38826 07 29 21.39 +18 45 49.0          21.5 rW~9O7CF51
     K10AG8P ZC2010 01 06.39747 07 29 20.76 +18 45 47.4          21.5 rW~9O7CF51
     K10AG8P ZC2010 01 08.38165 07 27 04.00 +18 39 13.3                W~9O7CF51
     K10AG8P ZC2010 01 08.39014 07 27 03.41 +18 39 11.6          20.6 rW~9O7CF51
     K10B99T ZC2025 09 18.47385 01 59 03.40 +04 55 27.0          21.3 GV~9JdMF52
     K10B99T ZC2025 09 18.48626 01 59 02.95 +04 55 28.8          21.9 GV~9JdMF52
     K10B99T ZC2025 09 18.49870 01 59 02.52 +04 55 30.8          21.6 GV~9JdMF52
     K10B99T ZC2025 09 18.51115 01 59 02.09 +04 55 32.8          20.9 GV~9JdMF52
     K10S69T ZC2025 09 18.47514 02 04 38.49 +07 38 40.7          21.5 GV~9JdZF52
     K10S69T ZC2025 09 18.48752 02 04 38.15 +07 38 38.4          22.3 GV~9JdZF52
     K10S69T ZC2025 09 18.49997 02 04 37.84 +07 38 36.2          22.4 GV~9JdZF52
     K10TO4J ZC2023 01 21.38625 09 27 42.45 +31 15 11.9          22.2 GV~9O8KF52
     K10TO4J ZC2023 01 21.39787 09 27 41.84 +31 15 15.7          22.2 GV~9O8KF52
     K10TO4J ZC2023 01 21.40939 09 27 41.24 +31 15 19.8                V~9O8KF52
     K10TO4J ZC2023 01 21.42090 09 27 40.59 +31 15 24.0          22.0 GV~9O8KF52
     K10U68X ZC2012 02 13.36456 09 00 11.11 +06 39 00.0                V~9JdbF51
     K10U68X ZC2012 02 13.37773 09 00 10.51 +06 39 04.9                V~9JdbF51
     K10U68X ZC2012 02 13.39144 09 00 09.85 +06 39 09.9                V~9JdbF51
     K10U68X ZC2012 02 13.40397 09 00 09.30 +06 39 14.1                V~9JdbF51
     K10V67A ZC2025 10 15.49292 02 54 17.29 +05 17 56.8          21.6 GV~9M2PF51
     K10V67A ZC2025 10 15.50504 02 54 16.79 +05 17 52.7          21.9 GV~9M2PF51
     K10V67A ZC2025 10 15.51714 02 54 16.29 +05 17 48.5          21.7 GV~9M2PF51
     K11B39G ZC2011 01 27.53951 08 51 28.14 +22 00 02.6          21.4 r2~9O8dF51
     K11B39G ZC2011 01 27.55194 08 51 27.10 +22 00 23.1          21.5 r2~9O8dF51
     K11B39G ZC2011 01 27.56362 08 51 26.13 +22 00 42.4          21.7 r2~9O8dF51
     K11BD7Z ZC2025 08 25.41309 22 23 07.25 -00 22 57.1          21.4 GV~9D99F51
     K11BD7Z ZC2025 08 25.43406 22 23 06.01 -00 22 57.2                V~9D99F51
     K11BD7Z ZC2025 08 25.44609 22 23 05.30 -00 22 56.7          21.7 GV~9D99F51
     K11BD7Z ZC2025 08 25.45810 22 23 04.67 -00 22 57.6          21.6 GV~9D99F51
     K11CB2B ZC2025 09 23.40742 01 47 57.05 +07 13 04.7          22.3 GV~9JdgF52
     K11CB2B ZC2025 09 23.41894 01 47 56.63 +07 12 59.8                V~9JdgF52
     K11CB2B ZC2025 09 23.43053 01 47 56.19 +07 12 54.7          22.1 GV~9JdgF52
     K11CF7K ZC2025 08 25.41374 22 33 04.63 -03 55 33.0          21.7 GV~9D9AF51
     K11CF7K ZC2025 08 25.43471 22 33 03.62 -03 55 36.5          21.6 GV~9D9AF51
     K11CF7K ZC2025 08 25.44674 22 33 03.06 -03 55 38.0          21.6 GV~9D9AF51
     K11CF7K ZC2025 08 25.45876 22 33 02.47 -03 55 39.6                V~9D9AF51
     K11CF7T ZC2022 03 01.45308 12 09 04.04 -10 02 06.0                V~9M2UF52
     K11CF7T ZC2022 03 01.46330 12 09 03.61 -10 02 05.0          21.5 GV~9M2UF52
     K11CF7T ZC2022 03 01.47355 12 09 03.16 -10 02 04.2                V~9M2UF52
     K11CF7T ZC2022 03 01.48375 12 09 02.72 -10 02 03.9          21.5 GV~9M2UF52
     K11D62K ZC2025 09 15.38002 00 45 40.94 +15 38 36.6          22.0 GV~9JdhF52
     K11D62K ZC2025 09 15.39027 00 45 40.53 +15 38 35.2          21.6 GV~9JdhF52
     K11D62K ZC2025 09 15.40055 00 45 40.12 +15 38 34.4          21.8 GV~9JdhF52
     K11D62K ZC2025 09 15.41086 00 45 39.69 +15 38 33.6          22.1 GV~9JdhF52
     K11D62L ZC2024 08 10.42187 21 08 06.46 -19 31 23.2                V~9D9BF52
     K11D62L ZC2024 08 10.43305 21 08 05.85 -19 31 24.2          22.6 GV~9D9BF52
     K11D62L ZC2024 08 10.44423 21 08 05.27 -19 31 24.6                V~9D9BF52
     K11D62L ZC2024 08 10.45540 21 08 04.67 -19 31 25.3          22.3 GV~9D9BF52
     K11S04K ZC2025 08 19.48506 23 47 29.40 -00 59 07.4          21.4 GV~9GxzF51
     K11S04K ZC2025 08 19.49620 23 47 29.03 -00 59 08.9          21.6 GV~9GxzF51
     K11S04K ZC2025 08 19.50754 23 47 28.63 -00 59 10.4          21.4 GV~9GxzF51
     K11S04K ZC2025 08 19.51870 23 47 28.25 -00 59 12.0          21.8 GV~9GxzF51
     K11SE5O ZC2025 08 18.45051 22 45 02.37 -01 29 48.5                V~9Gy1F51
     K11SE5O ZC2025 08 18.46193 22 45 01.84 -01 29 51.0          21.5 GV~9Gy1F51
     K11SE5O ZC2025 08 18.47337 22 45 01.31 -01 29 53.4                V~9Gy1F51
     K11SE5O ZC2025 08 18.48478 22 45 00.76 -01 29 55.5          21.5 GV~9Gy1F51
     K11SN8D ZC2023 01 23.45264 09 32 16.63 +11 37 27.2          22.2 GV~9O9JF52
     K11SN8D ZC2023 01 23.46490 09 32 15.93 +11 37 31.0          22.4 GV~9O9JF52
     K12A39W ZC2025 10 15.49359 02 48 04.14 +06 21 43.5          22.1 GV~9M2oF51
     K12A39W ZC2025 10 15.50570 02 48 03.60 +06 21 37.9          22.0 GV~9M2oF51
     K12A39W ZC2025 10 15.51781 02 48 03.06 +06 21 32.2          21.9 GV~9M2oF51
     K12A39W ZC2025 10 15.52992 02 48 02.53 +06 21 26.6          22.0 GV~9M2oF51
     K12E34Z ZC2025 09 15.38002 00 55 47.61 +14 57 50.8          21.5 GV~9Je3F52
     K12E34Z ZC2025 09 15.39027 00 55 47.18 +14 57 50.3          20.9 GV~9Je3F52
     K12FC1H ZC2025 10 16.43147 01 40 24.10 -09 21 27.5          21.4 GV~9OAPF51
     K12FC1H ZC2025 10 16.44134 01 40 23.48 -09 21 26.8          22.0 GV~9OAPF51
     K12SB0K ZC2019 04 02.43837 13 12 03.60 -04 12 56.1          21.4 GV~9OApF51
     K12SB0K ZC2019 04 02.45120 13 12 02.94 -04 12 51.8          21.6 GV~9OApF51
     K12SB0K ZC2019 04 02.46405 13 12 02.26 -04 12 47.4          21.7 GV~9OApF51
     K12TO8E ZC2025 09 14.43933 01 39 23.23 +10 07 08.8          21.3 GV~9JeCF52
     K12TO8E ZC2025 09 14.45209 01 39 22.74 +10 07 16.5          21.5 GV~9JeCF52
     K12TO8E ZC2025 09 14.46502 01 39 22.24 +10 07 24.0          22.3 GV~9JeCF52
     K12Te9Z ZC2025 10 13.55564 02 05 16.94 +17 19 10.3          20.9 GV~9M32F51
     K12Te9Z ZC2025 10 13.56990 02 05 16.23 +17 19 06.3          20.9 GV~9M32F51
     K12Te9Z ZC2025 10 13.58413 02 05 15.48 +17 19 02.4          21.3 GV~9M32F51
     K12Te9Z ZC2025 10 13.59832 02 05 14.80 +17 18 58.3          21.5 GV~9M32F51
     K12Tf0H ZC2025 10 19.54114 02 56 55.83 +07 46 26.1                V~9M32F51
     K12Tf0H ZC2025 10 19.55331 02 56 55.13 +07 46 26.1          21.5 GV~9M32F51
     K12Tf0H ZC2025 10 19.56547 02 56 54.40 +07 46 25.9                V~9M32F51
     K12Tf0H ZC2025 10 19.57765 02 56 53.69 +07 46 26.1          21.8 GV~9M32F51
     K12Tf0Q ZC2025 10 13.56092 02 23 53.75 +17 32 13.6          21.5 GV~9M32F51
     K12Tf0Q ZC2025 10 13.57517 02 23 53.32 +17 32 03.1          21.8 GV~9M32F51
     K12Tf0Q ZC2025 10 13.58940 02 23 52.87 +17 31 52.5          21.3 GV~9M32F51
     K12Tf0Q ZC2025 10 13.60361 02 23 52.46 +17 31 41.8          21.0 GV~9M32F51
     K12Tf0T ZC2025 10 30.32833 02 43 22.00 +18 27 14.0          22.0 GV~9OBAF51
     K12Tf0T ZC2025 10 30.33869 02 43 21.50 +18 27 07.1          21.9 GV~9OBAF51
     K12Tf0T ZC2025 10 30.34905 02 43 20.96 +18 27 00.2          21.8 GV~9OBAF51
     K12Tf0T ZC2025 10 30.35946 02 43 20.46 +18 26 53.1          21.8 GV~9OBAF51
     K12Tf0U ZC2025 09 17.43309 01 58 05.60 +19 25 22.8          22.2 GV~9JeGF52
     K12Tf0U ZC2025 09 17.44601 01 58 05.75 +19 25 29.1          22.1 GV~9JeGF52
     K12Tf0U ZC2025 09 17.45895 01 58 05.91 +19 25 35.9          21.9 GV~9JeGF52
     K12Tf0U ZC2025 09 17.47199 01 58 06.04 +19 25 42.3          21.7 GV~9JeGF52
     K12UC1Z ZC2020 07 18.45848 21 09 30.91 -16 29 30.3          21.8 GV~9JeJF51
     K12UC1Z ZC2020 07 18.46927 21 09 30.37 -16 29 31.5          22.1 GV~9JeJF51
     K12UC1Z ZC2020 07 18.47999 21 09 29.84 -16 29 32.4          21.7 GV~9JeJF51
     K12UC1Z ZC2020 07 18.49071 21 09 29.32 -16 29 33.3                V~9JeJF51
     K12UR0G ZC2025 09 18.47514 01 57 58.46 +07 14 01.6          21.7 GV~9JeLF52
     K12UR0G ZC2025 09 18.48752 01 57 58.17 +07 13 57.6          21.2 GV~9JeLF52
     K12UR0G ZC2025 09 18.49997 01 57 57.90 +07 13 54.0          22.3 GV~9JeLF52
     K12UR0G ZC2025 09 18.51243 01 57 57.60 +07 13 50.2          20.5 GV~9JeLF52
     K12UR1A ZC2025 10 19.54179 03 00 55.90 +10 41 10.6          21.8 GV~9M37F51
     K12UR1A ZC2025 10 19.55395 03 00 55.18 +10 41 10.7          21.3 GV~9M37F51
     K12UR1A ZC2025 10 19.56611 03 00 54.48 +10 41 10.9          21.3 GV~9M37F51
     K12UR1A ZC2025 10 19.57829 03 00 53.76 +10 41 11.1                V~9M37F51
     K12VG1S ZC2010 01 07.50753 07 17 41.30 +25 53 27.0                W~9OBfF51
     K12VG1S ZC2010 01 07.51595 07 17 40.67 +25 53 29.8          21.2 rW~9OBfF51
     K12VG1S ZC2010 01 11.35859 07 13 10.07 +26 14 19.8          21.3 rW~9OBfF51
     K12VG1S ZC2010 01 11.36647 07 13 09.49 +26 14 22.3          21.3 rW~9OBfF51
     K12Y30C ZC2025 02 22.49242 12 24 24.10 -05 51 24.4          22.1 GV~9OBuF52
     K12Y30C ZC2025 02 22.50533 12 24 23.65 -05 51 24.1                V~9OBvF52
     K12Y30C ZC2025 02 22.51825 12 24 23.19 -05 51 24.3          22.0 GV~9OBvF52
     K12Y30C ZC2025 02 22.53119 12 24 22.69 -05 51 24.0          21.7 GV~9OBvF52
     K13BB1S ZC2025 08 25.44479 22 24 38.77 -07 38 05.2          21.0 GV~9DAGF51
     K13BB1S ZC2025 08 25.45680 22 24 37.92 -07 38 06.1          21.1 GV~9DAGF51
     K13E27O ZC2025 08 19.50950 23 47 31.70 -07 08 16.7          21.1 GV~9OCMF51
     K13E27O ZC2025 08 19.52064 23 47 31.20 -07 08 19.4          20.8 GV~9OCMF51
     K13E49U ZC2020 09 13.45378 00 50 47.82 +04 05 38.6          22.5 GV~9JeWF51
     K13E49U ZC2020 09 13.46578 00 50 47.40 +04 05 34.0                V~9JeWF51
     K13E49U ZC2020 09 13.47777 00 50 46.93 +04 05 29.1                V~9JeWF51
     K13F45L ZC2022 08 19.40153 23 17 58.67 +10 50 40.8          22.1 GV~9OCSF52
     K13F45L ZC2022 08 19.41367 23 17 58.16 +10 50 30.9          22.0 GV~9OCSF52
     K13F45L ZC2022 08 19.43789 23 17 57.17 +10 50 11.5                V~9OCSF52
     K13H95N ZC2025 11 28.51785 04 18 15.85 +11 37 07.3          22.1 GV~9OCYF51
     K13H95N ZC2025 11 28.52975 04 18 15.21 +11 37 04.0          22.2 GV~9OCYF51
     K13H95N ZC2025 11 28.54164 04 18 14.57 +11 37 01.1                V~9OCYF51
     K13H95N ZC2025 11 28.55355 04 18 13.93 +11 36 58.0          21.9 GV~9OCYF51
     K13HD7M ZC2025 09 15.37934 00 51 17.19 +12 06 35.9          21.2 GV~9JeXF52
     K13HD7M ZC2025 09 15.38959 00 51 16.80 +12 06 32.6          21.7 GV~9JeXF52
     K13HD7M ZC2025 09 15.39989 00 51 16.43 +12 06 29.1          21.9 GV~9JeXF52
     K13HF0F ZC2025 08 19.48374 23 40 08.79 -02 00 02.8          21.3 GV~9JeXF51
     K13HF0F ZC2025 08 19.49490 23 40 08.42 -02 00 04.9          21.2 GV~9JeXF51
     K13HF0F ZC2025 08 19.50622 23 40 08.02 -02 00 07.4          21.1 GV~9JeXF51
     K13HF0F ZC2025 08 19.51738 23 40 07.61 -02 00 09.6          21.7 GV~9JeXF51
     K13PE7R ZC2025 10 13.55564 02 04 35.27 +17 32 09.8          20.8 GV~9M3OF51
     K13PE7R ZC2025 10 13.56990 02 04 34.64 +17 32 07.0          21.8 GV~9M3OF51
     K13PE7R ZC2025 10 13.58413 02 04 34.04 +17 32 03.6          20.8 GV~9M3OF51
     K13PE7R ZC2025 10 13.59832 02 04 33.41 +17 32 00.3          21.1 GV~9M3OF51
     K13S07O ZC2025 10 30.32640 02 49 21.97 +23 21 11.0          21.8 GV~9OD4F51
     K13S07O ZC2025 10 30.33675 02 49 21.49 +23 21 12.4          21.5 GV~9OD4F51
     K13SB6Z ZC2025 11 23.50281 04 00 12.08 +21 02 39.3          22.8 GV~9OD7F51
     K13SB6Z ZC2025 11 23.51659 04 00 11.33 +21 02 38.6          22.6 GV~9OD7F51
     K13SB6Z ZC2025 11 23.53029 04 00 10.59 +21 02 38.4          22.1 GV~9OD7F51
     K13SB6Z ZC2025 11 23.54393 04 00 09.85 +21 02 37.4          22.9 GV~9OD7F51
     K14DJ6L ZC2014 01 23.55983 10 10 25.71 +08 32 58.9          21.1 r2~9OE2F51
     K14DJ6L ZC2014 01 23.58363 10 10 24.93 +08 33 12.3          21.0 i2~9OE2F51
     K14DJ6L ZC2014 02 10.41185 09 58 20.38 +11 39 54.3          20.8 i2~9OE2F51
     K14DJ6L ZC2014 02 20.37571 09 50 17.21 +13 33 23.6          20.9 i2~9OE2F51
     K14E91F ZC2025 10 30.32510 02 36 29.96 +23 31 57.1          21.9 GV~9OE5F51
     K14E91F ZC2025 10 30.33546 02 36 29.24 +23 31 55.0          22.3 GV~9OE5F51
     K14E91F ZC2025 10 30.34582 02 36 28.73 +23 31 52.8          21.9 GV~9OE5F51
     K14E91F ZC2025 10 30.35622 02 36 28.13 +23 31 50.5          21.9 GV~9OE5F51
     K14HB7W ZC2020 08 19.51077 23 25 27.28 -07 40 03.8          22.2 GV~9GzBF51
     K14HB7W ZC2020 08 19.52325 23 25 26.82 -07 40 08.9          21.8 GV~9GzBF51
     K14HB7W ZC2020 08 19.53574 23 25 26.38 -07 40 13.8          22.1 GV~9GzBF51
     K14HB7W ZC2025 09 23.41768 01 59 37.96 +03 07 44.3                V~9JewF52
     K14HB7W ZC2025 09 23.42924 01 59 37.61 +03 07 39.9          21.7 GV~9JewF52
     K14HB7W ZC2025 09 23.44082 01 59 37.24 +03 07 35.9          22.0 GV~9JewF52
     K14HZ4U ZC2025 10 30.32898 02 38 48.03 +17 10 23.2          21.5 GV~9OEYF51
     K14HZ4U ZC2025 10 30.36011 02 38 45.80 +17 10 22.0          21.2 GV~9OEYF51
     K14Hg9V ZC2023 03 16.51622 13 02 46.78 -04 32 31.5          22.5 GV~9JeyF52
     K14Hg9V ZC2023 03 16.52784 13 02 46.30 -04 32 27.6          22.4 GV~9JeyF52
     K14Hg9V ZC2023 03 16.53945 13 02 45.85 -04 32 23.1          22.7 GV~9JeyF52
     K14Hg9V ZC2023 03 16.55112 13 02 45.39 -04 32 19.0          22.5 GV~9JeyF52
     K14Ho2E ZC2025 08 18.45190 22 50 54.24 -02 37 06.2          20.0 GV~9JeyF51
     K14Ho2E ZC2025 08 18.46332 22 50 53.65 -02 37 06.3          20.2 GV~9JeyF51
     K14Ho2E ZC2025 08 18.47475 22 50 53.03 -02 37 06.8          19.9 GV~9JeyF51
     K14Ho2E ZC2025 08 25.41906 22 44 35.64 -02 44 04.2                V~9JeyF51
     K14Ho2E ZC2025 08 25.44004 22 44 34.39 -02 44 06.8          21.7 GV~9JeyF51
     K14Ho2E ZC2025 08 25.45206 22 44 33.66 -02 44 07.8          21.8 GV~9JeyF51
     K14Hp9D ZC2025 09 17.42982 01 58 16.03 +25 55 00.5          22.4 GV~9OEbF52
     K14Hp9D ZC2025 09 17.44274 01 58 15.71 +25 55 01.6          22.0 GV~9OEbF52
     K14Hp9D ZC2025 09 17.45572 01 58 15.40 +25 55 02.7          22.0 GV~9OEbF52
     K14Hp9D ZC2025 09 17.46879 01 58 15.04 +25 55 04.2          22.7 GV~9OEbF52
     K14Hr8C ZC2025 08 25.41438 22 33 24.32 -05 15 52.9          21.8 GV~9DAqF51
     K14Hr8C ZC2025 08 25.43536 22 33 23.37 -05 16 01.1          21.3 GV~9DAqF51
     K14Hr8C ZC2025 08 25.44739 22 33 22.81 -05 16 06.0                V~9DAqF51
     K14Hr8C ZC2025 08 25.45941 22 33 22.26 -05 16 11.2          21.6 GV~9DAqF51
     K14Hr8J ZC2025 09 18.47514 02 01 25.75 +06 57 21.8          21.2 GV~9JeyF52
     K14Hr8J ZC2025 09 18.48752 02 01 25.28 +06 57 23.6          22.1 GV~9JeyF52
     K14Hr8J ZC2025 09 18.49997 02 01 24.83 +06 57 25.4          21.7 GV~9JeyF52
     K14Hr9E ZC2025 09 14.43933 01 39 05.17 +10 54 41.8          21.9 GV~9JezF52
     K14Hr9E ZC2025 09 14.45209 01 39 04.86 +10 54 34.8          22.0 GV~9JezF52
     K14Hr9E ZC2025 09 14.46502 01 39 04.56 +10 54 28.1          22.2 GV~9JezF52
     K14Hr9N ZC2021 02 16.57273 11 59 46.95 +00 14 39.5          22.2 GV~9GzJF51
     K14Hr9N ZC2021 02 16.58504 11 59 46.62 +00 14 41.9          22.5 GV~9GzJF51
     K14Hr9N ZC2021 02 16.59735 11 59 46.30 +00 14 44.5                V~9GzJF51
     K14Hr9N ZC2021 02 16.60967 11 59 45.97 +00 14 46.3          22.4 GV~9GzJF51
     K14Hr9W ZC2025 09 23.40742 01 54 38.83 +06 51 44.6          22.3 GV~9JezF52
     K14Hr9W ZC2025 09 23.41894 01 54 38.48 +06 51 40.1          22.1 GV~9JezF52
     K14Hr9W ZC2025 09 23.43053 01 54 38.10 +06 51 35.1          22.9 GV~9JezF52
     K14Hs1H ZC2025 10 30.32575 02 44 44.18 +21 41 54.4          21.4 GV~9OEfF51
     K14Hs1H ZC2025 10 30.34647 02 44 42.80 +21 41 57.9          21.6 GV~9OEfF51
     K14Hs1H ZC2025 10 30.35687 02 44 42.13 +21 41 59.6          21.5 GV~9OEfF51
     K14Hs3K ZC2020 10 12.56083 03 07 01.23 +10 16 51.6                V~9OEkF51
     K14Hs3K ZC2020 10 12.57370 03 07 00.73 +10 16 50.7          21.1 GV~9OEkF51
     K14Hs3K ZC2020 10 12.58661 03 07 00.23 +10 16 49.6          21.0 GV~9OEkF51
     K14Hs4L ZC2025 02 22.49111 12 26 24.95 -00 27 59.9          22.1 GV~9OEnF52
     K14Hs4L ZC2025 02 22.51695 12 26 24.17 -00 27 56.3          22.4 GV~9OEnF52
     K14Hs4L ZC2025 02 22.52987 12 26 23.80 -00 27 54.3          22.0 GV~9OEnF52
     K14Hv8J ZC2025 11 25.38431 05 06 12.29 +24 49 43.1          22.2 GV~9OFiF52
     K14Hv8J ZC2025 11 25.39393 05 06 11.72 +24 49 44.4          22.1 GV~9OFiF52
     K14Hv8J ZC2025 11 25.40354 05 06 11.15 +24 49 46.0          22.0 GV~9OFiF52
     K14Hv8J ZC2025 11 25.41318 05 06 10.59 +24 49 47.3          22.3 GV~9OFiF52
     K14JF7L ZC2020 09 12.50106 00 38 31.81 -03 17 57.5                V~9GzRF51
     K14JF7L ZC2020 09 12.51565 00 38 31.13 -03 18 00.8                V~9GzRF51
     K14JF7L ZC2020 09 12.53021 00 38 30.47 -03 18 04.2          22.0 GV~9GzRF51
     K14JF7L ZC2020 09 12.54478 00 38 29.81 -03 18 07.3          21.9 GV~9GzRF51
     K14O14H ZC2025 09 14.42772 01 49 29.02 +08 12 51.8          22.1 GV~9Jf6F52
     K14O14H ZC2025 09 14.44059 01 49 28.67 +08 12 49.0          22.0 GV~9Jf6F52
     K14O14H ZC2025 09 14.45335 01 49 28.28 +08 12 46.7          22.3 GV~9Jf6F52
     K14O14H ZC2025 09 14.46629 01 49 27.95 +08 12 44.0          22.3 GV~9Jf6F52
     K14OH2N ZC2025 09 16.42466 00 43 38.41 -12 48 45.2          21.9 GV~9Jf8F51
     K14OH2N ZC2025 09 16.43568 00 43 37.94 -12 48 49.8          21.7 GV~9Jf8F51
     K14OH2N ZC2025 09 16.44672 00 43 37.44 -12 48 53.9          21.7 GV~9Jf8F51
     K14OO4W ZC2025 08 25.44080 22 32 31.41 -00 42 02.8          21.3 GV~9DB5F51
     K14OO4W ZC2025 08 25.45282 22 32 30.75 -00 42 02.6                V~9DB5F51
     K14OO4W ZC2025 08 25.46484 22 32 30.06 -00 42 03.1          21.8 GV~9DB5F51
     K14Ol3Z ZC2025 08 19.49685 23 50 19.52 -04 51 53.6          21.6 GV~9GzZF51
     K14Ol3Z ZC2025 08 19.50819 23 50 19.18 -04 51 56.3          21.3 GV~9GzZF51
     K14Ol3Z ZC2025 08 19.51935 23 50 18.87 -04 51 59.6          21.6 GV~9GzZF51
     K14On1B ZC2025 08 25.41503 22 43 42.85 -05 06 59.3          21.8 GV~9DBAF51
     K14On1B ZC2025 08 25.44805 22 43 41.23 -05 07 04.3                V~9DBAF51
     K14On1B ZC2025 08 25.46007 22 43 40.63 -05 07 06.5          21.9 GV~9DBAF51
     K14On2A ZC2025 09 18.46938 01 14 06.89 +01 44 22.4          22.0 GV~9DBAF52
     K14On2A ZC2025 09 18.48179 01 14 06.44 +01 44 18.4                V~9DBAF52
     K14On2A ZC2025 09 18.49420 01 14 05.95 +01 44 14.9          22.3 GV~9DBAF52
     K14On2A ZC2025 09 18.50668 01 14 05.49 +01 44 10.8                V~9DBAF52
     K14P20J ZC2025 08 19.48571 23 47 24.69 -05 13 21.8          21.3 GV~9JfCF51
     K14P20J ZC2025 08 19.49685 23 47 24.36 -05 13 24.5          21.5 GV~9JfCF51
     K14P20J ZC2025 08 19.50819 23 47 24.04 -05 13 27.2          21.3 GV~9JfCF51
     K14P20J ZC2025 08 19.51935 23 47 23.72 -05 13 30.1          21.3 GV~9JfCF51
     K14PB3Z ZC2022 03 06.56046 13 01 26.66 +10 50 25.5                V~9JfEF52
     K14PB3Z ZC2022 03 06.57274 13 01 26.20 +10 50 29.2          21.1 GV~9JfEF52
     K14PB3Z ZC2022 03 06.58496 13 01 25.74 +10 50 32.8          21.3 GV~9JfEF52
     K14PB3Z ZC2022 03 06.59715 13 01 25.29 +10 50 36.4                V~9JfEF52
     K14Q81Q ZC2025 10 19.54179 03 02 25.92 +09 35 50.5          21.8 GV~9OGfF51
     K14Q81Q ZC2025 10 19.56611 03 02 24.57 +09 35 39.2                V~9OGfF51
     K14Q81Q ZC2025 10 19.57829 03 02 23.87 +09 35 33.3                V~9OGfF51
     K14QP4K ZC2025 09 16.44672 00 45 16.76 -12 33 40.0          20.5 GV~9JfGF51
     K14QP4K ZC2025 09 16.45777 00 45 16.26 -12 33 44.5          20.5 GV~9JfGF51
     K14QQ2Q ZC2025 09 18.47514 02 03 47.38 +05 52 24.9          21.1 GV~9JfGF52
     K14QQ2Q ZC2025 09 18.48752 02 03 47.02 +05 52 24.6          21.4 GV~9JfGF52
     K14QQ2Q ZC2025 09 18.49997 02 03 46.66 +05 52 24.3          21.2 GV~9JfGF52
     K14QQ2Q ZC2025 09 18.51243 02 03 46.29 +05 52 24.3          21.2 GV~9JfGF52
     K14Qm4H ZC2025 09 18.47385 01 56 57.34 +05 16 34.2          21.5 GV~9JfJF52
     K14Qm4H ZC2025 09 18.48626 01 56 56.99 +05 16 30.2          22.4 GV~9JfJF52
     K14Qm4H ZC2025 09 18.49870 01 56 56.60 +05 16 26.5          22.1 GV~9JfJF52
     K14Qm4H ZC2025 09 18.51115 01 56 56.24 +05 16 22.1          21.8 GV~9JfJF52
     K14Qs4D ZC2025 08 18.45325 22 48 38.74 -05 56 47.6                V~9OH4F51
     K14Qs4D ZC2025 08 18.46465 22 48 38.23 -05 56 48.6                V~9OH4F51
     K14Qs4D ZC2025 08 18.47609 22 48 37.69 -05 56 49.1          21.9 GV~9OH4F51
     K14Qs4D ZC2025 08 18.48750 22 48 37.19 -05 56 50.0                V~9OH4F51
     K14Qz6P ZC2025 08 23.50831 23 53 05.63 -08 24 53.8                V~9OHDF51
     K14Qz6P ZC2025 08 23.51930 23 53 05.02 -08 24 51.6          21.6 GV~9OHDF51
     K14Qz6P ZC2025 08 23.53011 23 53 04.41 -08 24 49.3          21.9 GV~9OHDF51
     K14R72T ZC2025 10 30.33610 02 41 05.31 +20 18 31.6          20.9 GV~9OHGF51
     K14R72T ZC2025 10 30.34647 02 41 04.62 +20 18 32.4          21.3 GV~9OHGF51
     K14R72T ZC2025 10 30.35687 02 41 03.96 +20 18 33.3          21.2 GV~9OHGF51
     K14R97W ZC2024 08 06.39406 21 24 48.91 -12 36 47.8          21.1 GV~9OHKF52
     K14R97W ZC2024 08 06.40533 21 24 48.29 -12 36 48.7          21.3 GV~9OHKF52
     K14R97W ZC2024 08 06.42785 21 24 47.10 -12 36 50.2          21.2 GV~9OHKF52
     K14S51N ZC2025 09 18.47514 02 03 39.32 +06 33 39.9          21.5 GV~9JfNF52
     K14S51N ZC2025 09 18.48752 02 03 39.08 +06 33 36.4          21.5 GV~9JfNF52
     K14S51N ZC2025 09 18.49997 02 03 38.81 +06 33 32.9          22.0 GV~9JfNF52
     K14SD7U ZC2023 04 23.43956 14 43 34.68 -22 27 00.7          22.0 GV~9OHTF52
     K14SD7U ZC2023 04 23.45046 14 43 34.09 -22 27 00.1                V~9OHUF52
     K14SD7U ZC2023 04 23.46134 14 43 33.49 -22 26 59.5                V~9OHUF52
     K14SJ0K ZC2025 08 17.43469 22 25 43.67 -24 22 40.0          20.9 GV~9GzsF51
     K14SJ0K ZC2025 08 17.46590 22 25 41.97 -24 22 42.3          20.6 GV~9GzsF51
     K14SO0K ZC2025 10 15.48967 02 33 04.13 +02 08 58.2          22.6 GV~9M4DF51
     K14SO0K ZC2025 10 15.50179 02 33 03.59 +02 08 54.7          22.3 GV~9M4DF51
     K14SO0K ZC2025 10 15.51391 02 33 03.02 +02 08 50.6          22.3 GV~9M4DF51
     K14SO0K ZC2025 10 15.52604 02 33 02.48 +02 08 47.1          22.3 GV~9M4DF51
     K14SZ2H ZC2025 10 13.55629 02 18 02.41 +17 11 54.3          20.9 GV~9OHfF51
     K14SZ2H ZC2025 10 13.57054 02 18 01.62 +17 11 53.3          21.3 GV~9OHfF51
     K14SZ2H ZC2025 10 13.58477 02 18 00.88 +17 11 52.4          21.4 GV~9OHfF51
     K14SZ2H ZC2025 10 13.59897 02 18 00.13 +17 11 51.0          21.1 GV~9OHfF51
     K14Sh5K ZC2014 07 10.59606423 07 03.000+01 53 20.04         22.8 iW~9M4FF51
     K14Sh5K ZC2014 07 10.60296623 07 03.048+01 53 22.56         22.8 iW~9M4FF51
     K14Sh5K ZC2014 08 06.44108023 01 50.880+03 22 13.08         22.3 iW~9M4FF51
     K14Sh5K ZC2014 08 06.45400623 01 50.400+03 22 13.44         22.3 iW~9M4FF51
     K14Sh5N ZC2025 08 25.43602 22 37 54.49 -05 43 43.0          21.5 GV~9DBeF51
     K14Sh5N ZC2025 08 25.44805 22 37 53.86 -05 43 46.2          21.5 GV~9DBeF51
     K14Sh5N ZC2025 08 25.46007 22 37 53.22 -05 43 48.6          21.4 GV~9DBeF51
     K14Si0M ZC2025 10 30.32510 02 41 02.14 +24 05 20.5          21.8 GV~9OHtF51
     K14Si0M ZC2025 10 30.33546 02 41 01.53 +24 05 21.1          21.6 GV~9OHtF51
     K14Si0M ZC2025 10 30.34582 02 41 00.90 +24 05 21.4          22.1 GV~9OHtF51
     K14Si0M ZC2025 10 30.35622 02 41 00.25 +24 05 21.7          21.9 GV~9OHtF51
     K14Si0V ZC2025 10 30.32833 02 44 13.83 +18 41 14.6          21.7 GV~9OHtF51
     K14Si0V ZC2025 10 30.33869 02 44 13.13 +18 41 15.7          21.7 GV~9OHtF51
     K14Si0V ZC2025 10 30.34905 02 44 12.39 +18 41 15.7          21.6 GV~9OHtF51
     K14Si0V ZC2025 10 30.35946 02 44 11.68 +18 41 16.4          21.7 GV~9OHtF51
     K14TD1A ZC2022 02 26.40784 11 39 12.68 +15 38 00.3          21.8 GV~9OIBF52
     K14TD1A ZC2022 02 26.42000 11 39 12.17 +15 38 05.4          21.6 GV~9OIBF52
     K14TD1A ZC2022 02 26.43231 11 39 11.66 +15 38 09.8          21.6 GV~9OIBF52
     K14U71C ZC2024 07 28.44440 22 12 19.50 -11 50 47.9          22.5 GV~9OIHF51
     K14U71C ZC2024 07 28.46642 22 12 18.73 -11 50 52.3          22.3 GV~9OIHF51
     K14U71C ZC2024 07 28.47743 22 12 18.32 -11 50 54.0          22.3 GV~9OIHF51
     K14UU8S ZC2025 09 14.42202 01 20 49.40 +11 30 33.1          22.0 GV~9DBzF52
     K14UU8S ZC2025 09 14.43488 01 20 49.12 +11 30 24.9          22.0 GV~9DBzF52
     K14UU8S ZC2025 09 14.44763 01 20 48.86 +11 30 16.9          22.0 GV~9DBzF52
     K14UU8S ZC2025 09 14.46051 01 20 48.60 +11 30 08.7          21.9 GV~9DBzF52
     K14UU9B ZC2025 08 19.48506 23 47 48.60 +00 27 54.8          21.7 GV~9H0BF51
     K14UU9B ZC2025 08 19.49620 23 47 48.24 +00 27 53.8          21.4 GV~9H0BF51
     K14UU9B ZC2025 08 19.50754 23 47 47.83 +00 27 52.8          21.8 GV~9H0BF51
     K14UU9Q ZC2025 10 13.56092 02 21 01.60 +17 10 36.5          21.5 GV~9M4OF51
     K14UU9Q ZC2025 10 13.57517 02 21 00.61 +17 10 41.4          20.8 GV~9M4OF51
     K14UU9Q ZC2025 10 13.58940 02 20 59.63 +17 10 46.8          21.2 GV~9M4OF51
     K14UU9V ZC2025 10 13.58215 02 52 24.83 +17 49 11.9          21.1 GV~9M4OF51
     K14UU9V ZC2025 10 13.59635 02 52 24.18 +17 49 11.7          21.4 GV~9M4OF51
     K14W87E ZC2025 10 30.38323 02 58 51.34 +13 07 12.5                V~9OIuF51
     K14W87E ZC2025 10 30.39663 02 58 50.54 +13 07 09.9          21.2 GV~9OIuF51
     K14W87E ZC2025 10 30.41003 02 58 49.73 +13 07 07.7                V~9OIuF51
     K14W94N ZC2025 10 30.36973 03 01 56.42 +12 47 53.1          21.5 GV~9OIvF51
     K14W94N ZC2025 10 30.38323 03 01 55.66 +12 47 48.6          21.5 GV~9OIvF51
     K14W94N ZC2025 10 30.39663 03 01 54.93 +12 47 44.6          21.1 GV~9OIvF51
     K14WA6V ZC2025 03 26.41284 13 11 52.74 +01 43 11.9                V~9OIxF52
     K14WA6V ZC2025 03 26.42695 13 11 52.06 +01 43 16.4          22.4 GV~9OIxF52
     K14WA6V ZC2025 03 26.44119 13 11 51.36 +01 43 21.4                V~9OIxF52
     K14WW5O ZC2025 09 16.42722 01 03 35.56 -09 56 12.3          21.6 GV~9JfrF51
     K14WW5O ZC2025 09 16.43825 01 03 35.17 -09 56 17.5          21.5 GV~9JfrF51
     K14WW5O ZC2025 09 16.44930 01 03 34.79 -09 56 22.4          21.0 GV~9JfrF51
     K14WW5O ZC2025 09 16.46033 01 03 34.38 -09 56 27.6          21.7 GV~9JfrF51
     K14YA2O ZC2009 06 29.46428 19 18 06.16 -18 53 15.6          20.3 r2~9DCKF51
     K14YA2O ZC2009 06 29.47428 19 18 05.57 -18 53 17.6          20.4 r2~9DCKF51
     _FB000X ZC2021 08 06.45649 23 00 06.68 -07 43 42.4                V~9OLDF51
     _FB000X ZC2021 08 06.46567 23 00 06.30 -07 43 42.5          22.4 GV~9OLDF51
     _FB000X ZC2021 08 06.48464 23 00 05.49 -07 43 43.6          22.5 GV~9OLDF51
     K15Da8G ZC2025 08 18.45190 22 49 46.82 -01 46 23.1          21.0 GV~9H0gF51
     K15Da8G ZC2025 08 18.46332 22 49 46.16 -01 46 20.7          20.8 GV~9H0gF51
     K15Da8G ZC2025 08 18.47475 22 49 45.38 -01 46 18.7          20.7 GV~9H0gF51
     K15Fm1K ZC2010 02 07.38759508 07 31.680+03 09 34.20         23.1 rW~9Jg7F51
     K15Fm1K ZC2010 02 07.39673008 07 31.224+03 09 37.80         23.1 rW~9Jg7F51
     K15Fm1K ZC2011 04 30.36448314 29 04.992-00 56 13.20         22.0 gW~9Jg7F51
     K15Fm1K ZC2011 04 30.37563114 29 04.440-00 56 07.44         22.0 gW~9Jg7F51
     K15Fm1K ZC2012 10 05.45971123 59 35.760-00 57 26.28         21.9 iW~9Jg7F51
     K15Fm1K ZC2012 10 05.47177123 59 35.280-00 57 34.20         21.9 iW~9Jg7F51
     K15Fm1K ZC2012 10 06.31178723 59 03.144-01 06 35.28         21.9 gW~9Jg7F51
     K15Fm1K ZC2012 10 06.33109523 59 02.376-01 06 47.52         21.9 gW~9Jg7F51
     K15Fm1K ZC2012 10 22.31080523 50 58.896-03 35 07.80         22.4 iW~9Jg7F51
     K15Fm1K ZC2012 10 22.32286223 50 58.608-03 35 13.20         22.4 iW~9Jg7F51
     K15Fm3E ZC2011 04 11.40089812 56 30.792-12 50 36.96         22.8 iW~9Jg7F51
     K15Fm3E ZC2011 04 11.41230612 56 30.096-12 50 35.16         22.8 iW~9Jg7F51
     K15Fm3E ZC2012 11 02.26650222 16 41.712-11 14 25.08         22.7 rW~9Jg7F51
     K15Fm3E ZC2012 11 02.27713222 16 42.072-11 14 18.96         22.7 rW~9Jg7F51
     K15Fm7Y ZC2010 12 30.34761404 48 52.248-03 25 48.72         22.5 gW~9Jg7F51
     K15Fm7Y ZC2010 12 30.35922304 48 51.912-03 25 47.64         22.5 gW~9Jg7F51
     K15Fm7Y ZC2013 02 21.46690409 59 57.456+00 13 24.96         22.4 rW~9Jg7F51
     K15Fm7Y ZC2013 02 21.47922609 59 57.096+00 13 28.56         22.4 rW~9Jg7F51
     K15Fn2M ZC2013 10 22.39800300 25 57.408+02 03 55.08         21.7 iW~9M4qF51
     K15Fn2M ZC2013 10 22.41101900 25 56.904+02 03 50.76         21.7 iW~9M4rF51
     K15Fn3Z ZC2009 12 08.61537807 23 10.464+30 36 36.72         21.3 rW~9Jg7F51
     K15Fn3Z ZC2009 12 08.62310007 23 10.080+30 36 38.16         21.3 rW~9Jg7F51
     K15Fn3Z ZC2009 12 27.37687507 03 55.368+31 31 41.16         20.9 rW~9Jg7F51
     K15Fn3Z ZC2009 12 27.38479107 03 54.792+31 31 42.24         20.9 rW~9Jg7F51
     K15Fn3Z ZC2010 01 23.28864606 34 22.080+31 33 07.20         21.4 rW~9Jg7F51
     K15Fn3Z ZC2010 01 23.29746306 34 21.624+31 33 06.12         21.4 rW~9Jg7F51
     K15Fn3Z ZC2011 03 10.55850612 33 10.272-02 31 42.60         22.4 rW~9Jg7F51
     K15Fn3Z ZC2011 03 10.57020612 33 09.696-02 31 40.08         22.4 rW~9Jg7F51
     K15Fn3Z ZC2013 11 25.53313006 53 12.240+31 07 19.56         21.2 iW~9Jg7F51
     K15Fn3Z ZC2013 11 25.54596006 53 11.760+31 07 22.08         21.2 iW~9Jg7F51
     K15Fo4U ZC2011 01 29.36207508 50 57.912+20 36 42.48         22.6 gW~9Jg7F51
     K15Fo4U ZC2011 01 29.37379308 50 57.144+20 36 44.64         22.6 gW~9Jg7F51
     K15Fp1S ZC2011 08 02.45363122 01 11.832-25 38 43.44         22.2 gW~9Jg7F51
     K15Fp1S ZC2011 08 02.46452322 01 11.376-25 38 47.76         22.2 gW~9Jg7F51
     K15Fp1S ZC2011 08 19.45945521 48 37.176-27 16 24.96         22.1 iW~9Jg7F51
     K15Fp1S ZC2011 08 19.47101521 48 36.624-27 16 28.56         22.1 iW~9Jg7F51
     K15Fp1S ZC2012 10 08.44792602 58 32.280+03 02 11.40         22.0 rW~9Jg7F51
     K15Fp1S ZC2012 10 08.46032502 58 31.872+03 02 09.24         22.0 rW~9Jg7F51
     K15Fp1S ZC2012 11 02.43444002 40 30.096+01 59 58.56         21.6 iW~9Jg7F51
     K15Fp1S ZC2012 11 02.44742102 40 29.448+01 59 57.12         21.6 iW~9Jg7F51
     K15Fp1S ZC2012 12 28.24248402 13 06.528+03 58 45.84         22.5 rW~9Jg7F51
     K15Fp1S ZC2012 12 28.25478802 13 06.552+03 58 49.80         22.5 rW~9Jg7F51
     K15Fp1S ZC2013 12 26.65040409 17 13.152+25 05 43.44         22.0 zW~9Jg7F51
     K15Fp1S ZC2013 12 26.66063709 17 12.960+25 05 47.40         22.0 zW~9Jg7F51
     K15Hg5J ZC2025 08 18.44516 22 04 43.94 -07 52 14.4          22.7 GV~9OMZF51
     K15Hg5J ZC2025 08 18.45657 22 04 43.44 -07 52 15.1                V~9OMZF51
     K15Hg5J ZC2025 08 18.46799 22 04 42.96 -07 52 16.3                V~9OMZF51
     K15Hg5J ZC2025 08 18.47943 22 04 42.44 -07 52 17.4                V~9OMZF51
     K15Hg8O ZC2020 09 16.48521 01 16 59.37 +03 17 39.8                V~9JgBF51
     K15Hg8O ZC2020 09 16.49535 01 16 58.82 +03 17 39.9          22.1 GV~9JgBF51
     K15Hg8O ZC2020 09 16.50493 01 16 58.29 +03 17 39.8          22.4 GV~9JgBF51
     K15Hl5K ZC2025 09 15.37871 00 53 16.77 +09 36 12.5          21.4 GV~9JgBF52
     K15Hl5K ZC2025 09 15.38896 00 53 16.32 +09 36 10.5          21.3 GV~9JgBF52
     K15Hl5K ZC2025 09 15.39926 00 53 15.85 +09 36 08.7          21.1 GV~9JgBF52
     K15Hl5K ZC2025 09 15.40956 00 53 15.38 +09 36 06.8          20.9 GV~9JgBF52
     K15Hl5R ZC2025 09 14.42456 01 27 31.55 +12 45 51.3                V~9DCaF52
     K15Hl5R ZC2025 09 14.43741 01 27 30.94 +12 45 54.5          22.4 GV~9DCaF52
     K15Hl5R ZC2025 09 14.45019 01 27 30.36 +12 45 57.4          22.4 GV~9DCaF52
     K15Hl5R ZC2025 09 14.46310 01 27 29.75 +12 46 00.6                V~9DCaF52
     K15Hl6F ZC2025 08 23.48894 23 59 04.75 -13 31 06.8                V~9H0oF51
     K15Hl6F ZC2025 08 23.49978 23 59 04.29 -13 31 09.1          21.4 GV~9H0oF51
     K15Hl7T ZC2025 09 17.43045 01 50 11.92 +22 06 13.4          21.9 GV~9OMcF52
     K15Hl7T ZC2025 09 17.44338 01 50 11.54 +22 06 12.8          22.2 GV~9OMcF52
     K15Hl7T ZC2025 09 17.45635 01 50 11.14 +22 06 11.9          21.8 GV~9OMcF52
     K15Hl7T ZC2025 09 17.46943 01 50 10.74 +22 06 11.2          21.7 GV~9OMcF52
     K15J36Z ZC2025 10 19.55260 03 03 54.00 +15 22 20.6          21.8 GV~9ONcF51
     K15J36Z ZC2025 10 19.56478 03 03 53.48 +15 22 10.7                V~9ONcF51
     K15J36Z ZC2025 10 19.57694 03 03 52.93 +15 22 01.2          22.2 GV~9ONcF51
     K15J36Z ZC2025 10 19.58916 03 03 52.39 +15 21 51.2                V~9ONcF51
     K15KP0L ZC2025 08 19.48506 23 44 10.32 +00 38 23.5          21.3 GV~9H0uF51
     K15KP0L ZC2025 08 19.49620 23 44 09.94 +00 38 22.5          21.3 GV~9H0uF51
     K15KP0L ZC2025 08 19.50754 23 44 09.49 +00 38 21.2          21.8 GV~9H0uF51
     K15KP0L ZC2025 08 19.51870 23 44 09.11 +00 38 20.2          21.4 GV~9H0uF51
     K15KZ7N ZC2025 08 25.41374 22 32 00.63 -04 04 46.3          21.3 GV~9DCfF51
     K15KZ7N ZC2025 08 25.43471 22 31 59.57 -04 04 53.5          21.4 GV~9DCfF51
     K15KZ7N ZC2025 08 25.45876 22 31 58.34 -04 05 01.4          21.8 GV~9DCfF51
     K15Kc6C ZC2025 09 17.43045 01 54 29.93 +22 41 39.0          21.9 GV~9ONmF52
     K15Kc6C ZC2025 09 17.44338 01 54 29.68 +22 41 37.2          22.0 GV~9ONmF52
     K15Kc6C ZC2025 09 17.45635 01 54 29.41 +22 41 35.2          22.4 GV~9ONmF52
     K15Kc6C ZC2025 09 17.46943 01 54 29.15 +22 41 33.6          21.5 GV~9ONmF52
     K15Kd6K ZC2025 09 23.40742 01 51 38.14 +07 16 46.4                V~9JgHF52
     K15Kd6K ZC2025 09 23.41894 01 51 37.66 +07 16 44.4          22.7 GV~9JgHF52
     K15Kd6K ZC2025 09 23.43053 01 51 37.19 +07 16 42.9          22.6 GV~9JgHF52
     K15Kd6K ZC2025 09 23.44208 01 51 36.74 +07 16 41.1          22.0 GV~9JgHF52
     K15Kk6G ZC2025 09 20.41465 23 37 04.23 -07 20 11.9                V~9DCgF51
     K15Kk6G ZC2025 09 20.43592 23 37 03.22 -07 20 21.9          21.1 GV~9DCgF51
     K15Kk6G ZC2025 09 20.44655 23 37 02.71 -07 20 27.0          21.4 GV~9DCgF51
     K15Kk7E ZC2012 10 20.33253200 37 52.320+07 09 25.20         21.8 rW~9JgHF51
     K15Kk7E ZC2012 10 20.34365800 37 51.648+07 09 26.28         21.8 rW~9JgHF51
     K15Kk7E ZC2012 10 22.35706900 35 59.184+07 12 59.76         21.9 iW~9JgHF51
     K15Kk7E ZC2012 10 22.36943600 35 58.488+07 13 01.20         21.9 iW~9JgHF51
     K15Kk7V ZC2025 10 30.32510 02 40 17.87 +23 10 58.7          21.6 GV~9ONpF51
     K15Kk7V ZC2025 10 30.34582 02 40 16.48 +23 10 58.1          22.2 GV~9ONpF51
     K15Kk7V ZC2025 10 30.35622 02 40 15.78 +23 10 57.8          22.0 GV~9ONpF51
     K15Kk7X ZC2025 08 19.48571 23 51 16.43 -04 29 04.1          21.6 GV~9H0wF51
     K15Kk7X ZC2025 08 19.49685 23 51 16.03 -04 29 05.5          21.7 GV~9H0wF51
     K15Kk7X ZC2025 08 19.50819 23 51 15.66 -04 29 06.7          22.0 GV~9H0wF51
     K15Kk7X ZC2025 08 19.51935 23 51 15.26 -04 29 08.5          21.6 GV~9H0wF51
     K15Kk8M ZC2025 09 23.40742 01 52 19.95 +06 40 35.6          22.9 GV~9JgIF52
     K15Kk8M ZC2025 09 23.41894 01 52 19.55 +06 40 32.4                V~9JgIF52
     K15Kk8M ZC2025 09 23.43053 01 52 19.11 +06 40 29.2          22.3 GV~9JgIF52
     K15Kk8M ZC2025 09 23.44208 01 52 18.70 +06 40 26.2          22.2 GV~9JgIF52
     K15Kk9E ZC2020 07 18.47143 21 15 59.30 -22 00 57.6                V~9JgIF51
     K15Kk9E ZC2020 07 18.48217 21 15 58.76 -22 00 59.2          21.1 GV~9JgIF51
     K15Kk9E ZC2020 07 18.49289 21 15 58.25 -22 01 00.9          21.0 GV~9JgIF51
     K15Kk9H ZC2025 08 25.41503 22 36 21.62 -04 15 10.0                V~9M51F51
     K15Kk9H ZC2025 08 25.44805 22 36 20.09 -04 15 23.2                V~9M51F51
     K15Kk9H ZC2025 08 25.46007 22 36 19.54 -04 15 27.5          22.0 GV~9M51F51
     K15Kk9N ZC2020 07 17.42389 20 55 59.79 -12 03 16.4          21.9 GV~9M52F51
     K15Kk9N ZC2020 07 17.46659 20 55 57.80 -12 03 23.6          21.6 GV~9M52F51
     K15Kl0F ZC2025 10 30.32705 02 58 59.01 +20 02 06.0          21.2 GV~9ONsF51
     K15Kl0F ZC2025 10 30.33740 02 58 58.37 +20 02 05.2                V~9ONsF51
     K15Kl0F ZC2025 10 30.34776 02 58 57.75 +20 02 05.0                V~9ONsF51
     K15L77E ZC2025 09 14.42329 01 26 15.34 +07 50 43.3          22.2 GV~9DCiF52
     K15L77E ZC2025 09 14.43615 01 26 15.02 +07 50 40.7          22.5 GV~9DCiF52
     K15L77E ZC2025 09 14.44893 01 26 14.68 +07 50 37.7          22.1 GV~9DCiF52
     K15L77E ZC2025 09 14.46179 01 26 14.37 +07 50 35.3          22.3 GV~9DCiF52
     K15ML3Q ZC2024 07 02.52626 20 33 08.41 -11 30 05.6          21.9 GV~9OOTF52
     K15ML3Q ZC2024 07 02.53945 20 33 07.87 -11 30 05.0          22.2 GV~9OOTF52
     K15N44A ZC2013 01 25.32604703 37 34.344+27 32 01.68         22.9 rW~9JgKF51
     K15N44A ZC2013 01 25.33883703 37 35.016+27 31 56.64         22.9 rW~9JgKF51
     K15OI8N ZC2011 10 01.55559301 08 56.736+11 01 53.76         22.1 rW~9JgMF51
     K15OI8N ZC2011 10 01.56762501 08 56.136+11 01 50.16         22.1 rW~9JgMF51
     K15OI8N ZC2011 10 18.31715800 54 51.768+09 24 39.96         22.0 gW~9JgMF51
     K15OI8N ZC2011 10 18.32946100 54 51.120+09 24 35.64         22.0 gW~9JgMF51
     K15OI8N ZC2011 10 25.27522000 49 27.744+08 42 57.96         22.2 rW~9JgMF51
     K15OI8N ZC2011 10 25.28742400 49 27.192+08 42 53.64         22.2 rW~9JgMF51
     K15P75D ZC2025 09 18.47385 01 57 46.30 +04 16 59.3          20.4 GV~9JgMF52
     K15P75D ZC2025 09 18.48626 01 57 46.09 +04 16 55.2          21.5 GV~9JgMF52
     K15P75D ZC2025 09 18.49870 01 57 45.86 +04 16 51.0          20.9 GV~9JgMF52
     K15P75D ZC2025 09 18.51115 01 57 45.64 +04 16 46.9          21.0 GV~9JgMF52
     K15PE5P ZC2021 05 03.42677 15 47 21.93 -15 48 57.7          22.2 GV~9DCqF51
     K15PE5P ZC2021 05 03.43714 15 47 21.29 -15 48 56.5                V~9DCqF51
     K15PE5P ZC2021 05 03.44753 15 47 20.67 -15 48 55.6                V~9DCqF51
     K15PF1P ZC2025 10 30.32575 02 42 56.94 +20 05 57.5          22.4 GV~9OOlF51
     K15PF1P ZC2025 10 30.33610 02 42 56.35 +20 05 54.9          21.7 GV~9OOlF51
     K15PF1P ZC2025 10 30.34647 02 42 55.83 +20 05 53.4          21.8 GV~9OOlF51
     K15PI4P ZC2025 10 19.54437 03 20 05.94 +11 11 57.7          21.6 GV~9M5AF51
     K15PI4P ZC2025 10 19.55652 03 20 05.25 +11 11 54.6          21.2 GV~9M5AF51
     K15PI4P ZC2025 10 19.56868 03 20 04.59 +11 11 51.5          21.3 GV~9M5AF51
     K15PI4P ZC2025 10 19.58086 03 20 03.90 +11 11 48.7          21.4 GV~9M5AF51
     K15PR0R ZC2025 08 19.48571 23 50 07.32 -05 55 18.9          21.3 GV~9JgNF51
     K15PR0R ZC2025 08 19.49685 23 50 06.95 -05 55 21.7          21.6 GV~9JgNF51
     K15PR0R ZC2025 08 19.50819 23 50 06.60 -05 55 24.3          21.3 GV~9JgNF51
     K15PR0R ZC2025 08 19.51935 23 50 06.23 -05 55 26.9          21.0 GV~9JgNF51
     K15Pb5F ZC2025 08 23.50831 23 50 28.08 -09 59 16.3          21.5 GV~9H1AF51
     K15Pb5F ZC2025 08 23.51930 23 50 27.70 -09 59 20.8          21.6 GV~9H1AF51
     K15Pb5F ZC2025 08 23.53011 23 50 27.31 -09 59 24.6          22.1 GV~9H1AF51
     K15Pb5P ZC2025 11 28.53775 04 27 02.86 +14 33 08.9          21.2 GV~9OOvF51
     K15Pb5P ZC2025 11 28.54965 04 27 02.16 +14 33 07.8          21.3 GV~9OOvF51
     K15Pb5P ZC2025 11 28.56158 04 27 01.47 +14 33 06.8          21.6 GV~9OOvF51
     K15Q48A ZC2025 08 19.48571 23 48 00.40 -05 39 39.1          21.4 GV~9H1BF51
     K15Q48A ZC2025 08 19.49685 23 48 00.06 -05 39 42.3          21.4 GV~9H1BF51
     K15Q48A ZC2025 08 19.50819 23 47 59.70 -05 39 45.8          21.7 GV~9H1BF51
     K15Q48A ZC2025 08 19.51935 23 47 59.34 -05 39 48.8          21.3 GV~9H1BF51
     K15RB2J ZC2025 08 19.48700 23 49 46.30 -07 08 43.5          21.6 GV~9JgQF51
     K15RB2J ZC2025 08 19.49815 23 49 45.78 -07 08 45.4          22.3 GV~9JgQF51
     K15RB2J ZC2025 08 19.50950 23 49 45.27 -07 08 47.0          21.7 GV~9JgQF51
     K15RB2J ZC2025 08 19.52064 23 49 44.74 -07 08 48.7          21.5 GV~9JgQF51
     K15RG5W ZC2025 11 28.52456 04 50 07.83 +13 32 05.3          22.0 GV~9OP2F51
     K15RG5W ZC2025 11 28.53645 04 50 07.16 +13 32 04.0          21.5 GV~9OP2F51
     K15RG5W ZC2025 11 28.54835 04 50 06.48 +13 32 02.6          21.7 GV~9OP2F51
     K15RG5W ZC2025 11 28.56028 04 50 05.82 +13 32 01.1          21.6 GV~9OP2F51
     K15RL6E ZC2025 09 23.40679 02 00 33.52 +05 58 17.6          22.4 GV~9JgQF52
     K15RL6E ZC2025 09 23.41831 02 00 33.17 +05 58 12.1          22.3 GV~9JgQF52
     K15RL6E ZC2025 09 23.42987 02 00 32.85 +05 58 06.6          22.8 GV~9JgQF52
     K15RL6E ZC2025 09 23.44145 02 00 32.51 +05 58 01.3          22.8 GV~9JgQF52
     K15Ra6M ZC2025 08 23.49901 23 46 00.28 -11 34 39.5                V~9H1EF51
     K15Ra6M ZC2025 08 23.51000 23 45 59.75 -11 34 36.7          21.2 GV~9H1EF51
     K15Ra6M ZC2025 08 23.52081 23 45 59.21 -11 34 33.7          21.3 GV~9H1EF51
     K15Rc2R ZC2025 09 14.42901 01 51 01.95 +14 02 35.6          22.1 GV~9OPFF52
     K15Rc2R ZC2025 09 14.44185 01 51 01.65 +14 02 31.6          22.1 GV~9OPFF52
     K15Rc2R ZC2025 09 14.45462 01 51 01.33 +14 02 28.3          22.2 GV~9OPFF52
     K15Rc2R ZC2025 09 14.46755 01 51 01.00 +14 02 24.2          22.4 GV~9OPFF52
     K15Re5X ZC2025 10 19.54578 03 47 03.20 +09 29 35.0          22.2 GV~9M5FF51
     K15Re5X ZC2025 10 19.55794 03 47 02.90 +09 29 29.9          22.2 GV~9M5FF51
     K15Re5X ZC2025 10 19.57010 03 47 02.59 +09 29 24.9                V~9M5FF51
     K15Re5X ZC2025 10 19.58227 03 47 02.29 +09 29 19.6          22.2 GV~9M5FF51
     K15Re6H ZC2024 07 02.52361 20 17 17.98 -13 51 48.5          22.0 GV~9JgSF52
     K15Re6H ZC2024 07 02.55001 20 17 16.88 -13 51 52.8                V~9JgSF52
     K15Re6H ZC2024 07 02.56319 20 17 16.31 -13 51 55.1          21.8 GV~9JgSF52
     K15Re6R ZC2025 10 30.32769 02 58 25.84 +18 34 00.9          21.6 GV~9OPIF51
     K15Re6R ZC2025 10 30.34841 02 58 24.79 +18 33 56.8          21.2 GV~9OPIF51
     K15Re6R ZC2025 10 30.35882 02 58 24.23 +18 33 54.5                V~9OPIF51
     K15Re7A ZC2025 11 25.38942 05 37 41.48 +23 31 15.7                V~9OPJF52
     K15Re7A ZC2025 11 25.39908 05 37 41.00 +23 31 15.6          22.7 GV~9OPJF52
     K15Re7A ZC2025 11 25.40869 05 37 40.52 +23 31 15.9                V~9OPJF52
     K15Re7A ZC2025 11 25.41829 05 37 40.00 +23 31 15.5          22.5 GV~9OPJF52
     K15S60U ZC2025 10 19.54308 03 04 45.01 +08 15 13.1          20.8 GV~9M5HF51
     K15S60U ZC2025 10 19.55523 03 04 44.37 +08 15 10.7                V~9M5HF51
     K15S60U ZC2025 10 19.57958 03 04 43.11 +08 15 05.3                V~9M5HF51
     K15TA4R ZC2023 01 15.41777 08 32 44.37 +08 55 55.4                V~9OPQF52
     K15TA4R ZC2023 01 15.42872 08 32 43.65 +08 55 59.3          22.2 GV~9OPQF52
     K15TR8N ZC2025 10 30.32380 02 35 06.84 +21 16 15.5          21.2 GV~9OPWF51
     K15TR8N ZC2025 10 30.33416 02 35 06.23 +21 16 09.5                V~9OPWF51
     K15TR8N ZC2025 10 30.34452 02 35 05.57 +21 16 03.7          21.3 GV~9OPWF51
     K15TR8N ZC2025 10 30.35493 02 35 04.93 +21 15 57.7          21.4 GV~9OPWF51
     K15To2Z ZC2025 08 23.50831 23 55 38.52 -10 15 43.8          21.3 GV~9H1PF51
     K15To2Z ZC2025 08 23.51930 23 55 38.13 -10 15 47.7          21.9 GV~9H1PF51
     K15To2Z ZC2025 08 23.53011 23 55 37.79 -10 15 51.8                V~9H1PF51
     K15To3K ZC2025 10 15.43062 03 09 42.36 +09 19 25.1          22.1 GV~9M5MF51
     K15To3K ZC2025 10 15.44177 03 09 41.98 +09 19 21.4          22.6 GV~9M5MF51
     K15To3K ZC2025 10 15.46417 03 09 41.19 +09 19 13.5          22.3 GV~9M5MF51
     K15UB6A ZC2025 10 15.42867 03 07 55.34 +11 08 58.9          21.8 GV~9M5NF51
     K15UB6A ZC2025 10 15.43981 03 07 54.82 +11 09 00.4          22.1 GV~9M5NF51
     K15UB6A ZC2025 10 15.45095 03 07 54.29 +11 09 02.1          21.7 GV~9M5NF51
     K15VN0D ZC2025 08 23.48818 23 45 28.59 -11 25 59.2          21.8 GV~9H1TF51
     K15VN0D ZC2025 08 23.49901 23 45 28.21 -11 26 02.4          21.6 GV~9H1TF51
     K15VN0D ZC2025 08 23.51000 23 45 27.78 -11 26 05.4          21.9 GV~9H1TF51
     K15VN0D ZC2025 08 23.52081 23 45 27.38 -11 26 08.6          22.0 GV~9H1TF51
     K15X65D ZC2025 09 16.42466 00 42 01.62 -12 45 22.1          21.9 GV~9OQ8F51
     K15X65D ZC2025 09 16.43568 00 42 01.16 -12 45 26.1          21.6 GV~9OQ8F51
     K15X65D ZC2025 09 16.44672 00 42 00.71 -12 45 30.3          21.3 GV~9OQ8F51
     K15X65D ZC2025 09 16.45777 00 42 00.22 -12 45 34.4          21.8 GV~9OQ8F51
     K15XI4Z ZC2025 08 17.39731 21 11 38.31 -18 08 44.3          21.7 GV~9JggF51
     K15XI4Z ZC2025 08 17.40842 21 11 37.80 -18 08 47.9          21.6 GV~9JggF51
     K15XI4Z ZC2025 08 17.41954 21 11 37.33 -18 08 51.2          21.2 GV~9JggF51
     K15XN6Z ZC2025 10 30.32769 02 54 15.42 +17 50 11.3                V~9OQIF51
     K15XN6Z ZC2025 10 30.34841 02 54 14.34 +17 50 07.3          22.0 GV~9OQIF51
     K15XN6Z ZC2025 10 30.35882 02 54 13.77 +17 50 04.9                V~9OQIF51
     K15Xo1B ZC2025 09 23.40742 01 52 30.42 +07 10 36.9          20.6 GV~9JgkF52
     K15Xo1B ZC2025 09 23.41894 01 52 30.12 +07 10 31.5          22.5 GV~9JgkF52
     K15Xo1B ZC2025 09 23.43053 01 52 29.80 +07 10 25.9          22.4 GV~9JgkF52
     K15Xp7V ZC2025 08 19.48506 23 50 41.68 -01 09 04.7          21.3 GV~9H1dF51
     K15Xp7V ZC2025 08 19.49620 23 50 41.29 -01 09 09.0          21.5 GV~9H1dF51
     K15Xp7V ZC2025 08 19.50754 23 50 40.90 -01 09 13.5          21.4 GV~9H1dF51
     K15Xp7V ZC2025 08 19.51870 23 50 40.51 -01 09 18.1          21.4 GV~9H1dF51
     K15Xp8G ZC2025 09 23.40616 01 54 43.26 +01 17 51.3                V~9JglF52
     K15Xp8G ZC2025 09 23.41768 01 54 42.90 +01 17 47.7                V~9JglF52
     K15Xp8G ZC2025 09 23.42924 01 54 42.55 +01 17 43.5                V~9JglF52
     K15Xp8G ZC2025 09 23.44082 01 54 42.19 +01 17 39.7          22.4 GV~9JglF52
     K15Y40M ZC2025 10 13.55500 02 11 33.39 +20 12 40.4          21.6 GV~9M5YF51
     K15Y40M ZC2025 10 13.56926 02 11 32.67 +20 12 35.2          21.1 GV~9M5YF51
     K15Y40M ZC2025 10 13.59768 02 11 31.23 +20 12 24.6          20.8 GV~9M5YF51
     K16A16B ZC2025 09 23.40616 01 59 39.89 +03 03 20.6          22.1 GV~9JglF52
     K16A16B ZC2025 09 23.41768 01 59 39.55 +03 03 16.9          22.6 GV~9JglF52
     K16A16B ZC2025 09 23.42924 01 59 39.20 +03 03 12.8          22.4 GV~9JglF52
     K16A16B ZC2025 09 23.44082 01 59 38.85 +03 03 09.0                V~9JglF52
     K16A38O ZC2025 09 20.46967 01 55 23.80 -00 38 28.1          21.9 GV~9JgnF51
     K16A38O ZC2025 09 20.48164 01 55 23.46 -00 38 33.6                V~9JgnF51
     K16A38O ZC2025 09 20.49363 01 55 23.13 -00 38 38.9                V~9JgnF51
     K16A38O ZC2025 09 20.50565 01 55 22.79 -00 38 44.6                V~9JgnF51
     K16Ae5L ZC2012 12 29.37886003 50 21.912+37 16 16.32         22.1 rW~9JguF51
     K16Ae5L ZC2012 12 29.39031003 50 21.600+37 16 02.28         22.1 rW~9JguF51
     K16Ae5L ZC2013 01 25.32966703 56 47.016+29 39 19.08         22.8 rW~9JguF51
     K16Ae5L ZC2013 01 25.34245803 56 47.568+29 39 08.64         22.8 rW~9JguF51
     K16Ae5Z ZC2025 09 14.42772 01 49 13.32 +07 57 56.3          21.8 GV~9JguF52
     K16Ae5Z ZC2025 09 14.44059 01 49 12.97 +07 57 55.8          21.9 GV~9JguF52
     K16Ae5Z ZC2025 09 14.45335 01 49 12.70 +07 57 54.4          22.1 GV~9JguF52
     K16Ae5Z ZC2025 09 14.46629 01 49 12.39 +07 57 53.7          22.4 GV~9JguF52
     K16Ae6M ZC2023 01 15.40625 08 46 55.61 +12 13 07.6                V~9H1mF52
     K16Ae6M ZC2023 01 15.42807 08 46 54.42 +12 13 15.8          21.9 GV~9H1mF52
     K16Ae6M ZC2023 01 15.43911 08 46 53.82 +12 13 19.8          21.7 GV~9H1mF52
     K16Ae6P ZC2012 06 12.33108116 38 04.608-03 19 36.48         22.6 gW~9JguF51
     K16Ae6P ZC2012 06 12.34210016 38 04.104-03 19 35.76         22.6 gW~9JguF51
     K16Ae6P ZC2013 08 07.51424822 38 48.888+00 04 14.16         22.5 gW~9JguF51
     K16Ae6P ZC2013 08 07.52575822 38 48.528+00 04 10.56         22.5 gW~9JguF51
     K16Ae6P ZC2014 11 11.49832204 06 16.368+04 10 57.72         22.6 rW~9JguF51
     K16Ae6P ZC2014 11 11.51046504 06 15.816+04 10 54.12         22.6 rW~9JguF51
     K16Ae6X ZC2023 04 22.40133 13 27 39.58 -21 13 02.7          22.3 GV~9H1oF52
     K16Ae6X ZC2023 04 22.41218 13 27 39.04 -21 13 00.2                V~9H1oF52
     K16Ae6X ZC2023 04 22.42304 13 27 38.45 -21 12 58.0          22.6 GV~9H1pF52
     K16Ae6X ZC2023 04 22.43391 13 27 37.93 -21 12 55.8          22.3 GV~9H1pF52
     K16Ae7A ZC2025 10 15.48903 02 43 43.10 +03 19 05.9          22.3 GV~9M5eF51
     K16Ae7A ZC2025 10 15.50114 02 43 42.64 +03 19 01.6          22.3 GV~9M5eF51
     K16Ae7A ZC2025 10 15.51326 02 43 42.16 +03 18 57.2          22.2 GV~9M5eF51
     K16Ae7A ZC2025 10 15.52539 02 43 41.70 +03 18 52.6          22.2 GV~9M5eF51
     K16Ae7K ZC2025 10 19.54655 03 53 21.86 +12 41 50.0          21.6 GV~9M5fF51
     K16Ae7K ZC2025 10 19.55870 03 53 21.37 +12 41 51.2          21.9 GV~9M5fF51
     K16Ae7K ZC2025 10 19.57086 03 53 20.92 +12 41 52.4                V~9M5fF51
     K16Ae7N ZC2009 09 12.48337623 24 45.360-07 10 13.44         22.2 rW~9ORFF51
     K16Ae7N ZC2009 09 12.49158123 24 45.024-07 10 19.56         22.2 rW~9ORFF51
     K16Ae7N ZC2009 09 15.46901223 22 43.656-07 46 21.72         22.1 rW~9ORFF51
     K16Ae7N ZC2009 09 15.47719523 22 43.296-07 46 27.84         22.2 rW~9ORFF51
     K16Ae7Y ZC2022 04 27.44769 14 35 50.24 -08 57 59.9          22.5 GV~9ORGF52
     K16Ae7Y ZC2022 04 27.45864 14 35 49.59 -08 57 59.3          22.3 GV~9ORGF52
     K16Ae7Y ZC2022 04 27.46955 14 35 48.99 -08 57 58.8          22.4 GV~9ORGF52
     K16Ae8C ZC2020 05 19.38642 15 57 21.24 -17 06 22.9          21.8 GV~9ORHF51
     K16Ae8C ZC2020 05 19.39778 15 57 20.46 -17 06 20.7                V~9ORHF51
     K16Ae8C ZC2020 05 19.40913 15 57 19.71 -17 06 18.9          21.7 GV~9ORHF51
     K16Ae8C ZC2020 05 19.42048 15 57 18.94 -17 06 16.7                V~9ORHF51
     K16BE7V ZC2019 08 28.41760 21 52 56.90 -13 16 28.2          22.6 GV~9H1rF51
     K16BE7V ZC2019 08 28.43058 21 52 56.28 -13 16 31.4          22.8 GV~9H1rF51
     K16BE7V ZC2019 08 28.44354 21 52 55.68 -13 16 34.5          22.6 GV~9H1rF51
     K16BE7V ZC2019 08 28.45650 21 52 55.06 -13 16 38.0                V~9H1rF51
     K16C27O ZC2010 01 09.43332508 02 03.936+12 07 32.16         21.7 rW~9ORYF51
     K16C27O ZC2010 01 09.44459408 02 03.336+12 07 36.48         21.7 rW~9ORYF51
     K16C27O ZC2010 01 25.49815007 47 29.760+13 59 14.28         21.6 rW~9ORYF51
     K16C27O ZC2010 01 25.50581107 47 29.328+13 59 17.52         21.6 rW~9ORYF51
     K16C79K ZC2024 08 10.42383 21 19 38.66 -19 07 32.5                V~9JgyF52
     K16C79K ZC2024 08 10.43501 21 19 38.12 -19 07 36.3                V~9JgyF52
     K16C79K ZC2024 08 10.44620 21 19 37.61 -19 07 40.1          21.8 GV~9JgyF52
     K16C79K ZC2024 08 10.45737 21 19 37.10 -19 07 43.8          22.3 GV~9JgyF52
     K16Ch7K ZC2014 12 15.44827504 19 24.600+09 53 00.96         22.7 rW~9Jh2F51
     K16Ch7K ZC2014 12 15.46049304 19 24.072+09 52 59.88         22.7 rW~9Jh2F51
     K16Ch7N ZC2014 10 07.39717803 02 51.144+12 02 28.68         22.5 iW~9M5oF51
     K16Ch7N ZC2014 10 07.43514703 02 50.208+12 02 13.92         22.5 iW~9M5oF51
     K16Ch7Z ZC2014 11 30.32168802 58 45.624+04 38 11.04         22.5 iW~9M5oF51
     K16Ch7Z ZC2014 11 30.33379402 58 45.192+04 38 08.52         22.5 iW~9M5oF51
     K16Ch9X ZC2025 10 30.32705 02 57 09.91 +19 40 53.3          21.9 GV~9OS6F51
     K16Ch9X ZC2025 10 30.33740 02 57 09.35 +19 40 52.4          22.1 GV~9OS6F51
     K16Ch9X ZC2025 10 30.35817 02 57 08.23 +19 40 51.6                V~9OS6F51
     K16Ci0D ZC2024 08 27.53669 00 23 36.41 -05 30 30.8          22.6 GV~9OS7F51
     K16Ci0D ZC2024 08 27.55772 00 23 35.70 -05 30 34.6          22.9 GV~9OS7F51
     K16Ci0D ZC2024 08 27.56823 00 23 35.38 -05 30 36.1                V~9OS7F51
     K16E49M ZC2025 10 16.42954 01 57 02.69 -15 23 08.0          20.9 GV~9OSEF51
     K16E49M ZC2025 10 16.43940 01 57 02.16 -15 23 10.9          20.9 GV~9OSEF51
     K16Ea6Y ZC2011 03 13.44905912 10 06.744-07 48 05.04         23.1 iW~9Jh6F51
     K16Ea6Y ZC2011 03 13.46116312 10 06.240-07 48 01.08         23.1 iW~9Jh6F51
     K16Ea6Y ZC2013 08 29.55354300 29 00.840+10 08 15.00         23.1 rW~9Jh6F51
     K16Ea6Y ZC2013 08 29.56461000 29 00.528+10 08 12.84         23.1 rW~9Jh6F51
     K16Ea6Y ZC2013 10 04.39640400 06 24.576+06 36 30.96         22.6 gW~9Jh6F51
     K16Ea6Y ZC2013 10 04.39940800 06 24.456+06 36 29.52         22.6 rW~9Jh6F51
     K16Ea6Y ZC2013 10 04.41013100 06 24.000+06 36 24.84         22.6 rW~9Jh6F51
     K16Ea7V ZC2009 10 01.36066700 26 55.152+04 56 52.08         20.9 rW~9Jh6F51
     K16Ea7V ZC2009 10 01.37000700 26 54.744+04 56 47.40         20.9 rW~9Jh6F51
     K16Ea7V ZC2013 08 09.37640620 13 13.944-10 26 12.84         21.4 gW~9Jh6F51
     K16Ea7V ZC2013 08 09.38690820 13 13.488-10 26 16.08         21.4 gW~9Jh6F51
     K16Ed4Z ZC2010 09 14.31813622 13 32.088-05 13 18.84         22.6 rW~9M5vF51
     K16Ed4Z ZC2010 09 14.32973622 13 31.632-05 13 26.76         22.6 rW~9M5vF51
     K16Ed4Z ZC2010 09 16.29293322 12 26.760-05 36 15.84         22.6 iW~9M5vF51
     K16Ed4Z ZC2010 09 16.30460022 12 26.352-05 36 23.76         22.6 iW~9M5vF51
     K16Ee3H ZC2014 12 11.44128104 54 07.632-04 12 17.64         22.4 rW~9M5wF51
     K16Ee3H ZC2014 12 11.45359904 54 07.056-04 12 18.72         22.4 rW~9M5wF51
     K16Ee4L ZC2025 09 17.42982 02 03 24.11 +24 23 36.1          21.8 GV~9Jh7F52
     K16Ee4L ZC2025 09 17.44274 02 03 23.85 +24 23 43.7          21.8 GV~9Jh7F52
     K16Ee4L ZC2025 09 17.45572 02 03 23.54 +24 23 51.7          21.9 GV~9Jh7F52
     K16Ee4L ZC2025 09 17.46879 02 03 23.29 +24 23 59.2          21.7 GV~9Jh7F52
     K16Ee4N ZC2011 03 10.52643411 58 20.184+01 06 07.92         22.6 gW~9OSYF51
     K16Ee4N ZC2011 03 10.53887411 58 19.680+01 06 14.76         22.6 gW~9OSYF51
     K16Ee4P ZC2010 08 09.62935201 31 32.136+11 49 58.44         22.1 zW~9OSYF51
     K16Ee4P ZC2010 08 09.63616501 31 32.640+11 49 57.72         22.1 zW~9OSYF51
     K16Ee4P ZC2010 10 15.40594901 51 00.984+00 10 02.28         20.6 iW~9OSYF51
     K16Ee4P ZC2010 10 15.41667901 51 00.552+00 09 52.56         20.6 iW~9OSYF51
     K16Ee4P ZC2014 11 11.50703404 57 45.984+03 00 07.92         21.7 rW~9OSYF51
     K16Ee4P ZC2014 11 11.51919504 57 45.408+03 00 01.44         21.7 rW~9OSYF51
     K16Ee4P ZC2014 12 01.37113104 39 31.440+00 57 08.64         21.6 iW~9OSYF51
     K16Ee4P ZC2014 12 01.38408404 39 30.624+00 57 06.12         21.6 iW~9OSYF51
     K16Ee5N ZC2025 09 16.47275 00 54 42.09 +02 41 59.0          21.5 GV~9OSbF51
     K16Ee5N ZC2025 09 16.50362 00 54 40.74 +02 41 55.3          21.4 GV~9OSbF51
     K16Ee5N ZC2025 09 16.51567 00 54 40.27 +02 41 53.5          21.1 GV~9OSbF51
     K16F12W ZC2025 09 20.41727 23 42 59.07 -05 40 18.5          21.5 GV~9DDuF51
     K16F12W ZC2025 09 20.44922 23 42 53.78 -05 39 45.1                V~9DDuF51
     K16G95V ZC2023 01 22.40578 09 31 51.82 +19 48 59.5          21.8 GV~9M5zF52
     K16G95V ZC2023 01 22.41939 09 31 51.09 +19 49 04.8          22.1 GV~9M5zF52
     K16G95V ZC2023 01 22.43297 09 31 50.37 +19 49 10.6                V~9M5zF52
     K16G95V ZC2023 01 22.44669 09 31 49.64 +19 49 16.2          22.0 GV~9M5zF52
     K16Gd9E ZC2014 11 12.56322604 27 51.048+18 23 04.92         22.1 iW~9M63F51
     K16Gd9E ZC2014 11 12.57597404 27 50.328+18 23 03.48         22.1 iW~9M63F51
     K16Gd9E ZC2014 12 10.46176504 00 47.688+17 33 23.04         22.2 iW~9M63F51
     K16Gd9E ZC2014 12 10.47388304 00 47.064+17 33 22.32         22.2 iW~9M63F51
     K16Ge0A ZC2010 08 18.49559222 32 09.696-11 14 16.80         23.1 rW~9M63F51
     K16Ge0A ZC2010 08 18.50735322 32 09.072-11 14 21.48         23.1 rW~9M63F51
     K16Ge0E ZC2025 09 16.47147 00 56 49.38 +07 11 21.0          21.4 GV~9OTIF51
     K16Ge0E ZC2025 09 16.50229 00 56 48.12 +07 11 18.0          21.0 GV~9OTIF51
     K16Ge0E ZC2025 09 16.51435 00 56 47.61 +07 11 16.7          21.3 GV~9OTIF51
     K16Ge0E ZC2025 09 16.52644 00 56 47.14 +07 11 15.8          21.2 GV~9OTIF51
     K16Ge0O ZC2021 01 16.43325 09 28 39.90 +11 51 04.1          21.4 GV~9OTKF51
     K16Ge0O ZC2021 01 16.44433 09 28 39.51 +11 51 07.5          21.5 GV~9OTKF51
     K16Ge0O ZC2021 01 16.45545 09 28 39.10 +11 51 10.8          21.6 GV~9OTKF51
     K16Ge0O ZC2021 01 16.46655 09 28 38.71 +11 51 14.1                V~9OTKF51
     K16JB2Z ZC2025 10 30.32575 02 41 22.79 +20 57 03.2          21.8 GV~9OTRF51
     K16JB2Z ZC2025 10 30.34647 02 41 21.33 +20 57 09.2          21.5 GV~9OTRF51
     K16JB2Z ZC2025 10 30.35687 02 41 20.58 +20 57 12.2          21.3 GV~9OTRF51
     K16LA9Y ZC2025 09 16.42722 00 56 10.86 -09 30 36.1          21.7 GV~9JhCF51
     K16LA9Y ZC2025 09 16.43825 00 56 10.40 -09 30 44.6          21.8 GV~9JhCF51
     K16LA9Y ZC2025 09 16.44930 00 56 09.94 -09 30 53.1          21.4 GV~9JhCF51
     K16LA9Y ZC2025 09 16.46033 00 56 09.53 -09 31 01.3          21.9 GV~9JhCF51
     K16NJ4G ZC2012 09 04.34409221 50 59.544+11 08 36.60         21.6 iW~9M6AF51
     K16NJ4G ZC2012 09 04.35528921 50 58.944+11 08 35.16         21.6 iW~9M6AF51
     K16NJ4G ZC2012 09 06.31769521 49 21.144+11 03 10.44         21.6 gW~9M6AF51
     K16NJ4G ZC2012 09 06.32848621 49 20.592+11 03 08.64         21.6 gW~9M6AF51
     K16NL1M ZC2025 09 23.40679 01 57 13.06 +04 27 42.1                V~9JhHF52
     K16NL1M ZC2025 09 23.41831 01 57 12.64 +04 27 38.0                V~9JhHF52
     K16NL1M ZC2025 09 23.42987 01 57 12.24 +04 27 33.5          22.4 GV~9JhHF52
     K16NL1M ZC2025 09 23.44145 01 57 11.81 +04 27 29.6          22.7 GV~9JhHF52
     K16O18B ZC2010 02 16.55080312 24 29.400-13 55 36.12         22.7 iW~9OU0F51
     K16O18B ZC2010 02 16.55909212 24 29.184-13 55 35.40         22.7 iW~9OU0F51
     K16O18B ZC2010 02 26.48176412 19 23.256-13 30 10.80         22.5 iW~9OU0F51
     K16O18B ZC2010 02 26.49041612 19 22.920-13 30 08.64         22.5 iW~9OU0F51
     K16P37M ZC2025 08 19.48506 23 52 22.16 +00 13 56.0          21.4 GV~9JhHF51
     K16P37M ZC2025 08 19.49620 23 52 21.72 +00 13 53.9          22.2 GV~9JhHF51
     K16P37M ZC2025 08 19.50754 23 52 21.32 +00 13 51.6          22.0 GV~9JhHF51
     K16P37M ZC2025 08 19.51870 23 52 20.94 +00 13 49.9          21.6 GV~9JhHF51
     K16PU3S ZC2014 02 20.43831911 35 50.400-00 10 20.28         23.1 iW~9M6HF51
     K16PU3S ZC2014 02 20.45047111 35 49.968-00 10 17.04         23.2 iW~9M6HF51
     K16PU3S ZC2014 02 20.46269211 35 49.512-00 10 13.80         23.2 iW~9M6HF51
     K16PV1A ZC2014 03 25.40986411 13 53.088-05 59 24.72         22.6 gW~9M6HF51
     K16PV1A ZC2014 03 25.41707711 13 52.704-05 59 22.92         22.6 gW~9M6HF51
     K16PV9R ZC2025 08 19.48700 23 45 02.08 -08 08 16.2          21.1 GV~9H2YF51
     K16PV9R ZC2025 08 19.50950 23 45 01.57 -08 08 29.3          20.8 GV~9H2YF51
     K16PV9R ZC2025 08 19.52064 23 45 01.32 -08 08 35.9          20.9 GV~9H2YF51
     K16PV9V ZC2025 08 19.48571 23 52 41.75 -04 52 12.0          21.2 GV~9H2YF51
     K16PV9V ZC2025 08 19.50819 23 52 41.72 -04 52 28.3          22.1 GV~9H2YF51
     K16PW0B ZC2025 08 25.41374 22 28 18.87 -03 25 35.2          21.1 GV~9DEFF51
     K16PW0B ZC2025 08 25.43471 22 28 17.82 -03 25 42.9          21.2 GV~9DEFF51
     K16PW0B ZC2025 08 25.45876 22 28 16.65 -03 25 51.4                V~9DEFF51
     K16PW1X ZC2025 10 16.41581 01 30 58.41 -12 05 44.1          21.6 GV~9OUMF51
     K16PW1X ZC2025 10 16.42566 01 30 57.81 -12 05 44.3          21.4 GV~9OUMF51
     K16PW1X ZC2025 10 16.43555 01 30 57.20 -12 05 44.2          21.2 GV~9OUMF51
     K16PW2H ZC2025 09 18.47385 01 56 26.52 +04 05 48.0          21.0 GV~9JhLF52
     K16PW2H ZC2025 09 18.48626 01 56 26.25 +04 05 43.2          20.9 GV~9JhLF52
     K16PW2H ZC2025 09 18.51115 01 56 25.67 +04 05 34.3          20.8 GV~9JhLF52
     K16PW2Z ZC2012 10 11.60732404 56 51.048+23 19 21.72         22.4 iW~9M6IF51
     K16PW2Z ZC2012 10 11.62137004 56 51.480+23 19 17.76         22.4 iW~9M6IF51
     K16PW2Z ZC2012 11 25.35403904 44 28.872+17 48 05.40         21.4 iW~9M6IF51
     K16PW2Z ZC2012 11 25.36598904 44 28.200+17 47 59.28         21.4 iW~9M6IF51
     K16PW3W ZC2025 10 30.32833 02 47 14.93 +18 29 18.7          21.3 GV~9OUOF51
     K16PW3W ZC2025 10 30.33869 02 47 14.31 +18 29 16.7          21.2 GV~9OUOF51
     K16PW3W ZC2025 10 30.34905 02 47 13.73 +18 29 14.0          21.1 GV~9OUOF51
     K16PW3W ZC2025 10 30.35946 02 47 13.11 +18 29 11.6          21.2 GV~9OUOF51
     K16PW4L ZC2025 10 16.40854 01 27 09.28 -14 43 52.0          21.0 GV~9OUPF51
     K16PW4L ZC2025 10 16.41837 01 27 08.67 -14 43 53.1          21.9 GV~9OUPF51
     K16PW4L ZC2025 10 16.42825 01 27 08.10 -14 43 54.1          21.1 GV~9OUPF51
     K16PW4L ZC2025 10 16.43812 01 27 07.56 -14 43 54.8          22.3 GV~9OUPF51
     K16Q37S ZC2025 09 15.40055 00 54 06.79 +15 59 44.9          20.8 GV~9JhNF52
     K16Q37S ZC2025 09 15.41086 00 54 06.41 +15 59 48.1          21.0 GV~9JhNF52
     K16R91T ZC2025 10 13.56791 02 53 43.39 +18 08 20.8          21.2 GV~9M6QF51
     K16R91T ZC2025 10 13.58215 02 53 42.88 +18 08 18.7          20.7 GV~9M6QF51
     K16R91T ZC2025 10 13.61058 02 53 41.84 +18 08 14.6          21.2 GV~9M6QF51
     K16RB0S ZC2025 08 18.45255 22 58 36.57 -05 50 37.1          20.2 GV~9OUsF51
     K16RB0S ZC2025 08 18.46396 22 58 36.03 -05 50 38.3          20.3 GV~9OUsF51
     K16RB0S ZC2025 08 18.47540 22 58 35.47 -05 50 40.0          20.3 GV~9OUsF51
     K16RB0S ZC2025 08 18.48681 22 58 34.93 -05 50 41.8          20.1 GV~9OUsF51
     K16SB7P ZC2025 09 23.40616 01 57 36.72 +03 21 27.4          21.2 GV~9JhVF52
     K16SB7P ZC2025 09 23.42924 01 57 35.75 +03 21 30.9          21.0 GV~9JhVF52
     K16SB7P ZC2025 09 23.44082 01 57 35.25 +03 21 32.8          21.4 GV~9JhVF52
     K16SC8U ZC2025 10 30.37117 02 59 50.94 +08 18 25.8          21.6 GV~9OV6F51
     K16SC8U ZC2025 10 30.38463 02 59 50.29 +08 18 19.3          21.5 GV~9OV6F51
     K16SC8U ZC2025 10 30.39804 02 59 49.64 +08 18 13.4          21.7 GV~9OV6F51
     K16SD3Q ZC2025 08 23.49748 23 54 25.61 -09 49 38.6          21.9 GV~9H2iF51
     K16SD3Q ZC2025 08 23.50831 23 54 25.24 -09 49 42.4          21.8 GV~9H2iF51
     K16SD3Q ZC2025 08 23.53011 23 54 24.50 -09 49 50.8          21.8 GV~9H2iF51
     K16SD4Z ZC2024 02 09.46170 11 15 57.56 +09 25 14.6          21.9 GV~9OVAF52
     K16SD4Z ZC2024 02 09.47345 11 15 57.20 +09 25 20.3          21.6 GV~9OVAF52
     K16SD4Z ZC2024 02 09.49710 11 15 56.46 +09 25 31.8          21.7 GV~9OVAF52
     K16TL5S ZC2025 09 18.47385 01 53 31.56 +03 20 58.1          21.0 GV~9JhbF52
     K16TL5S ZC2025 09 18.48626 01 53 31.18 +03 20 57.0          20.5 GV~9JhbF52
     K16TL5S ZC2025 09 18.49870 01 53 30.81 +03 20 55.7          21.8 GV~9JhbF52
     K16TL5S ZC2025 09 18.51115 01 53 30.43 +03 20 54.4          20.8 GV~9JhbF52
     K16TL7D ZC2025 10 30.32510 02 34 39.27 +23 52 48.2          21.6 GV~9OVYF51
     K16TL7D ZC2025 10 30.33546 02 34 38.70 +23 52 44.6          22.2 GV~9OVYF51
     K16TL7D ZC2025 10 30.34582 02 34 38.13 +23 52 40.9          22.5 GV~9OVYF51
     K16TL7D ZC2025 10 30.35622 02 34 37.51 +23 52 37.8          21.9 GV~9OVYF51
     K16TL7Q ZC2025 09 14.43091 01 46 57.21 +14 56 32.9          21.9 GV~9OVaF52
     K16TL7Q ZC2025 09 14.44376 01 46 56.74 +14 56 38.1          22.0 GV~9OVaF52
     K16TL7Q ZC2025 09 14.45658 01 46 56.28 +14 56 42.6          21.9 GV~9OVaF52
     K16TL7Q ZC2025 09 14.46945 01 46 55.85 +14 56 47.6          22.0 GV~9OVaF52
     K16UH6O ZC2025 08 17.38618 21 14 59.84 -17 38 39.7          21.2 GV~9OVmF51
     K16UH6O ZC2025 08 17.39731 21 14 59.24 -17 38 41.7          21.7 GV~9OVmF51
     K16UH6O ZC2025 08 17.40842 21 14 58.69 -17 38 43.8          21.1 GV~9OVmF51
     K16UH6O ZC2025 08 17.41954 21 14 58.09 -17 38 46.1          20.4 GV~9OVmF51
     K16UT4A ZC2025 10 15.49898 02 29 25.18 +04 38 45.2          22.9 GV~9M6bF51
     K16UT4A ZC2025 10 15.51108 02 29 24.59 +04 38 42.1          22.6 GV~9M6bF51
     K16V67P ZC2025 08 23.49748 23 53 59.11 -10 27 03.5          22.0 GV~9H2vF51
     K16V67P ZC2025 08 23.50831 23 53 58.83 -10 27 09.4          21.9 GV~9H2vF51
     K16V67P ZC2025 08 23.51930 23 53 58.59 -10 27 15.6          22.0 GV~9H2vF51
     K16V67P ZC2025 08 23.53011 23 53 58.32 -10 27 21.4          21.7 GV~9H2vF51
     K16V73S ZC2025 09 14.42901 01 52 50.68 +12 38 47.6          22.5 GV~9JhiF52
     K16V73S ZC2025 09 14.44185 01 52 50.45 +12 38 47.0          22.4 GV~9JhiF52
     K16V73S ZC2025 09 14.45462 01 52 50.21 +12 38 46.8          22.3 GV~9JhiF52
     K16V73S ZC2025 09 14.46755 01 52 49.95 +12 38 46.0          22.6 GV~9JhiF52
     K16W56E ZC2025 09 14.42901 01 53 34.56 +12 29 44.4          22.5 GV~9JhjF52
     K16W56E ZC2025 09 14.44185 01 53 34.29 +12 29 45.3          21.8 GV~9JhjF52
     K16W56E ZC2025 09 14.45462 01 53 34.01 +12 29 45.8          22.2 GV~9JhjF52
     K16W56E ZC2025 09 14.46755 01 53 33.74 +12 29 46.3          22.1 GV~9JhjF52
     K16W88Q ZC2025 09 14.45462 01 52 59.08 +12 28 30.8          22.1 GV~9JhkF52
     K16W88Q ZC2025 09 14.46755 01 52 58.80 +12 28 27.0          22.6 GV~9JhkF52
     K16Y44U ZC2010 10 08.34257300 17 31.512+11 07 21.72         22.0 gW~9JhlF51
     K16Y44U ZC2010 10 08.35441000 17 30.960+11 07 16.32         22.0 gW~9JhlF51
     K16Y44U ZC2010 10 13.29755600 14 00.816+10 27 14.40         22.1 rW~9JhlF51
     K16Y44U ZC2010 10 13.32078200 13 59.808+10 27 03.24         22.1 rW~9JhlF51
     K16Y45B ZC2009 09 14.54330601 23 20.472+02 16 03.72         22.2 rW~9JhlF51
     K16Y45B ZC2009 09 14.55315601 23 20.208+02 15 58.68         22.2 rW~9JhlF51
     K16Y45B ZC2009 09 22.58524501 19 26.568+01 00 46.08         22.1 rW~9JhlF51
     K16Y45B ZC2009 09 22.59365901 19 26.280+01 00 41.40         22.1 rW~9JhlF51
     K16Y45B ZC2013 04 14.53899615 28 17.376-04 08 04.56         23.1 iW~9JhlF51
     K16Y45B ZC2013 04 14.54972915 28 17.040-04 08 00.24         23.1 iW~9JhlF51
     K16Y45B ZC2014 09 11.40294222 06 03.432-05 55 52.32         21.9 iW~9JhlF51
     K16Y45B ZC2014 09 11.43771322 06 02.256-05 56 12.48         21.9 iW~9JhlF51
     K16Y45B ZC2014 10 10.33459421 58 54.528-09 45 58.68         22.5 iW~9JhlF51
     K16Y45B ZC2014 10 10.34640621 58 54.576-09 46 02.64         22.5 iW~9JhlF51
     K16Y45C ZC2025 09 23.40742 01 53 04.40 +07 29 35.3          21.7 GV~9JhlF52
     K16Y45C ZC2025 09 23.41894 01 53 04.09 +07 29 29.8          22.4 GV~9JhlF52
     K16Y45C ZC2025 09 23.43053 01 53 03.78 +07 29 24.1          22.0 GV~9JhlF52
     K16Y45C ZC2025 09 23.44208 01 53 03.46 +07 29 18.5          22.1 GV~9JhlF52
     K17B61Z ZC2024 06 11.41809 16 35 55.48 -19 43 54.8          21.8 GV~9JhnF52
     K17B61Z ZC2024 06 11.42546 16 35 55.10 -19 43 55.9          21.6 GV~9JhnF52
     K17B61Z ZC2024 06 11.43280 16 35 54.68 -19 43 56.3          21.7 GV~9JhnF52
     K17B61Z ZC2024 06 11.44016 16 35 54.30 -19 43 57.1                V~9JhnF52
     K17B61Z ZC2025 08 17.43469 22 27 36.71 -26 06 20.1          20.9 GV~9JhnF51
     K17B61Z ZC2025 08 17.44511 22 27 36.20 -26 06 24.1          21.3 GV~9JhnF51
     K17B61Z ZC2025 08 17.45553 22 27 35.71 -26 06 28.4          21.3 GV~9JhnF51
     K17B61Z ZC2025 08 17.46590 22 27 35.19 -26 06 32.2          21.0 GV~9JhnF51
     K17B74G ZC2024 07 02.54534 20 51 54.95 -12 53 18.1          22.4 GV~9OWXF52
     K17B74G ZC2024 07 02.55853 20 51 54.56 -12 53 20.5          22.0 GV~9OWXF52
     K17B74G ZC2024 07 02.57174 20 51 54.14 -12 53 22.7          22.1 GV~9OWXF52
     K17BM5Q ZC2011 02 01.30767708 07 47.688+13 17 58.56         21.9 gW~9JhoF51
     K17BM5Q ZC2011 02 01.32041608 07 47.040+13 17 58.92         21.9 gW~9JhoF51
     K17BM5Q ZC2012 04 04.50379314 22 56.880-27 02 55.68         22.3 rW~9JhoF51
     K17BM5Q ZC2012 04 04.51411514 22 56.472-27 02 54.60         22.3 rW~9JhoF51
     K17BM5V ZC2010 12 25.49687805 35 55.368+12 31 35.76         22.1 iW~9JhoF51
     K17BM5V ZC2010 12 25.50902305 35 54.720+12 31 35.04         22.1 iW~9JhoF51
     K17BM5V ZC2011 01 05.31725305 27 27.528+12 25 07.32         22.3 gW~9JhoF51
     K17BM5V ZC2011 01 05.32919605 27 27.000+12 25 06.96         22.3 gW~9JhoF51
     K17BM5V ZC2012 02 28.38198610 57 20.424-02 48 46.80         22.7 iW~9JhoF51
     K17BM5V ZC2012 02 28.39471010 57 19.848-02 48 42.48         22.7 iW~9JhoF51
     K17BM9A ZC2011 08 30.37803722 04 36.552-03 26 26.88         22.6 rW~9JhoF51
     K17BM9A ZC2011 08 30.38913022 04 36.240-03 26 30.12         22.6 rW~9JhoF51
     K17BM9A ZC2011 09 04.35651022 02 18.840-03 49 53.04         22.6 iW~9JhoF51
     K17BM9A ZC2011 09 04.36742522 02 18.552-03 49 55.92         22.6 iW~9JhoF51
     K17BM9A ZC2011 09 15.29891421 57 41.736-04 41 38.76         22.8 iW~9JhoF51
     K17BM9A ZC2011 09 15.31087221 57 41.448-04 41 42.36         22.8 iW~9JhoF51
     K17BM9A ZC2013 11 27.45670303 08 32.328+02 03 10.44         22.9 gW~9JhoF51
     K17BM9A ZC2013 11 27.47005203 08 31.944+02 03 09.00         22.9 gW~9JhoF51
     K17BM9A ZC2013 12 11.29137203 02 42.864+01 46 00.48         23.1 iW~9JhoF51
     K17BM9A ZC2013 12 11.30500003 02 42.552+01 45 59.76         23.1 iW~9JhoF51
     K17BM9A ZC2014 11 30.41721005 46 50.784+04 53 53.88         23.1 iW~9JhoF51
     K17BM9A ZC2014 11 30.42816005 46 50.448+04 53 53.16         23.1 iW~9JhoF51
     K17BN0L ZC2014 10 02.31773200 16 43.704+19 01 22.44         21.9 rW~9JhoF51
     K17BN0L ZC2014 10 02.32963200 16 43.128+19 01 18.84         21.9 rW~9JhoF51
     K17BN0L ZC2014 10 02.34151400 16 42.552+19 01 15.24         21.9 rW~9JhoF51
     K17BN2Y ZC2010 11 12.26226400 56 07.056+21 54 46.08         22.8 rW~9JhoF51
     K17BN2Y ZC2010 11 12.28394400 56 06.336+21 54 36.36         22.8 rW~9JhoF51
     K17BN2Y ZC2012 01 24.32784706 41 53.376+18 39 52.20         22.0 rW~9JhoF51
     K17BN2Y ZC2012 01 24.34009506 41 52.728+18 39 50.76         22.0 rW~9JhoF51
     K17BN2Y ZC2014 08 06.44381222 39 23.256+07 18 43.56         22.5 iW~9JhoF51
     K17BN2Y ZC2014 08 06.46964722 39 22.152+07 18 44.28         22.5 iW~9JhoF51
     K17BN3C ZC2010 09 14.47469500 05 17.208-00 57 04.32         23.0 rW~9JhoF51
     K17BN3C ZC2010 09 14.48671700 05 16.584-00 57 06.84         23.0 rW~9JhoF51
     K17BN3C ZC2014 08 06.47429521 55 36.552-18 53 46.68         23.2 iW~9JhoF51
     K17BN3C ZC2014 08 06.48618721 55 35.928-18 53 49.56         23.2 iW~9JhoF51
     K17BN7E ZC2011 09 11.41954202 03 35.952+29 31 33.60         22.4 iW~9JhoF51
     K17BN7E ZC2011 09 11.43329302 03 36.024+29 31 37.92         22.4 iW~9JhoF51
     K17BN7E ZC2011 09 23.56898002 02 51.336+30 07 53.76         22.1 rW~9JhoF51
     K17BN7E ZC2011 09 23.58086602 02 51.096+30 07 54.48         22.1 rW~9JhoF51
     K17BO2C ZC2010 01 11.45650009 37 38.616+04 56 13.56         23.2 rW~9JhoF51
     K17BO2C ZC2010 01 11.46422509 37 38.376+04 56 12.84         23.2 rW~9JhoF51
     K17BO3O ZC2010 08 19.50622022 21 30.720+01 27 16.20         21.4 gW~9JhoF51
     K17BO3O ZC2010 08 19.51740322 21 30.144+01 27 14.76         21.4 gW~9JhoF51
     K17BO3O ZC2012 01 25.29218806 49 24.360+19 13 15.24         22.1 iW~9JhoF51
     K17BO3O ZC2012 01 25.30548606 49 23.712+19 13 14.52         22.1 iW~9JhoF51
     K17BO5J ZC2010 04 17.39947112 14 27.024-00 48 09.72         22.4 gW~9JhoF51
     K17BO5J ZC2010 04 17.40869512 14 26.496-00 48 08.28         22.4 gW~9JhoF51
     K17BO5J ZC2011 11 12.44709801 33 55.656+12 56 16.08         22.7 iW~9JhoF51
     K17BO5J ZC2011 11 12.46035301 33 55.008+12 56 13.92         22.7 iW~9JhoF51
     K17BO5J ZC2014 10 08.24700119 40 44.784-27 25 06.24         22.7 iW~9JhoF51
     K17BO5J ZC2014 10 08.25765119 40 45.768-27 25 01.20         22.7 iW~9JhoF51
     K17BO7Q ZC2013 04 14.53505115 16 36.000-06 05 17.88         22.7 iW~9OWgF51
     K17BO7Q ZC2013 04 14.54578015 16 35.640-06 05 13.92         22.7 iW~9OWgF51
     K17BO7Q ZC2013 04 23.48760115 11 05.064-05 09 03.24         22.5 rW~9OWgF51
     K17BO7Q ZC2013 04 23.49749915 11 04.632-05 08 59.64         22.5 rW~9OWgF51
     K17BQ4W ZC2012 02 24.52619311 11 57.144-09 44 13.20         22.7 rW~9JhoF51
     K17BQ4W ZC2012 02 24.53767211 11 56.640-09 44 11.40         22.7 rW~9JhoF51
     K17BQ4W ZC2012 02 28.38529011 09 06.240-09 33 41.40         22.7 iW~9JhoF51
     K17BQ4W ZC2012 02 28.39800311 09 05.664-09 33 39.24         22.7 iW~9JhoF51
     K17BQ4W ZC2014 07 10.53730222 49 11.256+04 41 17.16         22.4 iW~9JhoF51
     K17BQ4W ZC2014 07 10.55084322 49 11.232+04 41 21.84         22.4 iW~9JhoF51
     K17BQ4W ZC2014 09 13.37981022 13 30.912+05 01 09.12         21.6 iW~9JhoF51
     K17BQ4W ZC2014 09 13.39125722 13 30.432+05 01 06.24         21.6 iW~9JhoF51
     K17BQ4Z ZC2011 01 29.37049209 50 06.768+17 49 23.52         22.1 gW~9JhoF51
     K17BQ4Z ZC2011 01 29.38219309 50 06.240+17 49 26.40         22.1 gW~9JhoF51
     K17BQ4Z ZC2013 07 19.41869819 12 22.296-25 54 57.24         22.0 iW~9JhoF51
     K17BQ4Z ZC2013 07 19.42932019 12 21.768-25 54 58.32         22.0 iW~9JhoF51
     K17BQ5G ZC2009 09 20.50926823 49 33.144+01 44 04.20         22.2 rW~9JhoF51
     K17BQ5G ZC2009 09 20.52086123 49 32.664+01 43 57.36         22.2 rW~9JhoF51
     K17BQ5G ZC2010 12 05.51890705 06 48.936+00 49 53.04         23.1 gW~9JhoF51
     K17BQ5G ZC2010 12 05.53078805 06 48.336+00 49 51.24         23.1 gW~9JhoF51
     K17BQ5G ZC2012 02 12.47840109 53 16.440-01 58 20.64         22.8 iW~9JhoF51
     K17BQ5G ZC2012 02 12.49099909 53 15.864-01 58 15.60         22.8 iW~9JhoF51
     K17BQ5G ZC2025 09 23.40679 01 59 13.87 +05 02 17.3          22.6 GV~9JhoF52
     K17BQ5G ZC2025 09 23.41831 01 59 13.52 +05 02 11.0          22.6 GV~9JhoF52
     K17BQ5G ZC2025 09 23.42987 01 59 13.17 +05 02 05.5          22.6 GV~9JhoF52
     K17BQ5J ZC2013 08 09.41312020 40 30.744-06 19 21.72         22.4 gW~9M6kF51
     K17BQ5J ZC2013 08 09.42362120 40 30.288-06 19 26.40         22.4 gW~9M6kF51
     K17BQ5J ZC2013 08 16.42164520 35 50.952-07 12 24.12         22.5 rW~9M6kF51
     K17BQ5J ZC2013 08 16.43169820 35 50.544-07 12 28.80         22.5 rW~9M6kF51
     K17BQ5K ZC2012 03 16.50055712 47 39.240-11 06 07.92         22.2 rW~9M6lF51
     K17BQ5K ZC2012 03 16.51215012 47 38.808-11 06 04.32         22.2 rW~9M6lF51
     K17BQ5K ZC2013 07 04.39120918 55 45.624-11 57 47.52         21.6 gW~9M6lF51
     K17BQ5K ZC2013 07 04.40229718 55 45.072-11 57 47.52         21.6 gW~9M6lF51
     K17BQ5K ZC2013 07 17.41311018 45 35.784-12 04 00.48         21.7 rW~9M6lF51
     K17BQ5K ZC2013 07 17.42293118 45 35.328-12 04 00.84         21.7 rW~9M6lF51
     K17BQ5S ZC2010 11 27.51886105 23 37.512+08 58 48.36         22.4 iW~9OWhF51
     K17BQ5S ZC2010 11 27.53082205 23 36.936+08 58 45.84         22.4 iW~9OWhF51
     K17BQ5S ZC2012 02 15.50219810 44 37.200-01 26 17.52         22.5 rW~9OWhF51
     K17BQ5S ZC2012 02 15.51406410 44 36.720-01 26 13.56         22.5 rW~9OWhF51
     K17BQ5S ZC2013 05 31.37718416 09 29.088-07 44 09.96         22.2 gW~9OWhF51
     K17BQ5S ZC2013 05 31.38744416 09 28.584-07 44 07.80         22.2 gW~9OWhF51
     K17BQ5S ZC2013 06 18.31483815 57 01.032-07 01 36.48         22.5 iW~9OWhF51
     K17BQ5S ZC2013 06 18.32562915 57 00.624-07 01 35.76         22.5 iW~9OWhF51
     K17BQ5S ZC2014 09 11.40162122 09 37.584-01 57 29.88         22.2 iW~9OWhF51
     K17BQ5S ZC2014 09 11.41323522 09 37.128-01 57 35.28         22.3 iW~9OWhF51
     K17BQ5S ZC2014 09 11.42483022 09 36.696-01 57 40.32         22.2 iW~9OWhF51
     K17BQ5X ZC2021 04 06.54367 14 23 18.25 -04 38 05.2                V~9OWiF51
     K17BQ5X ZC2021 04 06.56878 14 23 16.81 -04 37 59.9                V~9OWiF51
     K17BQ5X ZC2021 04 06.58130 14 23 16.12 -04 37 57.4          21.1 GV~9OWiF51
     K17C52T ZC2013 06 27.33301615 18 35.952-24 11 26.88         22.5 rW~9JhpF51
     K17C52T ZC2013 06 27.34348115 18 35.760-24 11 23.64         22.5 rW~9JhpF51
     K17C54C ZC2014 09 04.38064222 22 07.392+06 55 24.24         21.9 iW~9JhpF51
     K17C54C ZC2014 09 04.40386422 22 06.288+06 55 18.84         21.9 iW~9JhpF51
     K17C54C ZC2014 09 04.41555222 22 05.736+06 55 15.96         21.9 iW~9JhpF51
     K17C54E ZC2014 10 28.24617522 56 49.632+04 41 57.12         22.9 iW~9JhpF51
     K17C54E ZC2014 10 28.25827822 56 49.584+04 41 53.88         22.9 iW~9JhpF51
     K17C55A ZC2012 01 21.53155508 41 26.064+13 18 05.04         23.0 rW~9JhpF51
     K17C55A ZC2012 01 21.54308408 41 25.440+13 18 08.64         23.0 rW~9JhpF51
     K17C55E ZC2011 01 29.45077908 10 48.288+08 32 07.80         22.7 gW~9JhpF51
     K17C55E ZC2011 01 29.46251608 10 47.712+08 32 09.60         22.7 gW~9JhpF51
     K17C55E ZC2012 03 21.49315412 50 39.312-15 23 46.32         22.4 gW~9JhpF51
     K17C55E ZC2012 03 21.50525212 50 38.808-15 23 43.08         22.4 gW~9JhpF51
     K17C55R ZC2014 09 02.38158422 54 27.000-11 09 34.56         22.2 iW~9JhpF51
     K17C55R ZC2014 09 02.39514522 54 26.328-11 09 38.88         22.2 iW~9JhpF51
     K17C55R ZC2014 09 12.39933522 46 38.136-12 00 59.04         22.3 iW~9JhpF51
     K17C55R ZC2014 09 12.41223322 46 37.512-12 01 03.00         22.4 iW~9JhpF51
     K17C55R ZC2014 09 12.42511422 46 36.912-12 01 06.60         22.4 iW~9JhpF51
     K17C67S ZC2010 11 17.51114105 01 02.424+19 54 06.48         21.9 iW~9JhpF51
     K17C67S ZC2010 11 17.52309005 01 01.872+19 54 02.88         21.9 iW~9JhpF51
     K17C67S ZC2010 12 15.45431404 37 02.496+17 38 33.00         21.8 rW~9JhpF51
     K17C67S ZC2010 12 15.47028504 37 01.680+17 38 28.68         21.8 rW~9JhpF51
     K17C67S ZC2012 02 24.52017310 26 20.760-05 00 01.80         22.5 rW~9JhpF51
     K17C67S ZC2012 02 24.53166310 26 20.208-04 59 58.56         22.5 rW~9JhpF51
     K17C67S ZC2014 06 22.53950820 49 34.080-05 24 49.68         22.7 iW~9JhpF51
     K17C67S ZC2014 06 22.57749820 49 33.240-05 24 42.48         22.7 iW~9JhpF51
     K17C67V ZC2013 06 12.45954717 13 39.648-05 37 50.88         22.2 gW~9JhpF51
     K17C67V ZC2013 06 12.46978417 13 39.144-05 37 49.44         22.2 gW~9JhpF51
     K17C67V ZC2014 09 13.51570300 24 09.432+05 08 10.32         22.3 iW~9JhpF51
     K17C67V ZC2014 09 13.52784400 24 08.952+05 08 04.56         22.3 iW~9JhpF51
     K17DF6M ZC2011 01 27.53177508 57 53.448+21 22 05.52         22.8 rW~9JhqF51
     K17DF6M ZC2011 01 27.54310808 57 52.824+21 22 08.04         22.8 rW~9JhqF51
     K17DG2E ZC2010 10 15.34574302 07 20.184+07 33 58.32         22.5 iW~9JhqF51
     K17DG2E ZC2010 10 15.35637502 07 19.632+07 33 55.08         22.5 iW~9JhqF51
     K17DG3L ZC2010 01 06.38865907 28 46.608+16 52 18.48         22.1 rW~9JhqF51
     K17DG3L ZC2010 01 06.39787307 28 45.936+16 52 21.72         22.1 rW~9JhqF51
     K17DG3L ZC2010 01 11.38113307 23 08.520+17 21 39.96         22.0 rW~9JhqF51
     K17DG3L ZC2010 01 11.38922207 23 07.968+17 21 42.84         22.0 rW~9JhqF51
     K17DG3L ZC2012 10 08.44972503 04 35.520+07 11 52.08         22.1 rW~9JhqF51
     K17DG3L ZC2012 10 08.46212503 04 35.256+07 11 47.40         22.1 rW~9JhqF51
     K17DH1V ZC2013 08 02.45775321 04 47.280-08 15 42.84         22.2 gW~9JhqF51
     K17DH1V ZC2013 08 02.46966621 04 46.752-08 15 46.80         22.2 gW~9JhqF51
     K17DH1V ZC2013 08 15.36746020 55 34.536-09 34 12.00         22.3 iW~9JhqF51
     K17DH1V ZC2013 08 15.37955820 55 34.032-09 34 16.68         22.3 iW~9JhqF51
     K17DH1V ZC2014 09 18.49504502 45 12.912+05 29 55.32         23.0 iW~9JhqF51
     K17DH1V ZC2014 09 18.50631002 45 12.792+05 29 51.72         23.0 iW~9JhqF51
     K17DH1V ZC2014 11 10.36080102 14 59.808+00 22 42.24         22.6 iW~9JhqF51
     K17DH1V ZC2014 11 10.37283002 14 59.304+00 22 39.36         22.6 iW~9JhqF51
     K17DH2F ZC2011 02 04.43074511 13 07.320+16 37 21.36         23.1 rW~9M6oF51
     K17DH2F ZC2011 02 04.44229511 13 06.888+16 37 24.24         23.1 rW~9M6oF51
     K17DH2F ZC2014 08 18.60150101 50 51.312+08 23 08.16         22.7 iW~9M6oF51
     K17DH2F ZC2014 08 18.61523801 50 51.456+08 23 11.04         22.7 iW~9M6oF51
     K17DH5M ZC2013 06 18.40192217 19 24.816-06 29 46.32         22.9 iW~9OX3F51
     K17DH5M ZC2013 06 18.41222017 19 24.312-06 29 45.60         22.9 iW~9OX3F51
     K17DH5M ZC2013 06 19.41086117 18 38.040-06 28 36.48         22.9 rW~9OX3F51
     K17DH5M ZC2013 06 19.42089517 18 37.560-06 28 35.76         22.9 rW~9OX3F51
     K17DH5M ZC2014 09 13.51373000 01 04.848+04 14 18.60         22.8 iW~9OX3F51
     K17DH5M ZC2014 09 13.53807400 01 03.864+04 14 07.08         22.8 iW~9OX3F51
     K17DH6O ZC2012 05 14.40547514 36 28.416-22 17 31.20         23.0 rW~9JhqF51
     K17DH6O ZC2012 05 14.41582714 36 27.912-22 17 30.12         23.0 rW~9JhqF51
     K17DH6O ZC2014 11 28.37500101 00 27.192+10 22 34.32         23.0 iW~9JhqF51
     K17DH6O ZC2014 11 28.40872201 00 26.760+10 22 35.04         23.0 iW~9JhqF51
     K17DH6O ZC2025 08 19.48700 23 47 22.65 -08 18 53.1          21.4 GV~9H32F51
     K17DH6O ZC2025 08 19.49815 23 47 22.24 -08 18 55.0          21.5 GV~9H32F51
     K17DH6O ZC2025 08 19.50950 23 47 21.86 -08 18 56.4          21.4 GV~9H32F51
     K17DH7H ZC2009 06 27.50125819 52 26.184-05 20 12.12         21.5 rW~9OX3F51
     K17DH7H ZC2009 06 27.51201619 52 25.848-05 20 11.76         21.5 rW~9OX3F51
     K17DH7H ZC2009 06 28.47584119 51 57.552-05 19 36.84         21.4 rW~9OX3F51
     K17DH7H ZC2009 06 28.48930219 51 57.144-05 19 36.12         21.4 rW~9OX3F51
     K17DH7H ZC2009 06 30.50611819 50 56.328-05 18 39.60         21.4 gW~9OX3F51
     K17DH7H ZC2009 06 30.51807219 50 55.968-05 18 39.60         21.4 gW~9OX3F51
     K17DH7H ZC2010 07 19.61500823 21 57.816+07 55 12.00         22.0 zW~9OX3F51
     K17DH7H ZC2010 07 19.62020023 21 57.792+07 55 12.00         22.0 zW~9OX3F51
     K17DH7H ZC2010 08 29.52574223 09 02.616+06 50 36.24         21.5 iW~9OX3F51
     K17DH7H ZC2010 08 29.53675123 09 02.280+06 50 33.36         21.5 iW~9OX3F51
     K17DH7H ZC2010 08 29.54986223 09 01.896+06 50 30.48         21.5 iW~9OX3F51
     K17DH7H ZC2010 09 28.26538322 54 37.656+04 29 56.04         21.6 rW~9OX3F51
     K17DH7H ZC2010 09 28.27628822 54 37.392+04 29 52.80         21.6 rW~9OX3F51
     K17DH7H ZC2011 08 11.55768102 14 59.088+15 33 57.24         21.7 yW~9OX3F51
     K17DH7H ZC2011 08 11.56884202 14 59.208+15 33 57.24         21.7 yW~9OX3F51
     K17DH7H ZC2012 11 06.56129104 35 09.744+14 27 39.96         22.8 iW~9OX3F51
     K17DH7H ZC2012 11 06.57451004 35 09.408+14 27 37.80         22.8 iW~9OX3F51
     K17DI0O ZC2012 04 16.49014113 59 45.504-01 10 22.08         22.8 gW~9JhqF51
     K17DI0O ZC2012 04 16.50175513 59 45.000-01 10 17.76         22.8 gW~9JhqF51
     K17DI0Q ZC2011 03 12.43997209 39 13.752+06 41 08.52         23.0 gW~9JhqF51
     K17DI0Q ZC2011 03 12.45151909 39 13.392+06 41 13.56         23.0 gW~9JhqF51
     K17DI0U ZC2025 08 23.51930 23 56 02.43 -09 45 00.9          21.9 GV~9H33F51
     K17DI0U ZC2025 08 23.53011 23 56 02.06 -09 45 02.8                V~9H33F51
     K17DI0V ZC2009 09 29.49439301 38 21.912+06 23 37.68         21.9 rW~9JhqF51
     K17DI0V ZC2009 09 29.50497801 38 21.504+06 23 32.28         21.9 rW~9JhqF51
     K17DI0V ZC2012 02 24.54110311 21 16.416-01 17 26.88         23.1 rW~9JhqF51
     K17DI0V ZC2012 02 24.55100711 21 16.032-01 17 23.28         23.1 rW~9JhqF51
     K17DI0V ZC2013 05 31.37148615 45 06.984-06 18 31.32         22.4 gW~9JhqF51
     K17DI0V ZC2013 05 31.38173615 45 06.504-06 18 29.16         22.4 gW~9JhqF51
     K17DI0V ZC2014 07 10.58783123 23 33.648+04 34 52.32         22.6 iW~9JhqF51
     K17DI0V ZC2014 07 10.60852723 23 34.056+04 34 54.84         22.6 iW~9JhqF51
     K17DI0V ZC2014 08 18.46167923 21 02.208+03 22 01.92         21.9 iW~9JhqF51
     K17DI0V ZC2014 08 18.49665223 21 01.152+03 21 49.68         21.9 iW~9JhqF51
     K17DI0W ZC2025 09 23.40679 01 57 32.63 +05 41 36.1          22.5 GV~9JhqF52
     K17DI0W ZC2025 09 23.41831 01 57 32.26 +05 41 31.7                V~9JhqF52
     K17DI0W ZC2025 09 23.42987 01 57 31.94 +05 41 27.3          22.3 GV~9JhqF52
     K17DI0W ZC2025 09 23.44145 01 57 31.60 +05 41 22.8          22.3 GV~9JhqF52
     K17DI0Z ZC2025 09 18.47514 02 02 49.16 +07 21 25.5          21.5 GV~9JhrF52
     K17DI0Z ZC2025 09 18.48752 02 02 48.74 +07 21 23.4          22.5 GV~9JhrF52
     K17DI0Z ZC2025 09 18.49997 02 02 48.32 +07 21 21.5          22.4 GV~9JhrF52
     K17DI0Z ZC2025 09 18.51243 02 02 47.87 +07 21 19.9          21.0 GV~9JhrF52
     K17E52Y ZC2012 04 13.39900212 53 11.592-05 25 06.60         21.9 gW~9JhrF51
     K17E52Y ZC2012 04 13.41064012 53 11.112-05 25 01.56         21.9 gW~9JhrF51
     K17E52Y ZC2013 07 19.50980620 16 27.120-02 54 13.68         21.3 rW~9JhrF51
     K17E52Y ZC2013 07 19.52044220 16 26.640-02 54 15.48         21.3 rW~9JhrF51
     K17E52Y ZC2013 07 26.46953420 11 22.584-03 17 34.08         21.3 iW~9JhrF51
     K17E52Y ZC2013 07 26.48022720 11 22.104-03 17 36.60         21.3 iW~9JhrF51
     K17E52Y ZC2013 08 14.34640319 58 55.992-04 53 35.88         21.5 rW~9JhrF51
     K17E52Y ZC2013 08 14.35633219 58 55.656-04 53 39.12         21.5 rW~9JhrF51
     K17E52Y ZC2014 11 11.46371002 25 12.960+07 54 46.08         22.4 iW~9JhrF51
     K17E52Y ZC2014 11 11.47724702 25 12.384+07 54 41.76         22.4 iW~9JhrF51
     K17E59K ZC2012 03 21.35636411 33 27.864-11 14 32.64         22.4 gW~9JhrF51
     K17E59K ZC2012 03 21.36241611 33 27.600-11 14 30.12         22.4 gW~9JhrF51
     K17E62A ZC2022 11 16.37635 04 52 51.37 +13 52 23.2                V~9H34F52
     K17E62A ZC2022 11 16.38837 04 52 50.70 +13 52 21.3          22.3 GV~9H34F52
     K17E62A ZC2022 11 16.40038 04 52 50.05 +13 52 19.5                V~9H34F52
     K17E62A ZC2022 11 16.41237 04 52 49.40 +13 52 17.4          22.2 GV~9H34F52
     K17E62D ZC2010 01 10.40800307 59 35.664+16 17 36.96         22.9 rW~9JhrF51
     K17E62D ZC2010 01 10.41592407 59 35.304+16 17 38.04         22.9 rW~9JhrF51
     K17E62D ZC2012 05 21.47664516 50 31.320-13 32 39.84         21.7 rW~9JhrF51
     K17E62D ZC2012 05 21.48629316 50 30.888-13 32 38.76         21.7 rW~9JhrF51
     K17FM8A ZC2011 12 02.30181801 55 53.496+07 41 25.08         22.6 rW~9JhtF51
     K17FM8A ZC2011 12 02.31365701 55 53.232+07 41 21.84         22.6 rW~9JhtF51
     K17FM8A ZC2013 02 14.48664311 35 05.352-08 04 32.52         22.3 gW~9JhtF51
     K17FM8A ZC2013 02 14.49849411 35 04.944-08 04 29.64         22.3 gW~9JhtF51
     K17FM8E ZC2010 08 18.40471722 41 17.208+04 06 19.44         22.6 rW~9JhtF51
     K17FM8E ZC2010 08 18.41642122 41 16.704+04 06 18.36         22.6 rW~9JhtF51
     K17FM8E ZC2010 09 16.29570922 19 26.544+02 06 52.20         22.5 iW~9JhtF51
     K17FM8E ZC2010 09 16.30724522 19 26.040+02 06 48.24         22.5 iW~9JhtF51
     K17FN1M ZC2013 05 18.34310114 25 10.992-12 32 38.76         22.1 rW~9JhtF51
     K17FN1M ZC2013 05 18.35511714 25 10.512-12 32 33.72         22.1 rW~9JhtF51
     K17FN1M ZC2013 05 31.35137614 18 35.904-11 08 58.92         22.4 gW~9JhtF51
     K17FN1M ZC2013 05 31.36394514 18 35.592-11 08 54.60         22.4 gW~9JhtF51
     K17FN2P ZC2010 10 29.54245103 04 45.144+12 50 14.64         22.9 iW~9JhtF51
     K17FN2P ZC2010 10 29.55421003 04 44.568+12 50 10.32         22.9 iW~9JhtF51
     K17FN2P ZC2012 01 02.53176908 52 51.192+04 10 22.44         23.1 gW~9JhtF51
     K17FN2P ZC2012 01 02.54365308 52 50.784+04 10 22.08         23.1 gW~9JhtF51
     K17FN2P ZC2013 05 20.41704415 43 08.376-11 27 41.04         22.0 iW~9JhtF51
     K17FN2P ZC2013 05 20.42782515 43 07.824-11 27 37.44         22.0 iW~9JhtF51
     K17FN2P ZC2014 08 18.45970223 09 18.384+04 42 02.88         22.9 iW~9JhtF51
     K17FN2P ZC2014 08 18.49467723 09 17.016+04 41 53.16         22.9 iW~9JhtF51
     K17FN2P ZC2014 09 04.38753722 57 24.360+03 03 09.00         22.6 iW~9JhtF51
     K17FN2P ZC2014 09 04.39912122 57 23.808+03 03 03.96         22.6 iW~9JhtF51
     K17FN5R ZC2011 01 25.32041607 34 49.440+20 28 05.52         22.7 iW~9JhtF51
     K17FN5R ZC2011 01 25.33327207 34 48.744+20 28 05.52         22.7 iW~9JhtF51
     K17FN5R ZC2011 01 26.31959607 33 57.768+20 27 56.88         22.8 rW~9JhtF51
     K17FN5R ZC2011 01 26.33127507 33 57.144+20 27 56.52         22.8 rW~9JhtF51
     K17FN5R ZC2011 01 31.47124407 29 43.080+20 26 48.84         22.9 gW~9JhtF51
     K17FN5R ZC2011 01 31.48432207 29 42.432+20 26 48.84         22.9 gW~9JhtF51
     K17FP6E ZC2014 09 04.39695022 58 38.136+05 40 16.32         22.2 iW~9M6rF51
     K17FP6E ZC2014 09 04.40859922 58 37.632+05 40 12.36         22.2 iW~9M6rF51
     K17FP6G ZC2025 09 18.47514 01 58 14.62 +06 04 41.7          21.8 GV~9JhtF52
     K17FP6G ZC2025 09 18.48752 01 58 14.31 +06 04 38.0          22.1 GV~9JhtF52
     K17FP6G ZC2025 09 18.49997 01 58 13.99 +06 04 34.2          22.1 GV~9JhtF52
     K17FP6G ZC2025 09 18.51243 01 58 13.70 +06 04 29.9          20.8 GV~9JhtF52
     K17FP6G ZC2025 09 23.40679 01 56 05.14 +05 38 24.2          22.2 GV~9JhtF52
     K17FP6G ZC2025 09 23.41831 01 56 04.81 +05 38 20.5          22.1 GV~9JhtF52
     K17FP6G ZC2025 09 23.42987 01 56 04.46 +05 38 16.7          22.5 GV~9JhtF52
     K17FP6G ZC2025 09 23.44145 01 56 04.10 +05 38 13.0          22.6 GV~9JhtF52
     K17G39V ZC2010 01 12.40873208 03 31.512+18 12 12.24         22.0 rW~9M6tF51
     K17G39V ZC2010 01 12.41562308 03 31.056+18 12 15.12         22.0 rW~9M6tF51
     K17G39V ZC2010 01 23.36458807 51 42.192+19 25 18.12         22.0 rW~9M6tF51
     K17G39V ZC2010 01 23.37242607 51 41.688+19 25 21.36         22.0 rW~9M6tF51
     K17G39V ZC2012 11 06.55469803 49 17.664+10 11 44.52         22.0 iW~9M6tF51
     K17G39V ZC2012 11 06.56791203 49 16.896+10 11 41.64         22.0 iW~9M6tF51
     K17G39V ZC2025 09 23.40679 02 01 40.60 +03 27 15.3                V~9JhuF52
     K17G39V ZC2025 09 23.42987 02 01 39.95 +03 27 06.2                V~9JhuF52
     K17G39V ZC2025 09 23.44145 02 01 39.64 +03 27 01.7          22.3 GV~9JhuF52
     K17G39Z ZC2012 05 15.37960715 07 20.616-23 10 58.44         23.0 gW~9M6tF51
     K17G39Z ZC2012 05 15.39025415 07 20.016-23 10 58.44         23.0 gW~9M6tF51
     K17G39Z ZC2014 12 01.33898204 14 25.008+34 52 10.56         21.8 iW~9M6tF51
     K17G39Z ZC2014 12 01.35096204 14 24.168+34 52 12.72         21.8 iW~9M6tF51
     K17G39Z ZC2014 12 03.41612404 12 03.312+34 57 12.96         21.8 iW~9M6tF51
     K17G39Z ZC2014 12 03.42763104 12 02.520+34 57 14.40         21.8 iW~9M6tF51
     K17HA9Y ZC2012 03 16.54693412 23 56.376+10 22 51.24         22.4 rW~9JhvF51
     K17HA9Y ZC2012 03 16.55737712 23 55.824+10 22 53.40         22.4 rW~9JhvF51
     K17HA9Y ZC2012 04 02.48399012 08 54.144+11 07 50.16         22.5 rW~9JhvF51
     K17HA9Y ZC2012 04 02.49615012 08 53.496+11 07 51.24         22.5 rW~9JhvF51
     K17HB8K ZC2025 10 16.42030 01 50 39.09 -11 09 07.2          19.8 GV~9OXgF51
     K17HB8K ZC2025 10 16.43018 01 50 38.47 -11 09 06.2          21.2 GV~9OXgF51
     K17HB8K ZC2025 10 16.44005 01 50 37.84 -11 09 05.8          21.0 GV~9OXgF51
     K17M39Z ZC2011 01 16.47231609 04 00.576-02 19 01.20         22.4 rW~9JhvF51
     K17M39Z ZC2011 01 16.48479609 03 59.952-02 19 02.64         22.4 rW~9JhvF51
     K17M39Z ZC2013 09 14.58320000 16 50.496+19 37 04.44         22.8 rW~9JhvF51
     K17M39Z ZC2013 09 14.59542900 16 49.920+19 37 00.84         22.8 rW~9JhvF51
     K17M39Z ZC2013 10 23.24873623 48 52.632+14 41 56.04         22.9 gW~9JhvF51
     K17M39Z ZC2013 10 23.26080623 48 52.248+14 41 49.56         22.9 gW~9JhvF51
     K17Q89Z ZC2025 09 16.47275 00 57 33.11 +01 33 14.1          21.1 GV~9Ji1F51
     K17Q89Z ZC2025 09 16.50362 00 57 31.99 +01 33 08.1          21.0 GV~9Ji1F51
     K17Q89Z ZC2025 09 16.52777 00 57 31.15 +01 33 03.0          20.9 GV~9Ji1F51
     K17QM0O ZC2025 09 16.47147 00 54 50.04 +07 57 29.6          21.5 GV~9Ji2F51
     K17QM0O ZC2025 09 16.50229 00 54 48.62 +07 57 29.7          21.1 GV~9Ji2F51
     K17QM0O ZC2025 09 16.51435 00 54 48.04 +07 57 29.5          21.2 GV~9Ji2F51
     K17QM0O ZC2025 09 16.52644 00 54 47.48 +07 57 29.6          21.2 GV~9Ji2F51
     K17QM0R ZC2025 08 19.48700 23 49 58.33 -06 34 05.2          21.8 GV~9H3YF51
     K17QM0R ZC2025 08 19.49815 23 49 58.11 -06 34 09.4          21.4 GV~9H3YF51
     K17QM0R ZC2025 08 19.50950 23 49 57.87 -06 34 13.6          21.5 GV~9H3YF51
     K17QM0R ZC2025 08 19.52064 23 49 57.66 -06 34 17.7          21.4 GV~9H3YF51
     K17RH8U ZC2025 02 22.49111 12 22 01.40 +01 00 21.9          21.9 GV~9OYEF52
     K17RH8U ZC2025 02 22.50401 12 22 01.05 +01 00 26.9          21.9 GV~9OYEF52
     K17RH8U ZC2025 02 22.52987 12 22 00.31 +01 00 36.7                V~9OYEF52
     K17Se5R ZC2025 09 18.47385 01 58 47.87 +04 53 50.8          21.5 GV~9Ji7F52
     K17Se5R ZC2025 09 18.48626 01 58 47.57 +04 53 47.9          21.9 GV~9Ji7F52
     K17Se5R ZC2025 09 18.49870 01 58 47.28 +04 53 44.8          22.1 GV~9Ji7F52
     K17Se5R ZC2025 09 18.51115 01 58 46.97 +04 53 41.6          21.2 GV~9Ji7F52
     K17Se6D ZC2024 09 04.46119 23 26 47.35 -05 23 05.0          21.5 GV~9OYVF52
     K17Se6D ZC2024 09 04.47124 23 26 46.79 -05 23 08.2          21.9 GV~9OYVF52
     K17Se6D ZC2024 09 04.48126 23 26 46.22 -05 23 11.5          21.7 GV~9OYVF52
     K17Se6D ZC2024 09 04.49124 23 26 45.67 -05 23 14.6          21.5 GV~9OYVF52
     K17T56K ZC2025 10 19.54114 03 00 38.81 +09 06 40.5                V~9M77F51
     K17T56K ZC2025 10 19.55331 03 00 37.64 +09 06 50.4          21.4 GV~9M77F51
     K17T56K ZC2025 10 19.56547 03 00 36.45 +09 07 00.2          21.7 GV~9M77F51
     K17T56K ZC2025 10 19.57765 03 00 35.29 +09 07 09.9          21.9 GV~9M77F51
     K17T56M ZC2025 10 15.43062 03 11 51.84 +10 12 33.5          21.8 GV~9M77F51
     K17T56M ZC2025 10 15.44177 03 11 51.37 +10 12 32.1          22.0 GV~9M77F51
     K17T56M ZC2025 10 15.46417 03 11 50.45 +10 12 29.1          21.9 GV~9M77F51
     K17T56O ZC2025 10 15.43062 03 08 57.08 +08 21 44.4          22.6 GV~9OYbF51
     K17T56O ZC2025 10 15.44177 03 08 56.68 +08 21 38.7          22.4 GV~9OYbF51
     K17UN0U ZC2021 10 31.32565 02 42 43.60 +11 52 13.7                V~9H3sF51
     K17UN0U ZC2021 10 31.33662 02 42 42.82 +11 52 15.1                V~9H3sF51
     K17UN0U ZC2021 10 31.34760 02 42 42.04 +11 52 16.0          21.8 GV~9H3sF51
     K17UN0U ZC2021 10 31.35860 02 42 41.27 +11 52 17.0          22.1 GV~9H3sF51
     K17XA0Y ZC2025 10 30.32833 02 51 42.00 +17 32 53.1          21.9 GV~9OZgF51
     K17XA0Y ZC2025 10 30.33869 02 51 41.40 +17 32 51.1          21.8 GV~9OZgF51
     K17XA0Y ZC2025 10 30.34905 02 51 40.77 +17 32 49.2          22.2 GV~9OZgF51
     K17XA0Y ZC2025 10 30.35946 02 51 40.18 +17 32 46.9          21.7 GV~9OZgF51
     K17Y38R ZC2025 10 19.54244 03 16 17.19 +12 23 33.0          21.8 GV~9M7LF51
     K17Y38R ZC2025 10 19.55459 03 16 16.76 +12 23 29.2          21.9 GV~9M7LF51
     K17Y38R ZC2025 10 19.56675 03 16 16.34 +12 23 25.4          21.4 GV~9M7LF51
     K17Y76K ZC2025 10 19.54114 03 00 40.12 +08 23 24.9          21.4 GV~9M7MF51
     K17Y76K ZC2025 10 19.55331 03 00 39.57 +08 23 22.7          21.7 GV~9M7MF51
     K17Y76K ZC2025 10 19.57765 03 00 38.42 +08 23 18.2          21.6 GV~9M7MF51
     K17Y80E ZC2025 10 19.55122 03 20 09.64 +14 32 34.9          21.3 GV~9M7MF51
     K17Y80E ZC2025 10 19.56338 03 20 09.17 +14 32 35.0                V~9M7MF51
     K17Y80E ZC2025 10 19.57555 03 20 08.73 +14 32 34.6          21.8 GV~9M7MF51
     K17Y80J ZC2021 11 26.52592 04 52 35.45 +12 37 48.2          21.6 GV~9H45F51
     K17Y80J ZC2021 11 26.53889 04 52 34.72 +12 37 47.7          22.2 GV~9H45F51
     K17Y80J ZC2021 11 26.55180 04 52 33.97 +12 37 47.0                V~9H45F51
     K17Y80J ZC2021 11 26.56472 04 52 33.23 +12 37 46.7                V~9H45F51
     K17Y81F ZC2020 08 14.54044 23 03 24.22 -11 59 21.0          22.6 GV~9OZyF51
     K17Y81F ZC2020 08 14.55160 23 03 23.75 -11 59 25.4          22.0 GV~9OZyF51
     K17Y81F ZC2020 08 14.56278 23 03 23.27 -11 59 29.3                V~9OZyF51
     K17Y81F ZC2020 08 14.57399 23 03 22.80 -11 59 33.5          22.0 GV~9OZyF51
     K18A87J ZC2025 10 30.32833 02 44 39.40 +19 07 17.0          21.6 GV~9OaGF51
     K18A87J ZC2025 10 30.33869 02 44 38.77 +19 07 14.9          21.0 GV~9OaGF51
     K18A87J ZC2025 10 30.34905 02 44 38.19 +19 07 13.7          21.3 GV~9OaGF51
     K18B84G ZC2025 10 19.54990 03 40 53.35 +11 06 30.7          21.9 GV~9M7QF51
     K18B84G ZC2025 10 19.56208 03 40 52.92 +11 06 27.3          21.5 GV~9M7QF51
     K18B84G ZC2025 10 19.57426 03 40 52.46 +11 06 24.0          21.7 GV~9M7QF51
     K18B84G ZC2025 10 19.58647 03 40 51.97 +11 06 20.9          21.5 GV~9M7QF51
     K18B95L ZC2020 07 17.41762 20 31 06.10 -13 11 39.1          22.0 GV~9OaVF51
     K18B95L ZC2020 07 17.43191 20 31 05.39 -13 11 46.2          21.9 GV~9OaVF51
     K18B95L ZC2020 07 17.44616 20 31 04.69 -13 11 53.5          21.8 GV~9OaVF51
     K18B95L ZC2020 07 17.46039 20 31 03.99 -13 12 00.1                V~9OaVF51
     K18BD1P ZC2025 09 17.44338 01 57 14.67 +22 29 34.6          22.3 GV~9JiVF52
     K18BD1P ZC2025 09 17.45635 01 57 14.18 +22 29 37.4          21.3 GV~9JiVF52
     K18BD1P ZC2025 09 17.46943 01 57 13.69 +22 29 40.3          22.2 GV~9JiVF52
     K18BD2D ZC2025 08 17.38618 21 10 23.71 -17 16 35.7          20.1 GV~9H4BF51
     K18BD2D ZC2025 08 17.39731 21 10 23.20 -17 16 43.3          20.9 GV~9H4BF51
     K18BD2D ZC2025 08 17.40842 21 10 22.71 -17 16 50.8          20.7 GV~9H4BF51
     K18C42R ZC2025 09 14.42772 01 47 37.55 +07 53 09.4          21.8 GV~9JiWF52
     K18C42R ZC2025 09 14.44059 01 47 37.26 +07 53 05.3          22.0 GV~9JiWF52
     K18C42R ZC2025 09 14.45335 01 47 36.94 +07 53 00.5          22.2 GV~9JiWF52
     K18C42R ZC2025 09 14.46629 01 47 36.69 +07 52 55.7          22.3 GV~9JiWF52
     K18C42S ZC2025 09 23.40742 01 56 14.48 +06 11 22.9          22.6 GV~9JiWF52
     K18C42S ZC2025 09 23.41894 01 56 14.02 +06 11 23.4          22.1 GV~9JiWF52
     K18C42S ZC2025 09 23.43053 01 56 13.54 +06 11 23.9                V~9JiWF52
     K18C42S ZC2025 09 23.44208 01 56 13.08 +06 11 24.6          21.7 GV~9JiWF52
     K18C42Z ZC2025 10 30.32898 02 41 31.25 +17 51 29.3          21.9 GV~9OafF51
     K18C42Z ZC2025 10 30.33933 02 41 30.59 +17 51 29.4          21.9 GV~9OafF51
     K18C42Z ZC2025 10 30.34970 02 41 29.90 +17 51 29.3          21.9 GV~9OafF51
     K18C42Z ZC2025 10 30.36011 02 41 29.23 +17 51 28.8          21.6 GV~9OafF51
     K18D18C ZC2025 10 30.32833 02 51 04.02 +18 55 33.2          21.6 GV~9OahF51
     K18D18C ZC2025 10 30.33869 02 51 03.40 +18 55 32.7          21.8 GV~9OahF51
     K18D18C ZC2025 10 30.34905 02 51 02.78 +18 55 31.7          21.3 GV~9OahF51
     K18D18C ZC2025 10 30.35946 02 51 02.12 +18 55 31.7          21.5 GV~9OahF51
     K18E27A ZC2020 08 13.41194 22 38 49.51 -01 46 55.8          22.3 GV~9M7TF51
     K18E27A ZC2020 08 13.42370 22 38 49.02 -01 47 00.7          22.9 GV~9M7TF51
     K18E27A ZC2020 08 13.43543 22 38 48.53 -01 47 05.4          22.3 GV~9M7TF51
     K18E27A ZC2020 08 13.44716 22 38 48.04 -01 47 10.2          22.5 GV~9M7TF51
     K18F05W ZC2025 09 14.44059 01 49 46.62 +08 36 23.8          22.3 GV~9JiYF52
     K18F05W ZC2025 09 14.45335 01 49 46.30 +08 36 20.8          22.9 GV~9JiYF52
     K18F05W ZC2025 09 14.46629 01 49 45.97 +08 36 18.0          22.2 GV~9JiYF52
     K18F09J ZC2023 03 16.51559 13 05 35.02 -03 50 36.4          22.2 GV~9OalF52
     K18F09J ZC2023 03 16.52721 13 05 34.55 -03 50 32.8                V~9OalF52
     K18F09J ZC2023 03 16.55048 13 05 33.62 -03 50 25.7          22.0 GV~9OalF52
     K18F09J ZC2025 09 16.47275 00 52 06.36 +02 30 35.9          21.0 GV~9OalF51
     K18F09J ZC2025 09 16.50362 00 52 05.08 +02 30 26.2          21.5 GV~9OalF51
     K18F09J ZC2025 09 16.51567 00 52 04.62 +02 30 22.5          21.3 GV~9OalF51
     K18F09J ZC2025 09 16.52777 00 52 04.11 +02 30 18.6          21.4 GV~9OalF51
     K18F79Z ZC2025 08 19.48635 23 56 02.36 -06 19 34.2          21.3 GV~9OatF51
     K18F79Z ZC2025 08 19.49750 23 56 01.98 -06 19 36.8          21.4 GV~9OatF51
     K18F79Z ZC2025 08 19.50884 23 56 01.63 -06 19 40.3          22.0 GV~9OatF51
     K18F79Z ZC2025 08 19.51999 23 56 01.31 -06 19 42.3          21.4 GV~9OatF51
     K18G45A ZC2020 09 16.48650 01 20 16.35 +06 30 02.9          22.4 GV~9JiZF51
     K18G45A ZC2020 09 16.49665 01 20 15.99 +06 30 01.0                V~9JiZF51
     K18G45A ZC2020 09 16.50640 01 20 15.63 +06 29 59.0          22.3 GV~9JiZF51
     K18L23V ZC2025 09 23.41894 01 53 07.31 +07 16 48.8          21.0 GV~9JiZF52
     K18L23V ZC2025 09 23.43053 01 53 06.88 +07 16 44.7          21.4 GV~9JiZF52
     K18L23V ZC2025 09 23.44208 01 53 06.44 +07 16 40.5                V~9JiZF52
     K18M24B ZC2025 08 25.41374 22 33 33.50 -03 59 58.4          21.7 GV~9DG7F51
     K18M24B ZC2025 08 25.43471 22 33 32.22 -04 00 02.9          21.5 GV~9DG7F51
     K18M24B ZC2025 08 25.44674 22 33 31.51 -04 00 05.4          21.5 GV~9DG7F51
     K18M24B ZC2025 08 25.45876 22 33 30.78 -04 00 08.2          21.6 GV~9DG7F51
     K18N83T ZC2021 04 06.54303 14 16 03.47 -07 32 42.0                V~9ObHF51
     K18N83T ZC2021 04 06.55560 14 16 02.86 -07 32 36.0          22.4 GV~9ObHF51
     K18N83T ZC2021 04 06.56814 14 16 02.25 -07 32 29.3          22.3 GV~9ObHF51
     K18P74V ZC2025 09 23.40679 01 56 16.03 +04 19 45.4                V~9JicF52
     K18P74V ZC2025 09 23.42987 01 56 15.00 +04 19 38.1          22.5 GV~9JicF52
     K18P74V ZC2025 09 23.44145 01 56 14.47 +04 19 34.6                V~9JicF52
     K18P79H ZC2025 09 17.44601 01 53 07.45 +19 45 47.3          22.0 GV~9ObOF52
     K18P79H ZC2025 09 17.45895 01 53 07.02 +19 45 49.1          22.0 GV~9ObOF52
     K18P79H ZC2025 09 17.47199 01 53 06.59 +19 45 51.2          22.1 GV~9ObOF52
     K18PG9Y ZC2025 10 13.55500 02 11 59.97 +20 04 34.3          21.0 GV~9M7cF51
     K18PG9Y ZC2025 10 13.56926 02 11 59.23 +20 04 33.4          21.8 GV~9M7cF51
     K18PG9Y ZC2025 10 13.58349 02 11 58.48 +20 04 32.1          20.8 GV~9M7cF51
     K18PG9Y ZC2025 10 13.59768 02 11 57.77 +20 04 30.9          20.7 GV~9M7cF51
     K18PH0G ZC2025 09 18.47385 01 53 14.49 +03 55 24.9          21.3 GV~9JicF52
     K18PH0G ZC2025 09 18.48626 01 53 14.17 +03 55 18.2          21.8 GV~9JicF52
     K18PH0G ZC2025 09 18.49870 01 53 13.84 +03 55 11.6          21.8 GV~9JicF52
     K18PH0G ZC2025 09 18.51115 01 53 13.53 +03 55 04.7          21.8 GV~9JicF52
     K18PH0W ZC2025 10 19.54861 03 49 49.36 +14 03 50.3          21.5 GV~9ObUF51
     K18PH0W ZC2025 10 19.56079 03 49 49.00 +14 03 46.5          21.8 GV~9ObUF51
     K18PH0W ZC2025 10 19.57298 03 49 48.67 +14 03 42.0          21.6 GV~9ObUF51
     K18PH1V ZC2024 08 01.52338 22 23 39.20 -10 36 44.9                V~9ObXF52
     K18PH1V ZC2024 08 01.53524 22 23 38.70 -10 36 44.7                V~9ObXF52
     K18PH1V ZC2024 08 01.54718 22 23 38.22 -10 36 44.5          22.2 GV~9ObXF52
     K18Q10M ZC2025 09 23.40616 01 54 53.65 +01 21 58.4          20.5 GV~9JidF52
     K18Q10M ZC2025 09 23.41768 01 54 53.46 +01 21 55.6                V~9JidF52
     K18Q10M ZC2025 09 23.42924 01 54 53.28 +01 21 52.8          21.1 GV~9JidF52
     K18Q10M ZC2025 09 23.44082 01 54 53.08 +01 21 49.9          21.2 GV~9JidF52
     K18Q37M ZC2025 09 20.46967 01 55 48.64 -01 34 02.2          21.7 GV~9JieF51
     K18Q37M ZC2025 09 20.48164 01 55 48.32 -01 34 09.2                V~9JieF51
     K18Q37M ZC2025 09 20.49363 01 55 47.98 -01 34 16.1          21.0 GV~9JieF51
     K18Q37M ZC2025 09 20.50565 01 55 47.63 -01 34 23.3          22.0 GV~9JieF51
     K18RD4N ZC2025 09 16.43760 00 49 28.47 -09 23 17.0          20.3 GV~9JifF51
     K18RD4N ZC2025 09 16.44865 00 49 28.08 -09 23 22.8          20.1 GV~9JifF51
     K18RD4N ZC2025 09 16.45969 00 49 27.70 -09 23 28.6          20.2 GV~9JifF51
     K18RD5J ZC2025 08 18.45051 22 39 39.50 +00 43 05.2          20.9 GV~9H4XF51
     K18RD5J ZC2025 08 18.46193 22 39 38.93 +00 43 02.9          19.9 GV~9H4XF51
     K18RD5J ZC2025 08 18.47337 22 39 38.40 +00 43 00.7          20.8 GV~9H4XF51
     K18RD6M ZC2023 01 14.56002 09 14 24.47 +23 38 09.4          21.8 GV~9DGKF52
     K18RD6M ZC2023 01 14.57302 09 14 23.62 +23 38 12.1                V~9DGKF52
     K18RD6M ZC2023 01 14.59892 09 14 21.96 +23 38 17.5          21.9 GV~9DGKF52
     K18RD6Y ZC2025 10 30.32898 02 39 48.81 +16 56 24.4          21.4 GV~9ObmF51
     K18RD6Y ZC2025 10 30.33933 02 39 48.21 +16 56 19.2          21.3 GV~9ObmF51
     K18RD6Y ZC2025 10 30.34970 02 39 47.58 +16 56 13.5          21.9 GV~9ObmF51
     K18RD6Y ZC2025 10 30.36011 02 39 46.93 +16 56 07.8          21.4 GV~9ObmF51
     K18RD7J ZC2025 09 17.43309 01 59 02.57 +19 00 13.0          21.6 GV~9ObnF52
     K18RD7J ZC2025 09 17.44601 01 59 02.18 +19 00 13.8          22.5 GV~9ObnF52
     K18RD7J ZC2025 09 17.45895 01 59 01.75 +19 00 14.3          22.0 GV~9ObnF52
     K18RD7J ZC2025 09 17.47199 01 59 01.36 +19 00 14.9          22.0 GV~9ObnF52
     K18S28U ZC2025 09 14.42901 01 44 18.41 +13 15 03.8          21.6 GV~9JigF52
     K18S28U ZC2025 09 14.44185 01 44 18.24 +13 15 00.8          21.7 GV~9JigF52
     K18S28U ZC2025 09 14.45462 01 44 18.06 +13 14 57.9          21.4 GV~9JigF52
     K18S28U ZC2025 09 14.46755 01 44 17.87 +13 14 55.0          22.4 GV~9JigF52
     K18T87F ZC2025 08 23.49901 23 53 09.94 -11 02 57.9          21.2 GV~9H4dF51
     K18T87F ZC2025 08 23.51000 23 53 09.58 -11 03 02.9          21.7 GV~9H4dF51
     K18T87F ZC2025 08 23.52081 23 53 09.18 -11 03 07.5          21.8 GV~9H4dF51
     K18U51T ZC2025 08 25.43406 22 23 34.62 -00 16 09.0          21.7 GV~9DGRF51
     K18U51T ZC2025 08 25.44609 22 23 33.95 -00 16 13.1          21.8 GV~9DGRF51
     K18U51T ZC2025 08 25.45810 22 23 33.28 -00 16 17.3          21.9 GV~9DGRF51
     K18U57Y ZC2021 07 06.45932 21 09 00.94 -31 02 45.8          21.5 GV~9Oc3F51
     K18U57Y ZC2021 07 06.47056 21 09 00.54 -31 02 50.8          21.4 GV~9Oc3F51
     K18U57Y ZC2021 07 06.48183 21 09 00.10 -31 02 55.4          21.4 GV~9Oc3F51
     K18U57Y ZC2021 07 06.49829 21 08 59.48 -31 03 02.3                V~9Oc3F51
     K18U58A ZC2025 10 19.54114 02 56 14.98 +07 46 48.0          21.8 GV~9Oc3F51
     K18U58A ZC2025 10 19.56547 02 56 13.80 +07 46 43.5          22.2 GV~9Oc3F51
     K18U58A ZC2025 10 19.57765 02 56 13.22 +07 46 41.2          22.3 GV~9Oc3F51
     K18VC0K ZC2020 05 19.38642 15 54 57.52 -15 55 38.9                V~9Oc8F51
     K18VC0K ZC2020 05 19.39778 15 54 56.65 -15 55 39.8          22.2 GV~9Oc8F51
     K18VC0K ZC2020 05 19.40913 15 54 55.91 -15 55 40.5          22.2 GV~9Oc8F51
     K18VC0K ZC2020 05 19.42048 15 54 55.11 -15 55 41.0          22.3 GV~9Oc8F51
     K18VD5B ZC2025 10 30.32898 02 35 08.62 +18 58 17.7          21.7 GV~9Oc9F51
     K18VD5B ZC2025 10 30.34970 02 35 07.66 +18 58 15.0          21.8 GV~9Oc9F51
     K18VD5B ZC2025 10 30.36011 02 35 07.17 +18 58 14.2          21.7 GV~9Oc9F51
     K18VJ9Z ZC2025 10 19.54861 03 52 33.76 +13 41 28.3          21.7 GV~9M7lF51
     K18VJ9Z ZC2025 10 19.56079 03 52 33.51 +13 41 29.3          21.8 GV~9M7lF51
     K18VJ9Z ZC2025 10 19.57298 03 52 33.25 +13 41 30.6                V~9M7lF51
     K18VJ9Z ZC2025 10 19.58518 03 52 32.98 +13 41 31.5          21.7 GV~9M7lF51
     K18VK4C ZC2025 08 25.41374 22 31 41.07 -03 58 22.1          21.4 GV~9DGXF51
     K18VK4C ZC2025 08 25.43471 22 31 39.86 -03 58 25.7          21.5 GV~9DGXF51
     K18VK4C ZC2025 08 25.44674 22 31 39.18 -03 58 28.0                V~9DGXF51
     K18VK4H ZC2025 08 25.43212 22 13 12.59 -06 08 31.1          21.7 GV~9DGXF51
     K18VK4H ZC2025 08 25.44414 22 13 11.83 -06 08 31.6          21.6 GV~9DGXF51
     K18VK4H ZC2025 08 25.45614 22 13 11.11 -06 08 31.9          21.6 GV~9DGXF51
     K18VK4N ZC2025 10 16.41773 01 34 39.45 -12 22 50.6          21.0 GV~9OcDF51
     K18VK4N ZC2025 10 16.42760 01 34 38.73 -12 22 48.5          21.1 GV~9OcDF51
     K18VK4N ZC2025 10 16.43748 01 34 38.00 -12 22 46.6          20.9 GV~9OcDF51
     K18VK5N ZC2025 09 20.46238 01 04 45.85 -06 23 27.3          21.7 GV~9DGYF51
     K18VK5N ZC2025 09 20.47431 01 04 45.32 -06 23 33.1                V~9DGYF51
     K18VK5N ZC2025 09 20.48630 01 04 44.79 -06 23 39.2                V~9DGYF51
     K18VK6E ZC2025 10 30.33351 02 23 58.28 +17 26 40.0          20.5 GV~9OcFF51
     K18VK6E ZC2025 10 30.34388 02 23 57.62 +17 26 38.5          20.5 GV~9OcFF51
     K18VK6E ZC2025 10 30.35428 02 23 56.92 +17 26 36.8          20.2 GV~9OcFF51
     K18W20O ZC2025 10 30.38323 02 54 55.79 +14 09 57.9          21.3 GV~9OcIF51
     K18W20O ZC2025 10 30.39663 02 54 55.03 +14 09 54.8                V~9OcIF51
     K18W20O ZC2025 10 30.41003 02 54 54.30 +14 09 51.8          21.9 GV~9OcIF51
     K18X52S ZC2025 09 23.40679 01 55 38.28 +04 35 51.8          21.6 GV~9JirF52
     K18X52S ZC2025 09 23.41831 01 55 37.95 +04 35 49.4          22.1 GV~9JirF52
     K18X52S ZC2025 09 23.42987 01 55 37.63 +04 35 47.1          22.4 GV~9JirF52
     K18X52S ZC2025 09 23.44145 01 55 37.29 +04 35 44.8          22.4 GV~9JirF52
     K18Y28Z ZC2024 08 01.52010 21 58 39.50 -10 48 36.6          23.0 GV~9OcPF52
     K18Y28Z ZC2024 08 01.53197 21 58 38.83 -10 48 38.2          22.7 GV~9OcPF52
     K18Y28Z ZC2024 08 01.54391 21 58 38.16 -10 48 39.6                V~9OcPF52
     K19AF3E ZC2010 01 06.34967507 17 56.568+28 20 39.12         22.6 rW~9JivF51
     K19AF3E ZC2010 01 06.35790107 17 55.992+28 20 38.76         22.6 rW~9JivF51
     K19AF3E ZC2010 01 07.48513707 16 38.304+28 19 46.56         22.6 rW~9JivF51
     K19AF3E ZC2010 01 07.49429507 16 37.656+28 19 46.20         22.6 rW~9JivF51
     K19AF3E ZC2012 09 02.29353919 35 34.296-22 02 07.44         22.6 rW~9JivF51
     K19AF3E ZC2012 09 02.30319019 35 34.200-22 02 04.92         22.6 rW~9JivF51
     K19AF3L ZC2025 10 13.56300 02 42 46.34 +24 25 21.2          20.9 GV~9M7rF51
     K19AF3L ZC2025 10 13.57724 02 42 45.78 +24 25 20.6          22.0 GV~9M7rF51
     K19AF3L ZC2025 10 13.59148 02 42 45.22 +24 25 20.5          21.6 GV~9M7rF51
     K19AF3L ZC2025 10 13.60570 02 42 44.67 +24 25 19.5          21.0 GV~9M7rF51
     K19C34G ZC2025 10 30.32833 02 47 33.40 +18 28 06.4          21.9 GV~9OcgF51
     K19C34G ZC2025 10 30.33869 02 47 32.81 +18 28 04.6          20.9 GV~9OcgF51
     K19C34G ZC2025 10 30.34905 02 47 32.15 +18 28 02.1          22.1 GV~9OcgF51
     K19C34G ZC2025 10 30.35946 02 47 31.51 +18 28 00.6          21.8 GV~9OcgF51
     K19E10J ZC2013 10 04.40183023 48 32.424+04 14 39.84         23.4 rW~9JiwF51
     K19E10J ZC2013 10 04.41253923 48 31.872+04 14 35.88         23.4 rW~9JiwF51
     K19E10K ZC2011 07 26.42066120 14 38.280-09 51 39.24         22.3 rW~9M7tF51
     K19E10K ZC2011 07 26.43042220 14 37.968-09 51 39.96         22.3 rW~9M7tF51
     K19G02V ZC2025 09 14.42139 01 15 06.96 +15 02 54.3                V~9DGfF52
     K19G02V ZC2025 09 14.43425 01 15 06.62 +15 02 38.4          22.3 GV~9DGfF52
     K19G02V ZC2025 09 14.44700 01 15 06.31 +15 02 22.5          22.3 GV~9DGfF52
     K19G02V ZC2025 09 14.45987 01 15 06.00 +15 02 06.6          22.2 GV~9DGfF52
     K19GH3Y ZC2011 04 03.41397613 41 29.808-20 16 19.20         22.1 iW~9JiyF51
     K19GH3Y ZC2011 04 03.42520313 41 29.232-20 16 17.40         22.1 iW~9JiyF51
     K19GI0V ZC2013 02 10.49936509 43 10.944+04 48 58.32         22.4 rW~9JiyF51
     K19GI0V ZC2013 02 10.51203509 43 10.344+04 49 00.48         22.4 rW~9JiyF51
     K19GI0V ZC2013 02 21.43893309 34 41.280+05 27 30.60         22.4 iW~9JiyF51
     K19GI0V ZC2013 02 21.45282809 34 40.632+05 27 33.48         22.4 iW~9JiyF51
     K19GJ2O ZC2025 09 17.43309 01 55 42.56 +20 01 58.5          21.7 GV~9OcxF52
     K19GJ2O ZC2025 09 17.44601 01 55 42.15 +20 01 57.9          22.1 GV~9OcxF52
     K19GJ2O ZC2025 09 17.45895 01 55 41.73 +20 01 57.5          22.0 GV~9OcxF52
     K19GJ2O ZC2025 09 17.47199 01 55 41.30 +20 01 57.2          21.1 GV~9OcxF52
     K19GJ9G ZC2025 08 19.48506 23 48 55.56 -01 12 00.4          21.4 GV~9H4oF51
     K19GJ9G ZC2025 08 19.49620 23 48 55.15 -01 12 01.8          21.5 GV~9H4oF51
     K19GJ9G ZC2025 08 19.50754 23 48 54.72 -01 12 03.1          21.5 GV~9H4oF51
     K19GJ9G ZC2025 08 19.51870 23 48 54.33 -01 12 04.5          21.5 GV~9H4oF51
     K19GK2B ZC2012 08 12.39348320 25 32.856+01 34 26.76         21.8 gW~9JiyF51
     K19GK2B ZC2012 08 12.40396320 25 32.376+01 34 22.80         21.8 gW~9JiyF51
     K19GK2R ZC2014 01 23.62354310 56 13.128+35 20 52.44         22.7 rW~9JiyF51
     K19GK2R ZC2014 01 23.63456510 56 12.648+35 20 57.48         22.7 rW~9JiyF51
     K19GK2T ZC2025 09 23.40616 01 51 56.20 +01 50 22.5          22.7 GV~9JiyF52
     K19GK2T ZC2025 09 23.41768 01 51 55.74 +01 50 19.1          22.5 GV~9JiyF52
     K19GK2T ZC2025 09 23.42924 01 51 55.30 +01 50 15.4          22.5 GV~9JiyF52
     K19GK2W ZC2011 08 01.43074121 13 31.656-20 51 04.32         21.9 gW~9JiyF51
     K19GK2W ZC2011 08 01.44282721 13 31.032-20 51 09.00         21.9 gW~9JiyF51
     K19GK2W ZC2011 08 09.45445121 06 57.144-21 41 30.84         21.9 rW~9JiyF51
     K19GK2W ZC2011 08 09.46541921 06 56.568-21 41 34.80         21.9 rW~9JiyF51
     K19GK2W ZC2011 08 19.43378220 58 56.832-22 36 07.20         22.1 rW~9JiyF51
     K19GK2W ZC2011 08 19.44416120 58 56.352-22 36 10.44         22.1 rW~9JiyF51
     K19GK2X ZC2009 12 09.58484107 19 02.424+20 53 18.24         22.5 rW~9JiyF51
     K19GK2X ZC2009 12 09.59268107 19 02.112+20 53 19.68         22.5 rW~9JiyF51
     K19GK2X ZC2010 01 06.36470006 54 09.552+22 42 00.00         21.9 rW~9JiyF51
     K19GK2X ZC2010 01 06.37237506 54 09.048+22 42 01.80         21.9 rW~9JiyF51
     K19GK2X ZC2010 01 08.35771806 52 07.008+22 49 49.80         21.9 rW~9JiyF51
     K19GK2X ZC2010 01 08.36594006 52 06.480+22 49 51.60         21.9 rW~9JiyF51
     K19GK2X ZC2011 04 27.44327514 39 36.696-08 20 58.20         23.1 rW~9JiyF51
     K19GK2X ZC2011 04 27.45305614 39 36.168-08 20 56.04         23.1 rW~9JiyF51
     K19GK2X ZC2013 11 25.58486105 47 56.136+19 31 58.44         22.3 yW~9JiyF51
     K19GK2X ZC2013 11 25.59470905 47 55.656+19 31 59.16         22.3 yW~9JizF51
     K19GK3B ZC2025 09 15.37808 00 42 45.98 +08 28 42.2          21.6 GV~9JizF52
     K19GK3B ZC2025 09 15.38833 00 42 45.53 +08 28 39.4          21.8 GV~9JizF52
     K19GK3B ZC2025 09 15.39862 00 42 45.06 +08 28 36.4          21.7 GV~9JizF52
     K19GK3J ZC2025 05 27.44745 16 28 06.04 -09 59 27.8          22.1 GV~9OczF51
     K19GK3J ZC2025 05 27.45997 16 28 05.36 -09 59 29.3          22.3 GV~9OczF51
     K19GK3J ZC2025 05 27.47118 16 28 04.77 -09 59 30.3          22.4 GV~9OczF51
     K19GK3J ZC2025 05 27.48237 16 28 04.19 -09 59 31.1                V~9OczF51
     K19GK3N ZC2022 06 27.52049 20 28 12.65 -15 21 22.2          22.8 GV~9OczF52
     K19GK3N ZC2022 06 27.53199 20 28 12.38 -15 21 23.3          22.5 GV~9OczF52
     K19GK3N ZC2022 06 27.54348 20 28 12.10 -15 21 24.0          22.5 GV~9OczF52
     K19GK3N ZC2022 06 27.55492 20 28 11.85 -15 21 25.0          22.6 GV~9OczF52
     K19GK4A ZC2025 05 27.44945 16 43 42.59 -13 48 10.7                V~9Od1F51
     K19GK4A ZC2025 05 27.46196 16 43 41.97 -13 48 06.9                V~9Od1F51
     K19GK4A ZC2025 05 27.47317 16 43 41.38 -13 48 03.0          22.1 GV~9Od1F51
     K19JD0Y ZC2020 08 12.38222 21 59 00.27 -14 07 15.7          22.6 GV~9Jj1F51
     K19JD0Y ZC2020 08 12.39257 21 58 59.76 -14 07 18.9          21.9 GV~9Jj1F51
     K19JD0Y ZC2020 08 12.40291 21 58 59.23 -14 07 22.0                V~9Jj1F51
     K19JD0Y ZC2020 08 12.41324 21 58 58.71 -14 07 25.1                V~9Jj1F51
     K19K61G ZC2025 09 18.47514 02 01 31.49 +06 54 38.9          22.2 GV~9Jj2F52
     K19K61G ZC2025 09 18.48752 02 01 31.13 +06 54 34.8          21.9 GV~9Jj2F52
     K19K61G ZC2025 09 18.49997 02 01 30.81 +06 54 31.0          22.2 GV~9Jj2F52
     K19K75X ZC2010 08 29.54926523 07 12.600+02 13 54.84         22.2 rW~9Jj2F51
     K19K75X ZC2010 08 29.56039823 07 12.072+02 13 53.40         22.2 rW~9Jj2F51
     K19K75X ZC2010 09 07.46628023 00 15.216+01 47 32.28         22.1 gW~9Jj2F51
     K19K75X ZC2010 09 07.47820723 00 14.640+01 47 30.12         22.1 gW~9Jj2F51
     K19K75X ZC2014 03 25.56231013 11 02.712-18 27 33.84         22.4 rW~9Jj2F51
     K19K75X ZC2014 03 25.57306513 11 02.232-18 27 32.40         22.4 rW~9Jj2F51
     K19M46T ZC2025 10 30.32316 02 22 54.76 +18 48 01.0          22.5 GV~9OdTF51
     K19M46T ZC2025 10 30.33351 02 22 54.20 +18 47 57.1          21.6 GV~9OdTF51
     K19M46T ZC2025 10 30.34388 02 22 53.69 +18 47 53.0          21.4 GV~9OdTF51
     K19M46T ZC2025 10 30.35428 02 22 53.20 +18 47 48.5          21.9 GV~9OdTF51
     K19N43Z ZC2025 10 16.40854 01 35 41.22 -15 46 53.8          20.8 GV~9OdXF51
     K19N43Z ZC2025 10 16.41837 01 35 40.81 -15 46 59.0          21.3 GV~9OdXF51
     K19N43Z ZC2025 10 16.42825 01 35 40.34 -15 47 02.6          20.6 GV~9OdXF51
     K19N43Z ZC2025 10 16.43812 01 35 39.89 -15 47 05.4          21.9 GV~9OdXF51
     K19N68G ZC2025 08 23.48894 23 51 13.65 -14 37 47.8                V~9OdYF51
     K19N68G ZC2025 08 23.51077 23 51 12.95 -14 37 59.3                V~9OdYF51
     K19N68G ZC2025 08 23.52157 23 51 12.60 -14 38 05.1          21.7 GV~9OdYF51
     K19NC4H ZC2025 10 15.49227 02 55 57.99 +04 24 13.1          22.4 GV~9M83F51
     K19NC4H ZC2025 10 15.50439 02 55 57.47 +04 24 11.2          22.3 GV~9M83F51
     K19NC4H ZC2025 10 15.51649 02 55 56.93 +04 24 09.7          22.0 GV~9M83F51
     K19NC4H ZC2025 10 15.52862 02 55 56.38 +04 24 08.2          22.3 GV~9M83F51
     K19NC4O ZC2025 09 23.40679 02 04 04.15 +05 17 56.6          22.3 GV~9Jj7F52
     K19NC4O ZC2025 09 23.41831 02 04 03.76 +05 17 54.0                V~9Jj7F52
     K19NC4O ZC2025 09 23.42987 02 04 03.35 +05 17 51.7          22.5 GV~9Jj7F52
     K19NC5B ZC2024 07 06.46825 20 16 55.67 -26 54 04.5          22.2 GV~9OdeF52
     K19NC5B ZC2024 07 06.47809 20 16 55.22 -26 54 08.2          22.0 GV~9OdeF52
     K19NC5B ZC2024 07 06.48793 20 16 54.77 -26 54 11.7          22.0 GV~9OdeF52
     K19NC5B ZC2024 07 06.49776 20 16 54.34 -26 54 15.3          22.1 GV~9OdeF52
     K19O49G ZC2025 10 16.43083 01 54 56.90 -10 48 38.9          21.0 GV~9OdmF51
     K19O49G ZC2025 10 16.44069 01 54 56.42 -10 48 40.6          21.0 GV~9OdmF51
     K19O62Y ZC2025 08 18.46465 22 45 43.76 -04 38 21.2          21.3 GV~9H56F51
     K19O62Y ZC2025 08 18.47609 22 45 43.28 -04 38 23.8                V~9H56F51
     K19O62Y ZC2025 08 18.48750 22 45 42.81 -04 38 26.7                V~9H56F51
     K19O63A ZC2025 08 18.45051 22 45 08.51 -01 39 19.3          21.2 GV~9H56F51
     K19O63A ZC2025 08 18.47337 22 45 07.45 -01 39 20.7                V~9H56F51
     K19O63A ZC2025 08 18.48478 22 45 06.90 -01 39 21.5          21.7 GV~9H56F51
     K19Q20K ZC2013 12 03.34720 03 06 07.02 -14 08 40.7          21.2 g2~9DH8F51
     K19Q20K ZC2013 12 03.35980 03 06 06.61 -14 08 41.3          21.1 g2~9DH8F51
     K19Q20K ZC2013 12 03.37389 03 06 06.15 -14 08 41.7          20.6 r2~9DH8F51
     K19Q20K ZC2013 12 03.38551 03 06 05.75 -14 08 42.2          20.7 r2~9DH8F51
     K19Q44Z ZC2025 08 19.48635 23 54 05.98 -07 48 57.2          22.0 GV~9H5BF51
     K19Q44Z ZC2025 08 19.49750 23 54 05.74 -07 49 02.4          21.6 GV~9H5BF51
     K19Q44Z ZC2025 08 19.50884 23 54 05.45 -07 49 08.1          21.7 GV~9H5BF51
     K19Q44Z ZC2025 08 19.51999 23 54 05.14 -07 49 13.8          21.5 GV~9H5BF51
     K19Q48S ZC2025 09 14.42772 01 53 17.16 +08 22 08.7          22.0 GV~9JjCF52
     K19Q48S ZC2025 09 14.44059 01 53 16.86 +08 22 06.1          21.9 GV~9JjCF52
     K19Q48S ZC2025 09 14.45335 01 53 16.44 +08 22 05.3          22.7 GV~9JjCF52
     K19Q48S ZC2025 09 14.46629 01 53 16.12 +08 22 02.4          22.6 GV~9JjCF52
     K19RB0C ZC2025 10 16.42566 01 22 34.05 -11 56 48.2          20.3 GV~9OebF51
     K19RB0C ZC2025 10 16.43555 01 22 33.65 -11 56 56.3          20.9 GV~9OebF51
     K19RC1L ZC2025 09 20.46774 01 44 42.28 -03 59 44.7                V~9JjMF51
     K19RC1L ZC2025 09 20.47968 01 44 41.99 -03 59 53.7          21.8 GV~9JjMF51
     K19RC1L ZC2025 09 20.50369 01 44 41.43 -04 00 10.7          21.7 GV~9JjMF51
     K19RC3W ZC2025 09 18.47514 02 02 03.48 +07 58 56.9          21.3 GV~9JjMF52
     K19RC3W ZC2025 09 18.48752 02 02 03.18 +07 58 52.2          22.2 GV~9JjMF52
     K19RC3W ZC2025 09 18.49997 02 02 02.89 +07 58 47.4          22.0 GV~9JjMF52
     K19RC3W ZC2025 09 18.51243 02 02 02.58 +07 58 42.8          21.0 GV~9JjMF52
     K19RC4E ZC2025 10 15.49292 02 49 57.92 +06 55 52.3          22.3 GV~9M8GF51
     K19RC4E ZC2025 10 15.51714 02 49 57.07 +06 55 40.0          22.1 GV~9M8GF51
     K19RC4E ZC2025 10 15.52927 02 49 56.64 +06 55 33.8          22.1 GV~9M8GF51
     K19RC5G ZC2025 09 14.44376 01 44 48.19 +15 37 34.4          22.2 GV~9M8GF52
     K19RC5G ZC2025 09 14.45658 01 44 47.99 +15 37 28.8          22.3 GV~9M8GF52
     K19RC5G ZC2025 09 14.46945 01 44 47.79 +15 37 22.8          22.1 GV~9M8GF52
     K19S95R ZC2025 11 15.36949 04 04 54.35 +29 22 35.7          22.1 GV~9OeyF52
     K19S95R ZC2025 11 15.38162 04 04 53.65 +29 22 30.9          21.9 GV~9OeyF52
     K19S95R ZC2025 11 15.39383 04 04 52.95 +29 22 25.9          21.8 GV~9OeyF52
     K19S95R ZC2025 11 15.40603 04 04 52.23 +29 22 21.3          21.8 GV~9OeyF52
     K19SK9N ZC2025 10 30.32705 02 54 11.99 +20 34 05.7          21.3 GV~9OfDF51
     K19SK9N ZC2025 10 30.33740 02 54 11.38 +20 34 07.0                V~9OfDF51
     K19SK9N ZC2025 10 30.34776 02 54 10.75 +20 34 08.8          21.0 GV~9OfDF51
     K19SK9N ZC2025 10 30.35817 02 54 10.13 +20 34 10.1                V~9OfDF51
     K19SO8D ZC2025 10 30.37117 03 04 55.58 +08 35 37.7          21.8 GV~9OfGF51
     K19SO8D ZC2025 10 30.38463 03 04 54.96 +08 35 34.0          22.1 GV~9OfGF51
     K19SO8D ZC2025 10 30.39804 03 04 54.31 +08 35 31.2          22.2 GV~9OfGF51
     K19SR8K ZC2025 09 14.44059 01 47 14.66 +07 50 57.1          21.7 GV~9JjSF52
     K19SR8K ZC2025 09 14.45335 01 47 14.31 +07 50 56.4          22.2 GV~9JjSF52
     K19SR8K ZC2025 09 14.46629 01 47 13.93 +07 50 55.3          22.1 GV~9JjSF52
     K19SR8M ZC2024 09 27.51082 01 46 00.47 +05 50 38.6          22.5 GV~9DHRF52
     K19SR8M ZC2024 09 27.52225 01 46 00.05 +05 50 35.8          22.4 GV~9DHRF52
     K19SR8M ZC2024 09 27.53362 01 45 59.59 +05 50 32.4                V~9DHRF52
     K19SR8M ZC2024 09 27.54495 01 45 59.17 +05 50 29.0                V~9DHRF52
     K19SS1F ZC2021 01 16.43843 09 41 28.05 +12 48 35.0                V~9M8RF51
     K19SS1F ZC2021 01 16.44954 09 41 27.62 +12 48 37.1          21.5 GV~9M8RF51
     K19SS1F ZC2021 01 16.46061 09 41 27.20 +12 48 39.2          21.9 GV~9M8RF51
     K19SS1F ZC2021 01 16.47174 09 41 26.77 +12 48 41.2                V~9M8RF51
     K19SS2Q ZC2021 01 07.42096 08 22 23.26 +06 30 06.3                V~9OfQF51
     K19SS2Q ZC2021 01 07.43401 08 22 22.67 +06 30 06.5          21.2 GV~9OfQF51
     K19SS2Q ZC2021 01 07.44707 08 22 22.08 +06 30 07.0          21.2 GV~9OfQF51
     K19SS2Q ZC2021 01 07.46138 08 22 21.44 +06 30 07.4          21.0 GV~9OfQF51
     K19SS2W ZC2025 10 16.41581 01 23 47.97 -12 52 24.9          21.3 GV~9OfRF51
     K19SS2W ZC2025 10 16.42566 01 23 47.62 -12 52 31.2          22.0 GV~9OfRF51
     K19SS2W ZC2025 10 16.43555 01 23 47.17 -12 52 37.3          21.8 GV~9OfRF51
     K19SS2X ZC2025 10 30.32769 02 58 24.33 +18 18 18.9          21.9 GV~9OfRF51
     K19SS2X ZC2025 10 30.33804 02 58 23.88 +18 18 15.8                V~9OfRF51
     K19SS2X ZC2025 10 30.35882 02 58 22.90 +18 18 09.5          22.0 GV~9OfRF51
     K19SS5E ZC2019 09 25.52081 02 05 40.86 +06 19 28.0          21.9 GV~9OfXF51
     K19SS5E ZC2019 09 25.53353 02 05 40.51 +06 19 22.8          21.8 GV~9OfXF51
     K19SS5E ZC2019 09 25.54621 02 05 40.09 +06 19 17.7                V~9OfXF51
     K19SS5E ZC2019 09 25.55896 02 05 39.73 +06 19 12.6          22.3 GV~9OfXF51
     K19T38H ZC2025 09 18.47385 01 55 25.36 +04 17 44.5          21.3 GV~9JjVF52
     K19T38H ZC2025 09 18.48626 01 55 24.92 +04 17 44.7          22.3 GV~9JjVF52
     K19T38H ZC2025 09 18.49870 01 55 24.45 +04 17 44.6          21.7 GV~9JjVF52
     K19T38H ZC2025 09 18.51115 01 55 24.00 +04 17 44.7          21.4 GV~9JjVF52
     K19TA6W ZC2024 06 28.48905 20 27 20.25 -16 23 54.0                V~9DHVF51
     K19TA6W ZC2024 06 28.50077 20 27 19.86 -16 23 57.4          22.1 GV~9DHVF51
     K19TA6W ZC2024 06 28.51249 20 27 19.47 -16 24 00.3          21.8 GV~9DHVF51
     K19TA6W ZC2024 06 28.52418 20 27 19.09 -16 24 03.5          22.1 GV~9DHVF51
     K19TA6X ZC2025 08 23.48818 23 51 42.63 -13 02 33.4                V~9H5UF51
     K19TA6X ZC2025 08 23.49901 23 51 42.23 -13 02 36.2                V~9H5UF51
     K19TA6X ZC2025 08 23.51000 23 51 41.87 -13 02 39.2          21.4 GV~9H5UF51
     K19TA6X ZC2025 08 23.52081 23 51 41.50 -13 02 41.7                V~9H5UF51
     K19TA7D ZC2025 10 19.55057 03 35 38.45 +14 21 38.1          21.6 GV~9M8UF51
     K19TA7D ZC2025 10 19.56274 03 35 37.98 +14 21 37.8          21.6 GV~9M8UF51
     K19TA7D ZC2025 10 19.57491 03 35 37.47 +14 21 38.0          21.7 GV~9M8UF51
     K19TA7F ZC2025 11 23.50741 04 14 26.64 +21 04 06.8          21.9 GV~9OfpF51
     K19TA7F ZC2025 11 23.52115 04 14 25.78 +21 04 09.5          22.4 GV~9OfpF51
     K19TA7F ZC2025 11 23.53482 04 14 24.97 +21 04 12.1          21.8 GV~9OfpF51
     K19TA9P ZC2025 11 28.51850 04 28 14.57 +13 16 03.4          22.9 GV~9OfwF51
     K19TA9P ZC2025 11 28.53040 04 28 13.96 +13 16 00.2          22.4 GV~9OfwF51
     K19TA9P ZC2025 11 28.54229 04 28 13.35 +13 15 57.2          22.7 GV~9OfwF51
     K19U41T ZC2024 11 27.35187 04 08 55.10 +14 28 25.7          21.8 GV~9Og0F52
     K19U41T ZC2024 11 27.36340 04 08 54.40 +14 28 25.5          22.0 GV~9Og0F52
     K19U41T ZC2024 11 27.37487 04 08 53.76 +14 28 25.0          21.9 GV~9Og0F52
     K19U41T ZC2024 11 27.38634 04 08 53.07 +14 28 25.1                V~9Og0F52
     K19UH9G ZC2011 11 22.29119203 26 03.168+19 20 27.60         22.3 gW~9M8YF51
     K19UH9G ZC2011 11 22.30265303 26 02.496+19 20 24.72         22.3 gW~9M8YF51
     K19UH9G ZC2013 02 10.47807910 05 59.760+08 40 29.64         22.5 gW~9M8YF51
     K19UH9G ZC2013 02 10.49131310 05 59.040+08 40 33.24         22.5 gW~9M8YF51
     K19UK5F ZC2019 09 24.53546 01 22 04.97 +15 22 45.7          22.4 GV~9OgNF51
     K19UK5F ZC2019 09 24.54882 01 22 04.48 +15 22 42.1                V~9OgNF51
     K19UK5F ZC2019 09 24.56222 01 22 03.98 +15 22 38.5          22.1 GV~9OgNF51
     K19UK5F ZC2019 09 24.57553 01 22 03.50 +15 22 34.9          22.0 GV~9OgNF51
     K19V42G ZC2011 01 05.31853905 32 40.200+16 20 22.20         22.3 gW~9JjbF51
     K19V42G ZC2011 01 05.33048405 32 39.624+16 20 21.84         22.3 gW~9JjbF51
     K19V42G ZC2014 08 19.48548723 51 49.560+04 59 35.52         22.7 iW~9JjbF51
     K19V42G ZC2014 08 19.49671723 51 49.248+04 59 33.72         22.7 iW~9JjbF51
     K19V65M ZC2011 01 27.55730309 50 37.848+20 19 06.24         23.0 rW~9JjbF51
     K19V65M ZC2011 01 27.56902709 50 37.272+20 19 08.40         23.0 rW~9JjbF51
     K19V65M ZC2013 08 24.40326021 06 05.448-23 33 43.92         23.3 iW~9JjbF51
     K19V65M ZC2013 08 24.41381921 06 04.944-23 33 44.28         23.3 iW~9JjbF51
     K20A30J ZC2010 01 11.43328109 27 03.576+11 59 21.12         23.0 rW~9JjcF51
     K20A30J ZC2010 01 11.44180909 27 03.264+11 59 22.56         23.0 rW~9JjcF51
     K20A30J ZC2010 01 24.40419309 17 56.544+12 40 00.48         22.7 rW~9JjcF51
     K20A30J ZC2010 01 24.41270509 17 56.112+12 40 02.28         22.7 rW~9JjcF51
     K20A30J ZC2011 05 21.45837615 56 39.600-17 54 32.40         22.0 rW~9JjcF51
     K20A30J ZC2011 05 21.47358915 56 38.784-17 54 29.52         22.0 rW~9JjcF51
     K20A30J ZC2011 05 29.36444615 49 55.896-17 29 38.04         22.2 gW~9JjcF51
     K20A30J ZC2011 05 29.37977215 49 55.080-17 29 35.52         22.2 gW~9JjcF51
     K20A30J ZC2011 06 06.44939515 43 31.488-17 06 27.00         22.4 gW~9JjcF51
     K20A30J ZC2011 06 06.46472815 43 30.768-17 06 24.84         22.4 gW~9JjcF51
     K20BI0U ZC2023 09 11.37750 00 39 52.79 +10 30 55.7          22.3 GV~9OguF52
     K20BI0U ZC2023 09 11.39911 00 39 51.97 +10 30 51.5          22.4 GV~9OguF52
     K20BI0U ZC2023 09 11.40995 00 39 51.55 +10 30 49.5          22.5 GV~9OguF52
     K20HL4K ZC2021 10 30.39204 02 45 21.98 +08 46 21.9          21.6 GV~9DHgF51
     K20HL4K ZC2021 10 30.41282 02 45 20.75 +08 46 15.9          21.7 GV~9DHgF51
     K20HL4K ZC2021 10 30.42551 02 45 19.99 +08 46 11.8                V~9DHgF51
     K20HL4K ZC2021 10 30.43820 02 45 19.20 +08 46 08.8                V~9DHgF51
     K20HL5J ZC2024 10 08.33806 01 41 19.96 +11 43 06.5          22.2 GV~9OhFF51
     K20HL5J ZC2024 10 08.37215 01 41 17.74 +11 42 58.7          22.3 GV~9OhFF51
     K20HL6K ZC2024 03 06.34959 11 29 08.68 +13 54 11.6          22.2 GV~9OhIF51
     K20HL6K ZC2024 03 06.36140 11 29 08.05 +13 54 16.2          22.1 GV~9OhIF51
     K20HL6K ZC2024 03 06.37308 11 29 07.47 +13 54 21.2                V~9OhIF51
     K20HL6K ZC2024 03 06.38485 11 29 06.83 +13 54 25.7          22.0 GV~9OhIF51
     K20K65G ZC2025 10 15.51455 02 43 53.01 +02 39 50.3          22.2 GV~9M8oF51
     K20K65G ZC2025 10 15.52668 02 43 52.27 +02 39 50.9          22.4 GV~9M8oF51
     K20K70Z ZC2025 07 20.45886 21 58 02.24 -28 39 09.5                V~9OhVF52
     K20K70Z ZC2025 07 20.46965 21 58 01.90 -28 39 16.8          22.7 GV~9OhVF52
     K20K70Z ZC2025 07 20.48046 21 58 01.55 -28 39 24.5          22.7 GV~9OhVF52
     K20K70Z ZC2025 07 20.49124 21 58 01.20 -28 39 32.0                V~9OhVF52
     K20L26O ZC2025 09 18.47385 01 56 47.37 +04 57 40.7          21.6 GV~9JjnF52
     K20L26O ZC2025 09 18.48626 01 56 46.93 +04 57 37.3          22.6 GV~9JjnF52
     K20L26O ZC2025 09 18.49870 01 56 46.51 +04 57 34.3          22.6 GV~9JjnF52
     K20L26O ZC2025 09 18.51115 01 56 46.10 +04 57 30.7          21.5 GV~9JjnF52
     K20M66K ZC2024 06 07.29178 13 54 04.25 -19 16 20.0                V~9DHpF52
     K20M66K ZC2024 06 07.30293 13 54 04.03 -19 16 15.4          22.8 GV~9DHpF52
     K20M66K ZC2024 06 07.31407 13 54 03.88 -19 16 10.4          22.7 GV~9DHpF52
     K20OE3T ZC2025 08 23.49748 23 56 16.21 -09 47 02.2                V~9H61F51
     K20OE3T ZC2025 08 23.51930 23 56 15.43 -09 47 09.8                V~9H61F51
     K20OE3T ZC2025 08 23.53011 23 56 15.08 -09 47 13.3          21.7 GV~9H61F51
     K20OE4G ZC2025 09 18.47385 01 54 04.08 +04 53 50.4          21.6 GV~9JjrF52
     K20OE4G ZC2025 09 18.48626 01 54 03.65 +04 53 48.8          22.1 GV~9JjrF52
     K20OE4G ZC2025 09 18.49870 01 54 03.21 +04 53 47.4          22.0 GV~9JjrF52
     K20OE4G ZC2025 09 18.51115 01 54 02.78 +04 53 45.9          21.2 GV~9JjrF52
     K20OE5C ZC2025 08 23.49748 23 52 22.14 -09 49 30.3                V~9H61F51
     K20OE5C ZC2025 08 23.50831 23 52 21.77 -09 49 33.8                V~9H61F51
     K20OE5C ZC2025 08 23.51930 23 52 21.37 -09 49 37.6          22.0 GV~9H61F51
     K20P53M ZC2025 08 23.48894 23 53 31.68 -13 45 56.7                V~9JjsF51
     K20P53M ZC2025 08 23.49978 23 53 31.22 -13 45 58.4                V~9JjsF51
     K20P53M ZC2025 08 23.51077 23 53 30.70 -13 46 00.0          21.7 GV~9JjsF51
     K20P89E ZC2025 09 16.47275 00 55 21.97 +03 28 02.0          21.1 GV~9JjtF51
     K20P89E ZC2025 09 16.50362 00 55 20.75 +03 27 50.1          21.7 GV~9JjtF51
     K20P89E ZC2025 09 16.51567 00 55 20.28 +03 27 46.4          20.9 GV~9JjtF51
     K20PC1A ZC2025 11 28.52316 04 54 08.07 +13 23 30.1          22.5 GV~9OiHF51
     K20PC1A ZC2025 11 28.53505 04 54 07.35 +13 23 30.1                V~9OiHF51
     K20PC1A ZC2025 11 28.54695 04 54 06.61 +13 23 30.2          22.2 GV~9OiHF51
     K20PC1A ZC2025 11 28.55887 04 54 05.88 +13 23 30.2                V~9OiHF51
     K20PC7X ZC2020 07 17.41629 20 22 52.07 -09 31 07.9          22.0 GV~9H66F51
     K20PC7X ZC2020 07 17.43058 20 22 51.31 -09 31 09.1          22.1 GV~9H66F51
     K20PC7X ZC2020 07 17.45909 20 22 49.83 -09 31 11.4          22.2 GV~9H66F51
     K20PC8A ZC2025 09 23.40616 01 59 42.80 +02 15 16.4                V~9JjuF52
     K20PC8A ZC2025 09 23.41768 01 59 42.40 +02 15 14.1                V~9JjuF52
     K20PC8A ZC2025 09 23.42924 01 59 41.97 +02 15 12.0                V~9JjuF52
     K20PC8A ZC2025 09 23.44082 01 59 41.54 +02 15 09.6          22.0 GV~9JjuF52
     K20PC8J ZC2025 08 19.48571 23 56 16.25 -05 22 30.3          21.6 GV~9M8uF51
     K20PC8J ZC2025 08 19.49685 23 56 15.94 -05 22 33.3          21.5 GV~9M8uF51
     K20PC8J ZC2025 08 19.50819 23 56 15.62 -05 22 36.0          21.0 GV~9M8uF51
     K20PC8J ZC2025 08 19.51935 23 56 15.31 -05 22 38.9          21.6 GV~9M8uF51
     K20PC8L ZC2025 10 15.42867 03 04 32.64 +11 07 48.8          22.4 GV~9M8vF51
     K20PC8L ZC2025 10 15.43981 03 04 32.16 +11 07 47.0          22.6 GV~9M8vF51
     K20PC8L ZC2025 10 15.45095 03 04 31.65 +11 07 45.5          21.6 GV~9M8vF51
     K20PC8L ZC2025 10 19.54179 03 01 30.80 +10 56 28.8          21.5 GV~9M8vF51
     K20PC8L ZC2025 10 19.55395 03 01 30.22 +10 56 26.6                V~9M8vF51
     K20PC8L ZC2025 10 19.56611 03 01 29.63 +10 56 24.3          21.9 GV~9M8vF51
     K20Q40Z ZC2024 11 02.39665 03 10 09.12 +11 11 43.7          22.5 GV~9OiUF52
     K20Q40Z ZC2024 11 02.40797 03 10 08.39 +11 11 41.4          22.5 GV~9OiUF52
     K20Q40Z ZC2024 11 02.41935 03 10 07.64 +11 11 39.0                V~9OiUF52
     K20Q40Z ZC2024 11 02.43078 03 10 06.89 +11 11 36.6          22.5 GV~9OiUF52
     K20Q99G ZC2025 10 15.49359 02 48 46.81 +05 40 29.3          21.6 GV~9M8xF51
     K20Q99G ZC2025 10 15.50570 02 48 46.24 +05 40 26.0          21.9 GV~9M8xF51
     K20Q99G ZC2025 10 15.51781 02 48 45.69 +05 40 22.7          22.0 GV~9M8xF51
     K20Q99G ZC2025 10 15.52992 02 48 45.11 +05 40 20.3          21.8 GV~9M8xF51
     K20QC1J ZC2020 08 13.41789 22 15 17.10 -04 33 17.1          22.0 GV~9DI7F51
     K20QC1J ZC2020 08 13.42964 22 15 16.52 -04 33 19.3          22.1 GV~9DI7F51
     K20QC1J ZC2020 08 13.44137 22 15 15.95 -04 33 21.7                V~9DI7F51
     K20QC1X ZC2025 09 23.40742 01 47 23.80 +07 40 06.3          22.8 GV~9JjxF52
     K20QC1X ZC2025 09 23.41894 01 47 23.41 +07 40 03.5                V~9JjxF52
     K20QC1X ZC2025 09 23.43053 01 47 22.99 +07 40 00.3          21.6 GV~9JjxF52
     K20QC2C ZC2025 09 20.46903 01 42 10.17 -00 56 55.9                V~9JjyF51
     K20QC2C ZC2025 09 20.48099 01 42 09.85 -00 57 04.2                V~9JjyF51
     K20QC2C ZC2025 09 20.49298 01 42 09.52 -00 57 12.1          21.8 GV~9JjyF51
     K20QC2C ZC2025 09 20.50499 01 42 09.21 -00 57 20.2          22.1 GV~9JjyF51
     K20QC2E ZC2025 10 13.56300 02 40 16.72 +24 52 50.8          21.6 GV~9M8xF51
     K20QC2E ZC2025 10 13.57724 02 40 16.07 +24 52 52.8          21.4 GV~9M8xF51
     K20QC2E ZC2025 10 13.59148 02 40 15.43 +24 52 55.4          21.3 GV~9M8xF51
     K20QC2E ZC2025 10 13.60570 02 40 14.80 +24 52 57.6          21.1 GV~9M8xF51
     K20QC4X ZC2020 08 13.41065 22 32 26.48 -02 19 52.6          22.6 GV~9OijF51
     K20QC4X ZC2020 08 13.42240 22 32 26.04 -02 19 57.0          22.5 GV~9OijF51
     K20QC4X ZC2020 08 13.43413 22 32 25.61 -02 20 01.6          22.3 GV~9OijF51
     K20QC4X ZC2020 08 13.44587 22 32 25.18 -02 20 05.9                V~9OijF51
     K20QC4Y ZC2020 08 14.54173 23 13 36.74 -14 08 35.9          21.7 GV~9OijF51
     K20QC4Y ZC2020 08 14.55289 23 13 36.44 -14 08 43.4          22.0 GV~9OijF51
     K20QC4Y ZC2020 08 14.56407 23 13 36.15 -14 08 50.8          22.2 GV~9OijF51
     K20QC4Y ZC2020 08 14.57528 23 13 35.85 -14 08 58.4          21.8 GV~9OijF51
     K20RD9M ZC2025 08 25.43471 22 33 48.48 -03 48 57.1          21.7 GV~9DIBF51
     K20RD9M ZC2025 08 25.44674 22 33 47.96 -03 49 01.5          21.8 GV~9DIBF51
     K20RD9M ZC2025 08 25.45876 22 33 47.46 -03 49 06.8                V~9DIBF51
     K20RI5S ZC2025 09 15.37365 00 08 47.16 +07 34 05.6          21.5 GV~9DICF52
     K20RI5S ZC2025 09 15.38391 00 08 46.68 +07 33 47.0          21.2 GV~9DICF52
     K20RI5S ZC2025 09 15.39419 00 08 46.20 +07 33 28.6          21.2 GV~9DICF52
     K20RI5S ZC2025 09 15.40450 00 08 45.72 +07 33 10.0                V~9DICF52
     K20RI6V ZC2025 09 16.42722 01 02 59.19 -08 58 35.0          22.1 GV~9Jk2F51
     K20RI6V ZC2025 09 16.43825 01 02 58.74 -08 58 38.8          22.0 GV~9Jk2F51
     K20RI6V ZC2025 09 16.46033 01 02 57.85 -08 58 46.3          21.7 GV~9Jk2F51
     K20RI6W ZC2025 09 16.42594 00 52 58.94 -12 43 35.6          21.5 GV~9Jk2F51
     K20RI6W ZC2025 09 16.43696 00 52 58.48 -12 43 39.6          21.6 GV~9Jk2F51
     K20RI6W ZC2025 09 16.44801 00 52 58.03 -12 43 43.6          21.2 GV~9Jk2F51
     K20RI6W ZC2025 09 16.45905 00 52 57.56 -12 43 47.6          21.6 GV~9Jk2F51
     K20RI8X ZC2025 09 23.40742 01 55 21.82 +08 22 21.4          21.1 GV~9Oj6F52
     K20RI8X ZC2025 09 23.41894 01 55 21.38 +08 22 20.3                V~9Oj6F52
     K20RI8X ZC2025 09 23.43053 01 55 20.94 +08 22 19.0          22.1 GV~9Oj6F52
     K20RJ0F ZC2025 09 23.40616 01 59 32.26 +03 26 58.3          22.7 GV~9OjBF52
     K20RJ0F ZC2025 09 23.41768 01 59 31.88 +03 26 54.7                V~9OjBF52
     K20RJ0F ZC2025 09 23.44082 01 59 31.10 +03 26 47.3          22.5 GV~9OjBF52
     K20SC5Y ZC2025 08 25.44479 22 18 33.51 -06 42 39.3          21.6 GV~9DIGF51
     K20SC5Y ZC2025 08 25.45680 22 18 32.84 -06 42 40.6          21.5 GV~9DIGF51
     K20SC9C ZC2025 08 19.48700 23 44 37.45 -07 39 40.2          21.9 GV~9H6DF51
     K20SC9C ZC2025 08 19.49815 23 44 37.11 -07 39 44.7          21.6 GV~9H6DF51
     K20SC9C ZC2025 08 19.50950 23 44 36.82 -07 39 49.1          21.4 GV~9H6DF51
     K20SC9K ZC2025 09 23.40742 01 52 27.42 +06 17 54.9          22.5 GV~9Jk5F52
     K20SC9K ZC2025 09 23.41894 01 52 27.13 +06 17 50.4          22.4 GV~9Jk5F52
     K20SC9K ZC2025 09 23.43053 01 52 26.82 +06 17 45.6                V~9Jk5F52
     K20SC9K ZC2025 09 23.44208 01 52 26.53 +06 17 41.2                V~9Jk5F52
     K20SD1K ZC2025 08 25.41179 22 13 55.82 -07 55 09.1          21.8 GV~9OjWF51
     K20SD1K ZC2025 08 25.43277 22 13 54.72 -07 55 10.2                V~9OjWF51
     K20SD1K ZC2025 08 25.44479 22 13 54.06 -07 55 10.4                V~9OjWF51
     K20SD1K ZC2025 08 25.45680 22 13 53.41 -07 55 11.2          21.7 GV~9OjWF51
     K20T18S ZC2025 08 19.48374 23 44 27.71 -01 56 41.2          21.9 GV~9OjbF51
     K20T18S ZC2025 08 19.49490 23 44 27.34 -01 56 43.1          21.7 GV~9OjbF51
     K20T18S ZC2025 08 19.50622 23 44 27.02 -01 56 44.9          22.1 GV~9OjbF51
     K20TB5S ZC2025 08 25.41906 22 42 11.33 -01 16 34.5                V~9DIMF51
     K20TB5S ZC2025 08 25.44004 22 42 10.37 -01 16 39.3                V~9DIMF51
     K20TB5S ZC2025 08 25.45206 22 42 09.84 -01 16 42.2                V~9DIMF51
     K20TB5S ZC2025 08 25.46409 22 42 09.28 -01 16 44.9          21.2 GV~9DIMF51
     K20TB9D ZC2020 10 20.55278 03 19 59.44 +18 48 17.5          21.8 GV~9DINF51
     K20TB9D ZC2020 10 20.56501 03 19 58.93 +18 48 13.7          21.8 GV~9DINF51
     K20TB9D ZC2020 10 20.57726 03 19 58.39 +18 48 09.9          22.1 GV~9DINF51
     K20TB9D ZC2020 10 20.58955 03 19 57.87 +18 48 06.0                V~9DINF51
     K20TB9F ZC2025 10 30.32510 02 39 26.60 +22 46 11.9          21.7 GV~9OjqF51
     K20TB9F ZC2025 10 30.33546 02 39 26.08 +22 46 08.5          21.4 GV~9OjqF51
     K20TB9F ZC2025 10 30.34582 02 39 25.55 +22 46 03.0          21.8 GV~9OjqF51
     K20TB9F ZC2025 10 30.35622 02 39 25.02 +22 45 58.7          21.8 GV~9OjqF51
     K20TB9H ZC2025 08 18.45325 22 44 48.75 -05 09 17.8          21.9 GV~9H6GF51
     K20TB9H ZC2025 08 18.46465 22 44 48.23 -05 09 18.8          22.0 GV~9H6GF51
     K20TB9H ZC2025 08 18.47609 22 44 47.69 -05 09 19.5          21.8 GV~9H6GF51
     K20TB9H ZC2025 08 18.48750 22 44 47.14 -05 09 20.5                V~9H6GF51
     K20TC0D ZC2025 09 14.43091 01 49 11.73 +15 01 34.7          21.5 GV~9Jk8F52
     K20TC0D ZC2025 09 14.44376 01 49 11.38 +15 01 36.5          22.3 GV~9Jk8F52
     K20TC0D ZC2025 09 14.45658 01 49 11.01 +15 01 38.1          21.8 GV~9Jk8F52
     K20TC0D ZC2025 09 14.46945 01 49 10.65 +15 01 39.6          21.9 GV~9Jk8F52
     K20TC0G ZC2025 09 15.38002 00 50 49.27 +16 06 11.7          21.7 GV~9Jk8F52
     K20TC0G ZC2025 09 15.39027 00 50 48.90 +16 06 09.0          21.8 GV~9Jk8F52
     K20TC1K ZC2025 08 18.45051 22 41 39.44 -01 11 02.6          21.8 GV~9OjtF51
     K20TC1K ZC2025 08 18.46193 22 41 39.00 -01 11 07.1                V~9OjtF51
     K20TC1K ZC2025 08 18.47337 22 41 38.53 -01 11 11.7          22.0 GV~9OjtF51
     K20TC1K ZC2025 08 18.48478 22 41 38.09 -01 11 16.0                V~9OjtF51
     K20U95O ZC2025 09 20.46314 01 02 19.30 -08 56 52.7          22.1 GV~9DITF51
     K20U95O ZC2025 09 20.47507 01 02 18.69 -08 56 54.3                V~9DITF51
     K20U95O ZC2025 09 20.48707 01 02 18.10 -08 56 56.0          22.5 GV~9DITF51
     K20U95O ZC2025 09 20.49908 01 02 17.51 -08 56 58.2          22.0 GV~9DITF51
     K20U95T ZC2025 08 17.43469 22 30 52.49 -25 11 08.6          21.2 GV~9H6LF51
     K20U95T ZC2025 08 17.44511 22 30 51.99 -25 11 10.9          20.9 GV~9H6LF51
     K20U95T ZC2025 08 17.45553 22 30 51.48 -25 11 13.4          20.5 GV~9H6LF51
     K20U95T ZC2025 08 17.46590 22 30 50.97 -25 11 15.7          21.1 GV~9H6LF51
     K20U95X ZC2025 10 13.56225 02 36 18.42 +20 20 12.4          21.5 GV~9M98F51
     K20U95X ZC2025 10 13.57651 02 36 17.80 +20 20 08.2          21.4 GV~9M98F51
     K20U95X ZC2025 10 13.59076 02 36 17.24 +20 20 04.0          21.9 GV~9M98F51
     K20U95X ZC2025 10 13.60498 02 36 16.66 +20 19 59.7          21.1 GV~9M98F51
     K20U96F ZC2025 09 23.40742 01 56 38.46 +07 09 20.2          21.9 GV~9JkAF52
     K20U96F ZC2025 09 23.41894 01 56 38.05 +07 09 19.0          22.3 GV~9JkAF52
     K20U96F ZC2025 09 23.43053 01 56 37.62 +07 09 17.9          22.6 GV~9JkAF52
     K20U97A ZC2020 10 15.58260 03 24 11.56 +22 34 41.7          22.0 GV~9Ok9F51
     K20U97A ZC2020 10 15.59529 03 24 11.00 +22 34 45.2          22.1 GV~9Ok9F51
     K20U97A ZC2020 10 15.60794 03 24 10.45 +22 34 48.5                V~9Ok9F51
     K20U97A ZC2020 10 15.62062 03 24 09.91 +22 34 51.8                V~9Ok9F51
     K20U97Z ZC2025 08 19.49620 23 47 55.25 -01 10 16.7          21.7 GV~9OkCF51
     K20U97Z ZC2025 08 19.50754 23 47 54.95 -01 10 18.9          21.4 GV~9OkCF51
     K20U97Z ZC2025 08 19.51870 23 47 54.59 -01 10 20.5          21.6 GV~9OkCF51
     K20U98B ZC2025 11 28.52391 04 50 02.74 +15 40 59.2          21.5 GV~9OkCF51
     K20U98B ZC2025 11 28.53581 04 50 02.04 +15 40 59.1                V~9OkCF51
     K20U98B ZC2025 11 28.54770 04 50 01.34 +15 40 59.0          21.7 GV~9OkCF51
     K20U98B ZC2025 11 28.55963 04 50 00.64 +15 40 58.8                V~9OkCF51
     K20U98D ZC2020 10 20.55148 03 24 13.80 +20 34 44.0          22.4 GV~9OkCF51
     K20U98D ZC2020 10 20.56373 03 24 13.31 +20 34 42.6          22.6 GV~9OkCF51
     K20U98M ZC2024 08 10.42449 21 15 03.29 -18 01 24.0          22.4 GV~9OkDF52
     K20U98M ZC2024 08 10.43567 21 15 02.69 -18 01 27.8          22.4 GV~9OkDF52
     K20U98M ZC2024 08 10.44685 21 15 02.10 -18 01 32.1          22.6 GV~9OkDF52
     K20U98M ZC2024 08 10.45802 21 15 01.52 -18 01 36.2                V~9OkDF52
     K20U98Q*ZC2020 10 20.55623 03 36 48.16 +16 54 23.1          22.7 GV~9OkEF51
     K20U98Q ZC2020 10 20.56847 03 36 47.68 +16 54 22.4          22.7 GV~9OkEF51
     K20U98Q ZC2020 10 20.58071 03 36 47.17 +16 54 21.5                V~9OkEF51
     K20U98Q ZC2020 10 20.59300 03 36 46.68 +16 54 20.4          22.5 GV~9OkEF51
     K20U98S ZC2020 10 15.58124 03 07 19.15 +21 54 09.9          22.0 GV~9OkEF51
     K20U98S ZC2020 10 15.59391 03 07 18.61 +21 54 07.7          22.6 GV~9OkEF51
     K20U98S ZC2020 10 15.60656 03 07 18.09 +21 54 05.3          22.2 GV~9OkEF51
     K20U98S ZC2020 10 15.61922 03 07 17.52 +21 54 02.7                V~9OkEF51
     K20V23U ZC2019 07 26.42368 21 01 03.43 -24 23 20.4          22.2 GV~9DIUF51
     K20V23U ZC2019 07 26.43573 21 01 02.83 -24 23 25.7                V~9DIUF51
     K20V23U ZC2019 07 26.44776 21 01 02.25 -24 23 31.3          22.0 GV~9DIUF51
     K20V42A*ZC2020 11 13.54329 04 46 40.66 +14 38 41.7          21.2 GV~9DIVF51
     K20V42A ZC2020 11 13.55456 04 46 40.13 +14 38 43.0          21.1 GV~9DIVF51
     K20V42A ZC2020 11 13.56585 04 46 39.58 +14 38 44.1          20.8 GV~9DIVF51
     K20V42A ZC2020 11 13.57716 04 46 39.02 +14 38 45.4          20.8 GV~9DIVF51
     K20W36D ZC2025 08 23.48894 23 53 22.97 -13 10 17.6          21.5 GV~9H6RF51
     K20W36D ZC2025 08 23.49978 23 53 22.50 -13 10 18.7                V~9H6RF51
     K20W36D ZC2025 08 23.52157 23 53 21.59 -13 10 21.8                V~9H6RF51
     K20W37P ZC2025 09 18.41499 02 00 48.36 +16 27 38.4          21.2 GV~9JkDF52
     K20W37P ZC2025 09 18.44028 02 00 47.98 +16 27 33.5          21.3 GV~9JkDF52
     K20W37P ZC2025 09 18.45295 02 00 47.79 +16 27 30.7          20.8 GV~9JkDF52
     K20W37V ZC2025 09 16.47409 00 33 47.59 +01 30 30.8                V~9H6SF51
     K20W37V ZC2025 09 16.50492 00 33 46.28 +01 30 23.7                V~9H6SF51
     K20W37V ZC2025 09 16.51695 00 33 45.73 +01 30 21.1                V~9H6SF51
     K20W37V ZC2025 09 16.52906 00 33 45.22 +01 30 18.3          21.7 GV~9H6SF51
     K20W38T ZC2025 10 30.36973 02 56 04.37 +12 42 17.2          21.0 GV~9OkTF51
     K20W38T ZC2025 10 30.38323 02 56 03.57 +12 42 17.7          21.2 GV~9OkTF51
     K20W38T ZC2025 10 30.39663 02 56 02.80 +12 42 18.1                V~9OkTF51
     K20W38T ZC2025 10 30.41003 02 56 02.00 +12 42 18.8          21.6 GV~9OkTF51
     K20W38Y ZC2020 11 19.52883 04 49 04.73 +24 27 05.1          21.8 GV~9OkUF51
     K20W38Y ZC2020 11 19.54146 04 49 04.08 +24 27 06.3                V~9OkUF51
     K20W38Y ZC2020 11 19.55408 04 49 03.41 +24 27 07.3          21.6 GV~9OkUF51
     K20X35J ZC2025 09 18.47385 01 57 37.80 +04 07 58.7          21.7 GV~9JkEF52
     K20X35J ZC2025 09 18.48626 01 57 37.52 +04 07 52.3          22.2 GV~9JkEF52
     K20X35J ZC2025 09 18.49870 01 57 37.25 +04 07 45.4          21.6 GV~9JkEF52
     K20X35J ZC2025 09 18.51115 01 57 36.98 +04 07 39.1          21.1 GV~9JkEF52
     K20X35L ZC2025 08 25.41438 22 31 04.64 -06 24 43.8          21.8 GV~9DIbF51
     K20X35L ZC2025 08 25.43536 22 31 03.56 -06 24 44.9                V~9DIbF51
     K20X35L ZC2025 08 25.45941 22 31 02.30 -06 24 46.2          22.1 GV~9DIbF51
     K20X35N ZC2025 09 14.42901 01 46 46.85 +13 07 44.5          22.2 GV~9JkEF52
     K20X35N ZC2025 09 14.44185 01 46 46.44 +13 07 46.2          22.1 GV~9JkEF52
     K20X35N ZC2025 09 14.45462 01 46 46.06 +13 07 47.5          21.8 GV~9JkEF52
     K20X35N ZC2025 09 14.46755 01 46 45.65 +13 07 49.0          22.3 GV~9JkEF52
     K20X35V ZC2025 09 23.40616 01 58 43.28 +01 20 19.0          21.9 GV~9JkFF52
     K20X35V ZC2025 09 23.41768 01 58 42.85 +01 20 17.3                V~9JkFF52
     K20X35V ZC2025 09 23.42924 01 58 42.44 +01 20 15.9                V~9JkFF52
     K20X35V ZC2025 09 23.44082 01 58 42.00 +01 20 14.5          22.6 GV~9JkFF52
     K20X36W ZC2020 11 14.54190 04 38 34.21 +23 31 36.3                V~9OkbF51
     K20X36W ZC2020 11 14.55372 04 38 33.63 +23 31 35.2                V~9OkbF51
     K20X36W ZC2020 11 14.56555 04 38 33.03 +23 31 34.4          21.2 GV~9OkbF51
     K20X36W ZC2020 11 14.57740 04 38 32.43 +23 31 33.0                V~9OkbF51
     K20Y38B ZC2025 02 22.50597 12 20 34.29 -06 30 39.6                V~9OkkF52
     K20Y38B ZC2025 02 22.51889 12 20 33.86 -06 30 36.5                V~9OkkF52
     K20Y38B ZC2025 02 22.53182 12 20 33.42 -06 30 33.0          22.0 GV~9OkkF52
     K21A39Q ZC2021 01 07.42096 08 18 14.37 +06 47 32.5          21.4 GV~9OkuF51
     K21A39Q ZC2021 01 07.43401 08 18 13.65 +06 47 29.2                V~9OkuF51
     K21A39Q ZC2021 01 07.46138 08 18 12.15 +06 47 21.8          21.6 GV~9OkuF51
     K21C69C ZC2010 01 06.38769 07 38 18.41 +16 48 40.1          21.0 rW~9Ol5F51
     K21C69C ZC2010 01 06.39692 07 38 17.81 +16 48 36.9          21.1 rW~9Ol5F51
     K21C69C ZC2010 01 07.39881 07 37 14.32 +16 42 24.5          21.3 rW~9Ol5F51
     K21C69C ZC2010 01 07.40703 07 37 13.78 +16 42 21.4          21.3 rW~9Ol5F51
     K21D08Y ZC2011 02 03.57059 10 47 25.94 +10 43 22.0          21.7 g2~9Ol9F51
     K21D08Y ZC2011 02 03.58267 10 47 25.51 +10 43 26.3          21.9 g2~9Ol9F51
     K21D08Y ZC2011 02 03.60719 10 47 24.59 +10 43 35.2          21.0 r2~9Ol9F51
     K21D08Y ZC2011 02 04.56948 10 46 51.35 +10 49 28.9          21.6 g2~9Ol9F51
     K21D08Y ZC2011 02 04.58222 10 46 50.86 +10 49 33.5          21.0 r2~9Ol9F51
     K21E62P ZC2025 03 29.45859 13 47 31.42 -09 18 23.6          22.0 GV~9OlFF52
     K21E62P ZC2025 03 29.47070 13 47 30.82 -09 18 22.8          22.0 GV~9OlFF52
     K21E62P ZC2025 03 29.48283 13 47 30.21 -09 18 22.2                V~9OlFF52
     K21E62P ZC2025 03 29.49499 13 47 29.60 -09 18 21.6                V~9OlFF52
     K21GD4H ZC2024 09 04.46185 23 23 39.75 -02 22 20.1          21.8 GV~9JkJF52
     K21GD4H ZC2024 09 04.47190 23 23 39.36 -02 22 21.8          22.0 GV~9JkJF52
     K21GD4H ZC2024 09 04.49190 23 23 38.60 -02 22 25.5                V~9JkJF52
     K21GN8K ZC2025 09 23.40679 01 55 33.97 +05 28 58.7          22.3 GV~9JkLF52
     K21GN8K ZC2025 09 23.41831 01 55 33.41 +05 28 55.4                V~9JkLF52
     K21GN8K ZC2025 09 23.42987 01 55 32.86 +05 28 51.7          21.4 GV~9JkLF52
     K21GN8K ZC2025 09 23.44145 01 55 32.32 +05 28 48.2          22.3 GV~9JkLF52
     K21GN9O ZC2025 03 26.45743 14 11 53.93 +00 29 29.5                V~9OlTF52
     K21GN9O ZC2025 03 26.46889 14 11 53.61 +00 29 37.2                V~9OlTF52
     K21GN9O ZC2025 03 26.48037 14 11 53.29 +00 29 44.6          22.1 GV~9OlTF52
     K21GN9O ZC2025 03 26.49188 14 11 52.95 +00 29 52.2          22.4 GV~9OlTF52
     K21GN9P ZC2022 07 25.43059 21 17 55.58 -15 39 01.2                V~9OlTF52
     K21GN9P ZC2022 07 25.44211 21 17 55.08 -15 39 04.9          22.2 GV~9OlTF52
     K21GN9P ZC2022 07 25.45365 21 17 54.60 -15 39 08.3          22.3 GV~9OlTF52
     K21GN9P ZC2022 07 25.46521 21 17 54.09 -15 39 12.1          22.3 GV~9OlTF52
     K21H44P ZC2021 04 10.54344 15 08 23.83 -20 47 37.0          21.7 GV~9DIhF51
     K21H44P ZC2021 04 10.55491 15 08 23.31 -20 47 38.3          21.8 GV~9DIhF51
     K21H44P ZC2021 04 10.56640 15 08 22.81 -20 47 39.5          21.9 GV~9DIhF51
     K21H44Y ZC2025 08 17.38618 21 05 07.83 -17 21 11.5          21.2 GV~9OlWF51
     K21H44Y ZC2025 08 17.39731 21 05 07.18 -17 21 13.4          20.7 GV~9OlWF51
     K21H44Y ZC2025 08 17.40842 21 05 06.52 -17 21 15.7          20.8 GV~9OlWF51
     K21H44Y ZC2025 08 17.41954 21 05 05.85 -17 21 17.7          21.3 GV~9OlWF51
     K21J86R ZC2025 08 18.45325 22 45 14.68 -05 37 55.5          21.9 GV~9H74F51
     K21J86R ZC2025 08 18.46465 22 45 14.06 -05 38 00.6          21.9 GV~9H74F51
     K21J86R ZC2025 08 18.47609 22 45 13.42 -05 38 05.0                V~9H74F51
     K21J86R ZC2025 08 18.48750 22 45 12.83 -05 38 09.8                V~9H74F51
     K21J87L ZC2021 04 06.54625 14 26 29.64 -03 07 03.5          21.9 GV~9OlcF51
     K21J87L ZC2021 04 06.55881 14 26 29.11 -03 07 00.3          21.9 GV~9OlcF51
     K21J87L ZC2021 04 06.57135 14 26 28.57 -03 06 57.4          22.2 GV~9OlcF51
     K21K24B ZC2025 09 18.48752 02 01 43.13 +06 59 57.4          21.4 GV~9JkNF52
     K21K24B ZC2025 09 18.49997 02 01 42.90 +06 59 54.5          21.9 GV~9JkNF52
     K21K24B ZC2025 09 18.51243 02 01 42.66 +06 59 51.5          21.1 GV~9JkNF52
     K21K24D ZC2025 08 19.50754 23 46 42.18 -00 03 42.6          20.5 GV~9H76F51
     K21K24D ZC2025 08 19.51870 23 46 41.94 -00 03 48.9          20.9 GV~9H76F51
     K21L52F ZC2025 08 25.41179 22 15 37.33 -07 00 45.3          22.1 GV~9DIjF51
     K21L52F ZC2025 08 25.43277 22 15 36.28 -07 00 56.3          21.7 GV~9DIjF51
     K21L52F ZC2025 08 25.44479 22 15 35.66 -07 01 03.0          22.0 GV~9DIjF51
     K21L52F ZC2025 08 25.45680 22 15 35.03 -07 01 08.9                V~9DIjF51
     K21N12A ZC2025 09 18.47514 01 58 27.80 +07 45 32.1          22.2 GV~9JkNF52
     K21N12A ZC2025 09 18.48752 01 58 27.34 +07 45 29.6          21.7 GV~9JkNF52
     K21N12A ZC2025 09 18.49997 01 58 26.91 +07 45 26.8          22.6 GV~9JkNF52
     K21N12A ZC2025 09 18.51243 01 58 26.48 +07 45 24.5          21.3 GV~9JkNF52
     K21N92Z ZC2025 08 25.41906 22 36 31.28 -02 44 50.8                V~9DInF51
     K21N92Z ZC2025 08 25.44004 22 36 30.08 -02 44 57.7          21.5 GV~9DInF51
     K21N92Z ZC2025 08 25.45206 22 36 29.41 -02 45 01.1          21.4 GV~9DInF51
     K21N92Z ZC2025 08 25.46409 22 36 28.73 -02 45 04.9                V~9DInF51
     K21N93V ZC2025 09 18.47514 02 01 24.55 +05 42 35.6          21.3 GV~9JkOF52
     K21N93V ZC2025 09 18.48752 02 01 24.14 +05 42 32.2          21.4 GV~9JkOF52
     K21N93V ZC2025 09 18.49997 02 01 23.76 +05 42 28.9          21.7 GV~9JkOF52
     K21N94X*ZC2021 07 04.42413 20 44 20.68 -21 48 08.5          21.7 GV~9OltF51
     K21N94X ZC2021 07 04.43451 20 44 20.42 -21 48 15.0          21.6 GV~9OltF51
     K21N94X ZC2021 07 04.44815 20 44 20.07 -21 48 23.3                V~9OltF51
     K21N95J ZC2025 08 23.49748 23 55 53.11 -10 33 36.1                V~9OluF51
     K21N95J ZC2025 08 23.51930 23 55 52.14 -10 33 43.2          21.6 GV~9OluF51
     K21N95J ZC2025 08 23.53011 23 55 51.67 -10 33 46.5                V~9OluF51
     K21O25F ZC2025 09 14.42901 01 49 33.58 +12 52 55.7          21.8 GV~9JkPF52
     K21O25F ZC2025 09 14.44185 01 49 33.22 +12 52 55.7          22.2 GV~9JkPF52
     K21O25F ZC2025 09 14.45462 01 49 32.86 +12 52 56.5          21.6 GV~9JkPF52
     K21O25F ZC2025 09 14.46755 01 49 32.48 +12 52 56.3          22.3 GV~9JkPF52
     K21P17O ZC2025 10 13.55757 02 17 29.24 +20 47 41.4          21.3 GV~9OlzF51
     K21P17O ZC2025 10 13.57183 02 17 28.50 +20 47 35.5          21.2 GV~9OlzF51
     K21P17O ZC2025 10 13.58605 02 17 27.74 +20 47 29.6          21.3 GV~9OlzF51
     K21P17O ZC2025 10 13.60027 02 17 27.00 +20 47 24.3          21.6 GV~9OlzF51
     K21PE5G ZC2025 08 18.45051 22 41 46.44 -01 13 31.3          21.8 GV~9Om7F51
     K21PE5G ZC2025 08 18.46193 22 41 45.94 -01 13 36.1          21.2 GV~9Om7F51
     K21PE5G ZC2025 08 18.47337 22 41 45.43 -01 13 40.6                V~9Om7F51
     K21PE5G ZC2025 08 18.48478 22 41 44.94 -01 13 45.7          22.1 GV~9Om7F51
     K21PE8O ZC2025 10 19.54114 03 01 45.35 +07 27 10.3          21.8 GV~9Om8F51
     K21PE8O ZC2025 10 19.56547 03 01 44.18 +07 27 01.7          21.9 GV~9Om8F51
     K21PE8O ZC2025 10 19.57765 03 01 43.60 +07 26 57.7                V~9Om8F51
     K21PH1D ZC2024 02 15.39850 10 44 07.94 -03 14 50.4          21.7 GV~9Om9F51
     K21PH1D ZC2024 02 15.42175 10 44 06.49 -03 14 53.8          21.9 GV~9Om9F51
     K21PH1D ZC2024 02 15.43338 10 44 05.76 -03 14 55.5          21.8 GV~9Om9F51
     K21PK3U ZC2025 09 18.47195 01 44 11.05 +04 48 51.7          22.2 GV~9DIuF52
     K21PK3U ZC2025 09 18.48436 01 44 10.66 +04 48 49.2          22.0 GV~9DIuF52
     K21PK3U ZC2025 09 18.49678 01 44 10.26 +04 48 46.7          21.8 GV~9DIuF52
     K21PK3U ZC2025 09 18.50925 01 44 09.87 +04 48 44.6                V~9DIuF52
     K21PL4F ZC2025 10 30.32575 02 42 41.79 +19 25 43.5          21.7 GV~9OmCF51
     K21PL4F ZC2025 10 30.33610 02 42 41.13 +19 25 41.1          22.0 GV~9OmCF51
     K21PL4F ZC2025 10 30.34647 02 42 40.47 +19 25 38.4          22.0 GV~9OmCF51
     K21PL4F ZC2025 10 30.35687 02 42 39.85 +19 25 35.7          21.3 GV~9OmCF51
     K21PN0B ZC2025 09 17.43309 01 55 36.80 +20 02 02.7          21.9 GV~9JkSF52
     K21PN0B ZC2025 09 17.44601 01 55 36.39 +20 02 04.5          22.3 GV~9JkSF52
     K21PN0B ZC2025 09 17.45895 01 55 35.98 +20 02 06.2          21.9 GV~9JkSF52
     K21PN0O ZC2025 08 19.48635 23 55 33.61 -07 28 40.1          21.3 GV~9H7IF51
     K21PN0O ZC2025 08 19.49750 23 55 33.23 -07 28 41.7          21.8 GV~9H7IF51
     K21PN0O ZC2025 08 19.50884 23 55 32.85 -07 28 43.1          22.0 GV~9H7IF51
     K21PN0O ZC2025 08 19.51999 23 55 32.47 -07 28 44.7          21.6 GV~9H7IF51
     K21PN1K ZC2025 02 22.49111 12 22 07.40 -00 00 38.2          22.0 GV~9M9eF52
     K21PN1K ZC2025 02 22.50401 12 22 07.05 -00 00 34.7          22.0 GV~9M9eF52
     K21PN1K ZC2025 02 22.51695 12 22 06.72 -00 00 30.4          21.9 GV~9M9eF52
     K21PN1P ZC2025 10 30.32833 02 51 50.05 +17 29 16.6          21.6 GV~9OmFF51
     K21PN1P ZC2025 10 30.33869 02 51 49.43 +17 29 13.4          21.8 GV~9OmFF51
     K21PN1P ZC2025 10 30.34905 02 51 48.84 +17 29 10.6          22.0 GV~9OmFF51
     K21PN2F ZC2025 07 28.42173 20 51 19.71 -05 08 37.3          22.1 GV~9OmGF52
     K21PN2F ZC2025 07 28.43130 20 51 19.19 -05 08 36.8                V~9OmGF52
     K21PN2F ZC2025 07 28.44090 20 51 18.62 -05 08 36.1          22.2 GV~9OmGF52
     K21PN3C ZC2025 08 17.38813 21 29 15.85 -20 22 30.6                V~9OmIF51
     K21PN3C ZC2025 08 17.41037 21 29 14.44 -20 22 30.3          22.3 GV~9OmIF51
     K21PN3C ZC2025 08 17.42149 21 29 13.74 -20 22 30.3          22.1 GV~9OmIF51
     K21Q73A ZC2025 09 18.47514 01 57 20.49 +06 19 14.4          21.9 GV~9JkVF52
     K21Q73A ZC2025 09 18.48752 01 57 20.15 +06 19 09.3          22.3 GV~9JkVF52
     K21Q73A ZC2025 09 18.49997 01 57 19.83 +06 19 04.1          21.6 GV~9JkVF52
     K21Q73A ZC2025 09 18.51243 01 57 19.55 +06 18 58.5          21.1 GV~9JkVF52
     K21Q73A ZC2025 09 23.40679 01 55 06.75 +05 43 07.3          21.7 GV~9JkVF52
     K21Q73A ZC2025 09 23.41831 01 55 06.36 +05 43 01.8                V~9JkVF52
     K21Q73A ZC2025 09 23.42987 01 55 05.97 +05 42 56.6          22.6 GV~9JkVF52
     K21Q73A ZC2025 09 23.44145 01 55 05.59 +05 42 51.4                V~9JkVF52
     K21Q91Y ZC2025 10 19.54114 03 00 38.07 +07 25 46.8          21.5 GV~9OmQF51
     K21Q91Y ZC2025 10 19.55331 03 00 37.41 +07 25 42.7          21.6 GV~9OmQF51
     K21Q91Y ZC2025 10 19.56547 03 00 36.75 +07 25 38.7                V~9OmQF51
     K21QC5A ZC2025 09 23.40226 01 27 44.24 +01 15 26.8          22.3 GV~9DJ0F52
     K21QC5A ZC2025 09 23.42539 01 27 43.32 +01 15 21.0          21.9 GV~9DJ0F52
     K21QC5A ZC2025 09 23.43698 01 27 42.86 +01 15 17.9                V~9DJ0F52
     K21QC5M ZC2025 09 23.40616 01 59 21.00 +02 53 20.3                V~9JkWF52
     K21QC5M ZC2025 09 23.41768 01 59 20.52 +02 53 17.6                V~9JkWF52
     K21QC5M ZC2025 09 23.42924 01 59 20.04 +02 53 14.4          22.4 GV~9JkWF52
     K21QC5M ZC2025 09 23.44082 01 59 19.57 +02 53 11.4                V~9JkWF52
     K21QC6P ZC2025 09 16.47275 00 56 26.21 +01 43 45.9          21.0 GV~9OmUF51
     K21QC6P ZC2025 09 16.50362 00 56 24.93 +01 43 38.4          21.1 GV~9OmVF51
     K21QC6P ZC2025 09 16.51567 00 56 24.44 +01 43 35.5          21.2 GV~9OmVF51
     K21QC6P ZC2025 09 16.52777 00 56 23.96 +01 43 32.5          20.7 GV~9OmVF51
     K21RA5J ZC2025 08 23.49748 23 54 53.71 -10 39 12.3          21.7 GV~9H7OF51
     K21RA5J ZC2025 08 23.50831 23 54 53.34 -10 39 11.2          21.5 GV~9H7OF51
     K21RA5J ZC2025 08 23.51930 23 54 53.01 -10 39 10.1          21.5 GV~9H7OF51
     K21RD6H ZC2025 08 17.38618 21 12 54.55 -18 21 45.0          20.8 GV~9H7OF51
     K21RD6H ZC2025 08 17.39731 21 12 53.88 -18 21 44.5          20.8 GV~9H7OF51
     K21RD6H ZC2025 08 17.40842 21 12 53.20 -18 21 43.8          21.0 GV~9H7OF51
     K21RH3V ZC2025 10 30.32510 02 42 26.78 +23 49 33.1          21.7 GV~9OmlF51
     K21RH3V ZC2025 10 30.33546 02 42 26.17 +23 49 29.2          21.1 GV~9OmlF51
     K21RH3V ZC2025 10 30.34582 02 42 25.56 +23 49 25.2          21.9 GV~9OmlF51
     K21RH3V ZC2025 10 30.35622 02 42 24.97 +23 49 21.0          22.0 GV~9OmlF51
     K21RI9M ZC2025 08 17.38618 21 03 59.80 -17 33 25.7          21.1 GV~9H7QF51
     K21RI9M ZC2025 08 17.39731 21 03 59.28 -17 33 33.6          20.7 GV~9H7QF51
     K21RI9M ZC2025 08 17.41954 21 03 58.21 -17 33 49.8          20.9 GV~9H7QF51
     K21RJ3K ZC2025 09 18.48752 02 01 12.08 +05 44 22.3          21.4 GV~9JkaF52
     K21RJ3K ZC2025 09 18.49997 02 01 11.73 +05 44 21.3          21.3 GV~9JkaF52
     K21RJ3K ZC2025 09 23.42987 01 58 43.04 +05 37 01.8          21.9 GV~9JkaF52
     K21RJ3K ZC2025 09 23.44145 01 58 42.61 +05 37 00.5          22.1 GV~9JkaF52
     K21RO3C ZC2025 08 25.41438 22 27 39.42 -07 06 25.4          20.9 GV~9DJ9F51
     K21RO3C ZC2025 08 25.43536 22 27 38.62 -07 06 46.6          20.9 GV~9DJ9F51
     K21RO3C ZC2025 08 25.44739 22 27 38.13 -07 06 58.8                V~9DJ9F51
     K21RO3C ZC2025 08 25.45941 22 27 37.66 -07 07 10.8          20.9 GV~9DJ9F51
     K21RP1E ZC2025 08 25.43212 22 05 54.39 -06 22 43.2          21.5 GV~9JkbF51
     K21RP1E ZC2025 08 25.44414 22 05 53.71 -06 22 46.9                V~9JkbF51
     K21RP1E ZC2025 08 25.45614 22 05 53.13 -06 22 48.8          21.6 GV~9JkbF51
     K21RP8Q ZC2025 08 23.48742 23 58 58.23 -12 09 49.1          21.2 GV~9H7QF51
     K21RP8Q ZC2025 08 23.49826 23 58 57.86 -12 09 53.4          21.6 GV~9H7QF51
     K21RP8Q ZC2025 08 23.50925 23 58 57.50 -12 09 58.0          21.4 GV~9H7QF51
     K21RP8Q ZC2025 08 23.52005 23 58 57.15 -12 10 02.4          22.2 GV~9H7QF51
     K21RP8X ZC2025 08 25.41374 22 30 13.59 -04 09 19.0          21.5 GV~9DJAF51
     K21RP8X ZC2025 08 25.43471 22 30 12.40 -04 09 20.6          21.7 GV~9DJAF51
     K21RP8X ZC2025 08 25.44674 22 30 11.71 -04 09 21.6          21.6 GV~9DJAF51
     K21RP8X ZC2025 08 25.45876 22 30 11.01 -04 09 22.9          21.5 GV~9DJAF51
     K21RP9T ZC2025 08 19.48571 23 56 45.39 -04 48 10.4          21.4 GV~9H7QF51
     K21RP9T ZC2025 08 19.49685 23 56 45.06 -04 48 13.0          21.2 GV~9H7QF51
     K21RP9T ZC2025 08 19.50819 23 56 44.75 -04 48 15.3          21.3 GV~9H7QF51
     K21RP9T ZC2025 08 19.51935 23 56 44.41 -04 48 17.4          21.2 GV~9H7QF51
     K21RQ0M ZC2021 10 29.35671 02 20 41.82 -12 53 25.0          21.3 GV~9DJAF51
     K21RQ0M ZC2021 10 29.36842 02 20 41.21 -12 53 28.2                V~9DJAF51
     K21RQ0M ZC2021 10 29.39492 02 20 39.83 -12 53 34.9                V~9DJAF51
     K21RQ1K ZC2021 08 30.49867 00 31 11.46 -01 07 19.1          21.6 GV~9OmrF51
     K21RQ1K ZC2021 08 30.51121 00 31 10.88 -01 07 22.7                V~9OmrF51
     K21RQ1K ZC2021 08 30.52373 00 31 10.31 -01 07 26.3                V~9OmrF51
     K21S68Y ZC2023 05 16.41228 15 30 38.50 -21 15 23.7                V~9On1F51
     K21S68Y ZC2023 05 16.42361 15 30 37.23 -21 15 31.5          22.6 GV~9On1F51
     K21S68Y ZC2023 05 16.44626 15 30 34.69 -21 15 47.9                V~9On1F51
     K21S79A ZC2025 08 18.45190 22 53 24.81 -01 45 14.5          20.4 GV~9H7SF51
     K21S79A ZC2025 08 18.46332 22 53 24.06 -01 45 10.8          20.6 GV~9H7SF51
     K21S79A ZC2025 08 18.47475 22 53 23.31 -01 45 07.9          20.5 GV~9H7SF51
     K21S79A ZC2025 08 18.48616 22 53 22.55 -01 45 05.0          21.4 GV~9H7SF51
     K21S96Z ZC2025 08 23.48742 23 59 53.90 -10 30 39.2          21.5 GV~9H7SF51
     K21S96Z ZC2025 08 23.50925 23 59 53.44 -10 30 49.8          22.0 GV~9H7SF51
     K21S96Z ZC2025 08 23.52005 23 59 53.21 -10 30 55.1                V~9H7SF51
     K21S97O ZC2025 10 16.42760 01 33 55.92 -13 00 00.0          20.2 GV~9On2F51
     K21S97O ZC2025 10 16.43748 01 33 55.41 -13 00 03.7          20.7 GV~9On2F51
     K21S98M ZC2025 09 16.42145 00 27 09.65 -07 21 57.2          22.0 GV~9On2F51
     K21S98M ZC2025 09 16.43248 00 27 08.91 -07 21 56.8          22.1 GV~9On2F51
     K21S98M ZC2025 09 16.44351 00 27 08.15 -07 21 56.1                V~9On2F51
     K21S98M ZC2025 09 16.45456 00 27 07.41 -07 21 55.7          22.3 GV~9On2F51
     K21TF5T ZC2025 09 16.42658 00 44 09.75 -10 25 25.1          21.9 GV~9JkhF51
     K21TF5T ZC2025 09 16.43760 00 44 09.06 -10 25 24.9          21.6 GV~9JkhF51
     K21TF5T ZC2025 09 16.44865 00 44 08.36 -10 25 24.5          21.0 GV~9JkhF51
     K21TL4D ZC2021 09 09.48256 00 42 40.03 -04 01 05.5          22.5 GV~9H7VF51
     K21TL4D ZC2021 09 09.50560 00 42 39.10 -04 01 15.9          22.9 GV~9H7VF51
     K21TL4D ZC2021 09 09.51632 00 42 38.67 -04 01 20.8                V~9H7VF51
     K21TL4D ZC2021 09 09.52702 00 42 38.23 -04 01 25.8                V~9H7VF51
     K21TL4H ZC2025 10 30.32833 02 52 02.78 +19 03 22.6          21.7 GV~9OnOF51
     K21TL4H ZC2025 10 30.33869 02 52 02.13 +19 03 20.1          21.8 GV~9OnOF51
     K21TL4H ZC2025 10 30.34905 02 52 01.54 +19 03 18.3          21.5 GV~9OnOF51
     K21TL4H ZC2025 10 30.35946 02 52 00.84 +19 03 16.5          21.8 GV~9OnOF51
     K21TL4Z ZC2025 10 19.55260 02 58 39.64 +16 27 33.7          21.7 GV~9OnPF51
     K21TL4Z ZC2025 10 19.56478 02 58 38.78 +16 27 36.7          21.8 GV~9OnPF51
     K21TL4Z ZC2025 10 19.57694 02 58 37.90 +16 27 39.3                V~9OnPF51
     K21TL4Z ZC2025 10 19.58916 02 58 37.01 +16 27 41.7          22.1 GV~9OnPF51
     K21TL4Z ZC2025 10 30.32833 02 45 19.35 +17 03 14.2          21.5 GV~9OnPF51
     K21TL4Z ZC2025 10 30.33869 02 45 18.42 +17 03 16.3          21.6 GV~9OnPF51
     K21TL4Z ZC2025 10 30.34905 02 45 17.66 +17 03 18.4          21.5 GV~9OnPF51
     K21TL4Z ZC2025 10 30.35946 02 45 16.86 +17 03 19.2          21.2 GV~9OnPF51
     K21TL5F ZC2025 08 25.41906 22 44 49.18 -03 26 43.8                V~9OnQF51
     K21TL5F ZC2025 08 25.44004 22 44 48.14 -03 26 48.3          21.3 GV~9OnQF51
     K21TL5F ZC2025 08 25.46409 22 44 46.92 -03 26 53.5                V~9OnQF51
     K21TL5K ZC2021 09 04.46758 00 44 52.86 +07 00 10.6                V~9OnQF51
     K21TL5K ZC2021 09 04.47943 00 44 52.46 +07 00 08.6          22.3 GV~9OnQF51
     K21TL5K ZC2021 09 04.49121 00 44 52.06 +07 00 06.9          22.3 GV~9OnQF51
     K21TL5K ZC2021 09 04.50304 00 44 51.65 +07 00 04.8          22.0 GV~9OnQF51
     K21TL6T ZC2024 06 12.37265 16 33 42.40 -12 23 20.8                V~9OnTF52
     K21TL6T ZC2024 06 12.38524 16 33 41.72 -12 23 20.4          21.6 GV~9OnTF52
     K21TL6T ZC2024 06 12.39779 16 33 41.07 -12 23 19.7                V~9OnTF52
     K21TL6T ZC2024 06 12.41033 16 33 40.39 -12 23 18.9                V~9OnTF52
     K21TL7S ZC2021 09 10.59545 01 19 10.99 +05 58 51.3                V~9OnWF51
     K21TL7S ZC2021 09 10.60487 01 19 10.73 +05 58 50.0          21.6 GV~9OnWF51
     K21TL7S ZC2021 09 10.61415 01 19 10.43 +05 58 49.5          21.8 GV~9OnWF51
     K21U55A ZC2025 09 16.47275 00 57 02.16 +03 41 35.6          20.8 GV~9JkjF51
     K21U55A ZC2025 09 16.50362 00 57 00.81 +03 41 33.2          21.0 GV~9JkjF51
     K21U55A ZC2025 09 16.51567 00 57 00.26 +03 41 32.2          20.6 GV~9JkjF51
     K21U55A ZC2025 09 16.52777 00 56 59.74 +03 41 31.2          20.7 GV~9JkjF51
     K21U78P ZC2025 08 19.48635 23 57 44.75 -06 35 17.2          21.6 GV~9H7ZF51
     K21U78P ZC2025 08 19.49750 23 57 44.55 -06 35 24.5          21.8 GV~9H7ZF51
     K21U78P ZC2025 08 19.50884 23 57 44.35 -06 35 31.6          22.7 GV~9H7ZF51
     K21U78P ZC2025 08 19.51999 23 57 44.18 -06 35 38.5          21.5 GV~9H7ZF51
     K21U84P ZC2025 08 18.45325 22 45 43.27 -05 52 50.5                V~9H7ZF51
     K21U84P ZC2025 08 18.46465 22 45 42.71 -05 52 51.9                V~9H7ZF51
     K21U84P ZC2025 08 18.47609 22 45 42.17 -05 52 53.4          21.5 GV~9H7ZF51
     K21U84P ZC2025 08 18.48750 22 45 41.61 -05 52 54.7          21.2 GV~9H7ZF51
     K21U94Q ZC2025 10 19.55122 03 20 34.44 +14 52 19.9          22.2 GV~9M9tF51
     K21U94Q ZC2025 10 19.56338 03 20 33.75 +14 52 22.9                V~9M9tF51
     K21U94Q ZC2025 10 19.57555 03 20 33.07 +14 52 26.0          22.1 GV~9M9tF51
     K21U94Q ZC2025 10 19.58776 03 20 32.40 +14 52 29.2          21.8 GV~9M9tF51
     K21UA2X ZC2025 10 30.32575 02 43 49.54 +20 52 23.1          21.8 GV~9OnrF51
     K21UA2X ZC2025 10 30.34647 02 43 48.56 +20 51 48.7          21.4 GV~9OnrF51
     K21UA2X ZC2025 10 30.35687 02 43 48.06 +20 51 31.6          21.5 GV~9OnrF51
     K21UD5D ZC2025 09 15.37808 00 48 08.28 +10 35 49.3          22.4 GV~9JkoF52
     K21UD5D ZC2025 09 15.38833 00 48 07.89 +10 35 47.0          22.3 GV~9JkoF52
     K21UD5D ZC2025 09 15.39862 00 48 07.47 +10 35 44.4          22.1 GV~9JkoF52
     K21UD5D ZC2025 09 15.40893 00 48 07.02 +10 35 42.1          22.1 GV~9JkoF52
     K21UD7R ZC2025 08 25.41179 22 20 47.65 -06 26 24.4          21.7 GV~9DJdF51
     K21UD7R ZC2025 08 25.43277 22 20 46.43 -06 26 27.3          21.5 GV~9DJdF51
     K21UD7R ZC2025 08 25.44479 22 20 45.77 -06 26 29.4          21.5 GV~9DJdF51
     K21UD7R ZC2025 08 25.45680 22 20 45.07 -06 26 31.1                V~9DJdF51
     K21UD8E ZC2025 09 16.42081 00 16 19.48 -08 56 34.3                V~9DJdF51
     K21UD8E ZC2025 09 16.43183 00 16 18.79 -08 56 35.1          21.9 GV~9DJdF51
     K21UD8E ZC2025 09 16.44287 00 16 18.08 -08 56 35.2          21.4 GV~9DJdF51
     K21UD9R ZC2025 09 23.40616 01 59 16.75 +01 35 05.5          22.0 GV~9JkoF52
     K21UD9R ZC2025 09 23.41768 01 59 16.28 +01 35 05.3                V~9JkoF52
     K21UD9R ZC2025 09 23.42924 01 59 15.79 +01 35 04.6                V~9JkoF52
     K21UD9R ZC2025 09 23.44082 01 59 15.30 +01 35 04.4                V~9JkoF52
     K21UE0A ZC2025 09 23.40742 01 49 18.99 +07 27 45.5          22.0 GV~9JkoF52
     K21UE0A ZC2025 09 23.41894 01 49 18.57 +07 27 43.2          22.3 GV~9JkoF52
     K21UE0A ZC2025 09 23.43053 01 49 18.16 +07 27 40.8          22.6 GV~9JkoF52
     K21UE0A ZC2025 09 23.44208 01 49 17.74 +07 27 38.4          21.2 GV~9JkoF52
     K21UE0E ZC2025 08 25.44544 22 19 09.09 -04 45 00.9          21.5 GV~9DJgF51
     K21UE0E ZC2025 08 25.45746 22 19 08.48 -04 45 04.6          21.3 GV~9DJgF51
     K21UE0P ZC2025 08 23.49978 23 54 14.48 -12 50 58.2          21.7 GV~9H7bF51
     K21UE0P ZC2025 08 23.51077 23 54 14.06 -12 51 02.5                V~9H7bF51
     K21UE0P ZC2025 08 23.52157 23 54 13.68 -12 51 06.8                V~9H7bF51
     K21UE1G ZC2025 09 20.46967 01 52 39.71 -01 07 43.8          21.9 GV~9JkoF51
     K21UE1G ZC2025 09 20.48164 01 52 39.21 -01 07 44.1                V~9JkoF51
     K21UE1G ZC2025 09 20.49363 01 52 38.68 -01 07 44.7          22.1 GV~9JkoF51
     K21UE1G ZC2025 09 20.50565 01 52 38.17 -01 07 45.0          21.6 GV~9JkoF51
     K21UE2Z ZC2025 10 30.32445 02 23 46.25 +23 43 18.3          21.8 GV~9OnyF51
     K21UE2Z ZC2025 10 30.33481 02 23 45.66 +23 43 13.8          21.9 GV~9OnyF51
     K21UE2Z ZC2025 10 30.34517 02 23 45.03 +23 43 09.7          21.5 GV~9OnyF51
     K21UE2Z ZC2025 10 30.35557 02 23 44.42 +23 43 05.7          21.7 GV~9OnyF51
     K21UE3K ZC2025 08 18.45190 22 56 05.42 -02 54 18.1          21.1 GV~9Oo0F51
     K21UE3K ZC2025 08 18.47475 22 56 04.50 -02 54 26.0          20.5 GV~9Oo0F51
     K21UE3K ZC2025 08 18.48616 22 56 04.06 -02 54 29.8          20.7 GV~9Oo0F51
     K21UE4R ZC2025 11 25.38751 05 28 41.32 +18 17 45.1          22.3 GV~9Oo2F52
     K21UE4R ZC2025 11 25.39716 05 28 40.76 +18 17 45.0          22.6 GV~9Oo2F52
     K21UE4R ZC2025 11 25.40676 05 28 40.29 +18 17 45.9          21.8 GV~9Oo2F52
     K21UE4R ZC2025 11 25.41637 05 28 39.76 +18 17 46.5          21.9 GV~9Oo2F52
     K21V51L ZC2025 09 20.48164 01 55 13.77 -02 17 43.6                V~9JkrF51
     K21V51L ZC2025 09 20.49363 01 55 13.38 -02 17 46.5                V~9JkrF51
     K21V51L ZC2025 09 20.50565 01 55 12.98 -02 17 49.1          21.8 GV~9JkrF51
     K21V62K ZC2020 08 13.41065 22 34 05.71 -03 23 27.0          22.9 GV~9DJmF51
     K21V62K ZC2020 08 13.42240 22 34 05.10 -03 23 27.7          22.4 GV~9DJmF51
     K21V62K ZC2020 08 13.43413 22 34 04.51 -03 23 28.5          22.4 GV~9DJmF51
     K21V62K ZC2020 08 13.44587 22 34 03.94 -03 23 29.7                V~9DJmF51
     K21VA4Z ZC2025 10 19.54308 03 13 44.55 +08 00 03.0          21.8 GV~9OoKF51
     K21VA4Z ZC2025 10 19.55523 03 13 43.94 +08 00 03.1          21.6 GV~9OoKF51
     K21VA4Z ZC2025 10 19.56739 03 13 43.31 +08 00 03.2          21.8 GV~9OoKF51
     K21VB5V ZC2025 08 18.45051 22 46 09.26 +00 29 17.7          20.5 GV~9H7jF51
     K21VB5V ZC2025 08 18.46193 22 46 08.70 +00 29 15.1          20.9 GV~9H7jF51
     K21VB9Q ZC2025 09 18.48752 02 03 35.49 +06 04 14.8          20.8 GV~9JkuF52
     K21VB9Q ZC2025 09 18.49997 02 03 35.10 +06 04 16.0          21.3 GV~9JkuF52
     K21VB9Q ZC2025 09 18.51243 02 03 34.73 +06 04 17.1          20.8 GV~9JkuF52
     K21VC0H ZC2025 09 23.40616 01 58 33.86 +01 08 02.3                V~9JkuF52
     K21VC0H ZC2025 09 23.41768 01 58 33.45 +01 07 58.0                V~9JkuF52
     K21VC0H ZC2025 09 23.42924 01 58 33.03 +01 07 53.8          22.1 GV~9JkuF52
     K21VC0H ZC2025 09 23.44082 01 58 32.63 +01 07 49.3          22.3 GV~9JkuF52
     K21VC0T ZC2025 08 25.41438 22 30 40.63 -05 35 09.2                V~9DJtF51
     K21VC0T ZC2025 08 25.43536 22 30 39.58 -05 35 17.1          21.4 GV~9DJtF51
     K21VC0T ZC2025 08 25.44739 22 30 39.02 -05 35 22.0                V~9DJtF51
     K21VC0T ZC2025 08 25.45941 22 30 38.44 -05 35 26.0          22.1 GV~9DJtF51
     K21VC2F ZC2021 10 30.39473 02 41 34.20 +03 47 11.5                V~9H7lF51
     K21VC2F ZC2021 10 30.42819 02 41 32.30 +03 47 02.5                V~9H7lF51
     K21VC2F ZC2021 10 30.44091 02 41 31.59 +03 46 59.0          22.2 GV~9H7lF51
     K21VC2V ZC2025 09 14.42901 01 46 45.78 +12 33 10.7          21.6 GV~9JkvF52
     K21VC2V ZC2025 09 14.44185 01 46 45.54 +12 33 05.5          22.0 GV~9JkvF52
     K21VC2V ZC2025 09 14.45462 01 46 45.32 +12 33 01.1          21.5 GV~9JkvF52
     K21VC2V ZC2025 09 14.46755 01 46 45.11 +12 32 56.1          22.3 GV~9JkvF52
     K21VC3V ZC2025 10 30.32769 03 02 14.97 +18 28 58.0          21.4 GV~9OoRF51
     K21VC3V ZC2025 10 30.33804 03 02 14.41 +18 28 50.0          21.4 GV~9OoRF51
     K21VC3V ZC2025 10 30.34841 03 02 13.89 +18 28 41.9                V~9OoRF51
     K21VC3X ZC2025 10 13.55822 02 06 52.72 +23 06 54.6          21.0 GV~9M9zF51
     K21VC3X ZC2025 10 13.57247 02 06 51.96 +23 06 50.2          22.1 GV~9M9zF51
     K21VC3X ZC2025 10 13.58670 02 06 51.22 +23 06 46.4          21.3 GV~9M9zF51
     K21VC3X ZC2025 10 13.60091 02 06 50.47 +23 06 41.8          22.0 GV~9M9zF51
     K21VC4T ZC2025 10 30.32705 02 56 37.19 +20 41 13.4                V~9OoSF51
     K21VC4T ZC2025 10 30.33740 02 56 36.59 +20 41 13.0          21.3 GV~9OoSF51
     K21VC4T ZC2025 10 30.35817 02 56 35.37 +20 41 11.0                V~9OoSF51
     K21VC4W ZC2025 10 16.40918 01 48 41.43 -14 30 13.9          20.9 GV~9OoSF51
     K21VC4W ZC2025 10 16.41902 01 48 41.00 -14 30 20.6          21.6 GV~9OoSF51
     K21VC4W ZC2025 10 16.42889 01 48 40.52 -14 30 25.7          22.1 GV~9OoSF51
     K21VC4W ZC2025 10 16.43876 01 48 40.10 -14 30 31.6          21.6 GV~9OoSF51
     K21VC4X ZC2025 10 16.42095 01 54 46.59 -09 00 37.4          20.3 GV~9OoSF51
     K21VC4X ZC2025 10 16.43083 01 54 45.90 -09 00 35.7          21.2 GV~9OoSF51
     K21VC4X ZC2025 10 16.44069 01 54 45.26 -09 00 32.3          21.4 GV~9OoSF51
     K21VC4Y ZC2025 10 30.32380 02 31 01.44 +21 52 18.9                V~9OoSF51
     K21VC4Y ZC2025 10 30.33416 02 31 00.91 +21 52 11.7                V~9OoSF51
     K21VC4Y ZC2025 10 30.34452 02 31 00.40 +21 52 04.9                V~9OoSF51
     K21VC4Y ZC2025 10 30.35493 02 30 59.87 +21 51 57.2          21.1 GV~9OoSF51
     K21VC5F ZC2021 11 06.56426 04 20 00.66 +12 23 49.4          21.1 GV~9OoTF51
     K21VC5F ZC2021 11 06.57534 04 20 00.19 +12 23 44.9                V~9OoTF51
     K21VC5F ZC2021 11 06.59734 04 19 59.26 +12 23 35.3          20.8 GV~9OoTF51
     K21VC5K ZC2021 11 26.52462 04 54 26.26 +09 05 17.1          21.8 GV~9OoUF51
     K21VC5K ZC2021 11 26.53759 04 54 25.54 +09 05 12.9                V~9OoUF51
     K21VC5K ZC2021 11 26.56342 04 54 24.11 +09 05 04.5                V~9OoUF51
     K21VC6D ZC2021 11 01.39338 03 45 41.10 +09 36 52.0          22.1 GV~9OoWF51
     K21VC6D ZC2021 11 01.40436 03 45 40.61 +09 36 48.1          21.7 GV~9OoWF51
     K21VC6D ZC2021 11 01.41535 03 45 40.11 +09 36 44.6                V~9OoWF51
     K21VC6S ZC2025 09 17.43045 01 56 47.85 +22 50 33.7          22.1 GV~9OoXF52
     K21VC6S ZC2025 09 17.44338 01 56 47.44 +22 50 37.8                V~9OoXF52
     K21VC6S ZC2025 09 17.45635 01 56 47.08 +22 50 42.3          22.3 GV~9OoXF52
     K21VC6S ZC2025 09 17.46943 01 56 46.67 +22 50 46.8          22.4 GV~9OoXF52
     K21W17A ZC2020 07 18.42321 20 37 57.93 -27 25 33.9          21.8 GV~9DJyF51
     K21W17A ZC2020 07 18.43401 20 37 57.35 -27 25 38.2                V~9DJyF51
     K21W17A ZC2020 07 18.44483 20 37 56.75 -27 25 41.6          22.0 GV~9DJyF51
     K21W17A ZC2020 07 18.45564 20 37 56.15 -27 25 45.6          21.9 GV~9DJyF51
     K21W17E ZC2025 09 23.40742 01 52 04.52 +06 01 18.9          22.1 GV~9JkyF52
     K21W17E ZC2025 09 23.41894 01 52 04.09 +06 01 18.6          22.7 GV~9JkyF52
     K21W17E ZC2025 09 23.43053 01 52 03.65 +06 01 17.9          22.7 GV~9JkyF52
     K21W17E ZC2025 09 23.44208 01 52 03.22 +06 01 17.3          21.8 GV~9JkyF52
     K21W17Y ZC2021 10 30.39666 02 30 43.96 +03 07 47.0          21.9 GV~9H7sF51
     K21W17Y ZC2021 10 30.41812 02 30 42.59 +03 07 44.3          21.4 GV~9H7sF51
     K21W17Y ZC2021 10 30.43079 02 30 41.82 +03 07 43.3          21.5 GV~9H7sF51
     K21W17Y ZC2021 10 30.44352 02 30 41.01 +03 07 42.0          21.4 GV~9H7sF51
     K21W19X ZC2025 10 30.32833 02 49 36.04 +18 03 55.0          21.7 GV~9OogF51
     K21W19X ZC2025 10 30.33869 02 49 35.46 +18 03 52.3          21.3 GV~9OogF51
     K21W19X ZC2025 10 30.34905 02 49 34.88 +18 03 49.6          21.8 GV~9OogF51
     K21W19X ZC2025 10 30.35946 02 49 34.23 +18 03 47.6          21.8 GV~9OogF51
     K21W20L ZC2025 10 30.32575 02 44 10.98 +20 57 45.7          21.6 GV~9OohF51
     K21W20L ZC2025 10 30.33610 02 44 10.35 +20 57 45.9          21.4 GV~9OohF51
     K21W20L ZC2025 10 30.34647 02 44 09.76 +20 57 45.7          22.0 GV~9OohF51
     K21X12H ZC2021 11 26.52462 04 53 57.46 +09 16 10.9                V~9DK0F51
     K21X12H ZC2021 11 26.53759 04 53 56.75 +09 16 04.6          21.9 GV~9DK0F51
     K21X12H ZC2021 11 26.55051 04 53 55.99 +09 15 58.2                V~9DK0F51
     K21X12L ZC2025 10 15.43129 03 24 41.29 +09 12 31.7          22.0 GV~9MA5F51
     K21X12L ZC2025 10 15.44242 03 24 40.90 +09 12 30.3          22.1 GV~9MA5F51
     K21X12L ZC2025 10 15.46481 03 24 40.10 +09 12 26.8          21.9 GV~9MA5F51
     K22A60F ZC2025 08 25.41244 22 25 04.07 -05 11 27.3                V~9DK4F51
     K22A60F ZC2025 08 25.43341 22 25 03.04 -05 11 29.5          21.6 GV~9DK4F51
     K22A60F ZC2025 08 25.44544 22 25 02.43 -05 11 31.2          21.7 GV~9DK4F51
     K22A60F ZC2025 08 25.45746 22 25 01.84 -05 11 32.2          21.4 GV~9DK4F51
     K22B72Q ZC2025 09 15.38002 00 48 27.00 +14 17 14.9          21.6 GV~9Jl7F52
     K22B72Q ZC2025 09 15.39027 00 48 26.60 +14 17 13.9          22.1 GV~9Jl7F52
     K22B72Q ZC2025 09 15.40055 00 48 26.15 +14 17 12.9          21.9 GV~9Jl7F52
     K22B72Q ZC2025 09 15.41086 00 48 25.75 +14 17 11.5          21.7 GV~9Jl7F52
     K22B72V ZC2025 09 16.47476 00 19 18.69 +01 29 16.5          22.2 GV~9DK6F51
     K22B72V ZC2025 09 16.51760 00 19 16.57 +01 29 12.2                V~9DK6F51
     K22B72V ZC2025 09 16.52970 00 19 15.95 +01 29 10.7          22.1 GV~9DK6F51
     K22B73V ZC2025 10 13.55564 02 04 03.86 +18 33 29.1          22.1 GV~9OpQF51
     K22B73V ZC2025 10 13.56990 02 04 03.15 +18 33 24.0          21.5 GV~9OpQF51
     K22B73V ZC2025 10 13.58413 02 04 02.44 +18 33 19.4          21.0 GV~9OpQF51
     K22B76C*ZC2022 01 31.41186 10 36 39.93 +08 38 03.9          21.2 GV~9OpWF52
     K22B76C ZC2022 01 31.42333 10 36 39.39 +08 38 04.4          21.1 GV~9OpWF52
     K22B76C ZC2022 01 31.43480 10 36 38.89 +08 38 05.2                V~9OpWF52
     K22C46R ZC2022 01 31.39733 10 15 29.75 +15 15 44.3                V~9DK8F52
     K22C46R ZC2022 01 31.40871 10 15 29.24 +15 15 46.2          21.3 GV~9DK8F52
     K22C46R ZC2022 01 31.43162 10 15 28.20 +15 15 50.2          21.5 GV~9DK8F52
     K22C47C ZC2023 04 23.47751 15 18 15.61 -25 56 11.1                V~9H7xF52
     K22C47C ZC2023 04 23.48889 15 18 15.03 -25 56 12.6          21.5 GV~9H7xF52
     K22C47C ZC2023 04 23.50028 15 18 14.43 -25 56 13.8          21.6 GV~9H7xF52
     K22C47C ZC2023 04 23.51166 15 18 13.86 -25 56 15.1                V~9H7xF52
     K22C47Q ZC2025 09 16.42722 00 59 41.58 -08 10 03.7          22.0 GV~9Jl9F51
     K22C47Q ZC2025 09 16.43825 00 59 41.14 -08 10 06.3          22.0 GV~9Jl9F51
     K22C47Q ZC2025 09 16.44930 00 59 40.68 -08 10 09.6          20.9 GV~9Jl9F51
     K22C47X ZC2025 10 16.41581 01 25 48.04 -11 54 44.1          21.9 GV~9OpeF51
     K22C47X ZC2025 10 16.42566 01 25 47.56 -11 54 45.8          22.1 GV~9OpeF51
     K22C47X ZC2025 10 16.43555 01 25 47.08 -11 54 47.9          21.9 GV~9OpeF51
     K22D22O ZC2024 09 04.46052 23 07 06.07 -03 29 29.0                V~9OplF52
     K22D22O ZC2024 09 04.47056 23 07 05.57 -03 29 34.2                V~9OplF52
     K22D22O ZC2024 09 04.48060 23 07 05.09 -03 29 39.4          21.5 GV~9OplF52
     K22D22O ZC2024 09 04.49057 23 07 04.63 -03 29 44.4          21.9 GV~9OplF52
     K22D35J ZC2022 02 02.43035 10 24 48.56 +03 18 14.8          21.7 GV~9H7zF52
     K22D35J ZC2022 02 02.44179 10 24 48.15 +03 18 18.3                V~9H7zF52
     K22D35J ZC2022 02 02.45325 10 24 47.72 +03 18 21.2          22.0 GV~9H7zF52
     K22D35J ZC2022 02 02.46483 10 24 47.33 +03 18 24.6                V~9H7zF52
     K22D35N ZC2025 10 30.32510 02 42 34.22 +23 37 38.7          21.5 GV~9OpmF51
     K22D35N ZC2025 10 30.33546 02 42 33.55 +23 37 39.1          21.9 GV~9OpmF51
     K22D35N ZC2025 10 30.34582 02 42 33.01 +23 37 38.4          22.1 GV~9OpmF51
     K22D35N ZC2025 10 30.35622 02 42 32.41 +23 37 38.0          21.6 GV~9OpmF51
     K22D35O ZC2024 08 06.39733 21 50 20.25 -14 32 40.8                V~9MACF52
     K22D35O ZC2024 08 06.40862 21 50 19.71 -14 32 42.9          21.4 GV~9MACF52
     K22D35O ZC2024 08 06.41989 21 50 19.19 -14 32 45.5          21.5 GV~9MACF52
     K22D35O ZC2024 08 06.43112 21 50 18.65 -14 32 47.7          21.4 GV~9MACF52
     K22D36F ZC2022 03 06.55406 12 29 37.75 +15 39 31.5                V~9OpoF52
     K22D36F ZC2022 03 06.56629 12 29 37.26 +15 39 36.0          21.9 GV~9OpoF52
     K22D36F ZC2022 03 06.57853 12 29 36.76 +15 39 40.6          21.9 GV~9OpoF52
     K22E32M ZC2019 07 01.50278 21 13 50.14 -18 02 37.1          22.4 GV~9DKDF51
     K22E32M ZC2019 07 01.51635 21 13 49.78 -18 02 40.6          22.4 GV~9DKDF51
     K22E32M ZC2019 07 01.54351 21 13 49.04 -18 02 47.2                V~9DKDF51
     K22E32N ZC2024 11 02.39731 03 00 28.00 +08 37 32.8          22.2 GV~9DKDF52
     K22E32N ZC2024 11 02.40863 03 00 27.26 +08 37 33.0                V~9DKDF52
     K22E32N ZC2024 11 02.42005 03 00 26.53 +08 37 33.3          22.3 GV~9DKDF52
     K22E32N ZC2024 11 02.43144 03 00 25.78 +08 37 33.1          22.4 GV~9DKDF52
     K22E33B ZC2025 10 30.32705 02 58 50.71 +21 08 13.0          21.5 GV~9OpsF51
     K22E33B ZC2025 10 30.33740 02 58 50.18 +21 08 10.1                V~9OpsF51
     K22E33B ZC2025 10 30.35817 02 58 49.19 +21 08 04.0          21.6 GV~9OpsF51
     K22E33Q ZC2022 03 01.45875 12 36 40.34 -16 27 47.1          21.1 GV~9OpuF52
     K22E33Q ZC2022 03 01.46902 12 36 40.05 -16 27 44.5          21.1 GV~9OpuF52
     K22E33Q ZC2022 03 01.47923 12 36 39.75 -16 27 41.9                V~9OpuF52
     K22E33Q ZC2022 03 01.48945 12 36 39.49 -16 27 39.5          21.2 GV~9OpuF52
     K22G31S ZC2022 03 25.48824 13 09 09.07 +03 39 51.1          22.2 GV~9OpzF52
     K22G31S ZC2022 03 25.49915 13 09 08.65 +03 39 55.2          22.4 GV~9OpzF52
     K22G31S ZC2022 03 25.50996 13 09 08.24 +03 39 58.6                V~9OpzF52
     K22G31S ZC2022 03 25.52077 13 09 07.81 +03 40 02.4                V~9OpzF52
     K22G31X ZC2022 04 02.48016 13 27 12.17 -02 36 15.5                V~9OpzF52
     K22G31X ZC2022 04 02.49164 13 27 11.62 -02 36 13.3          22.7 GV~9OpzF52
     K22G31X ZC2022 04 02.50313 13 27 11.08 -02 36 10.8                V~9Oq0F52
     K22G31X ZC2022 04 02.51465 13 27 10.55 -02 36 08.1                V~9Oq0F52
     K22SX8N ZC2025 04 25.44692 15 08 03.77 -17 38 26.3          22.1 GV~9OqIF52
     K22SX8N ZC2025 04 25.45785 15 08 03.20 -17 38 24.1          22.3 GV~9OqIF52
     K22SX8N ZC2025 04 25.46877 15 08 02.63 -17 38 21.7          22.2 GV~9OqIF52
     K22SX8N ZC2025 04 25.47965 15 08 02.06 -17 38 19.3          22.2 GV~9OqIF52
     K22T22Z ZC2012 10 05.37352 23 39 57.59 +02 31 22.0          21.7 r2~9DKGF51
     K22T22Z ZC2012 10 05.48142 23 39 53.32 +02 30 35.4          21.4 i2~9DKGF51
     K22T22Z ZC2012 10 06.33006 23 39 21.72 +02 24 29.4          21.9 g2~9DKGF51
     K22UA9F ZC2025 08 23.48894 23 51 04.87 -14 03 36.2          21.7 GV~9H8VF51
     K22UA9F ZC2025 08 23.49978 23 51 04.42 -14 03 40.6                V~9H8VF51
     K22UA9F ZC2025 08 23.51077 23 51 03.97 -14 03 44.9          21.3 GV~9H8VF51
     K22UA9F ZC2025 08 23.52157 23 51 03.56 -14 03 48.9          21.8 GV~9H8VF51
     K22UH4J ZC2025 08 25.41244 22 22 21.62 -05 48 38.5          21.4 GV~9DKHF51
     K22UH4J ZC2025 08 25.43341 22 22 20.33 -05 48 43.3          21.5 GV~9DKHF51
     K22UH4J ZC2025 08 25.44544 22 22 19.61 -05 48 46.1                V~9DKHF51
     K22UH4J ZC2025 08 25.45746 22 22 18.87 -05 48 48.7          21.7 GV~9DKHF51
     K22UH4Y ZC2022 10 21.58685 03 59 33.21 +18 11 33.8                V~9DKIF52
     K22UH4Y ZC2022 10 21.59910 03 59 32.68 +18 11 34.7          22.8 GV~9DKIF52
     K22UH4Y ZC2022 10 21.61128 03 59 32.17 +18 11 35.4                V~9DKIF52
     K22UH5B ZC2022 10 17.53318 02 41 05.16 +21 13 49.5          21.1 GV~9H8VF52
     K22UH5B ZC2022 10 17.54666 02 41 04.42 +21 13 45.9          21.0 GV~9H8VF52
     K22UH5B ZC2022 10 17.56020 02 41 03.66 +21 13 42.7          21.0 GV~9H8VF52
     K22W41J ZC2025 09 14.44059 01 52 15.36 +07 59 00.8          22.0 GV~9JlKF52
     K22W41J ZC2025 09 14.45335 01 52 15.08 +07 58 57.0          22.4 GV~9JlKF52
     K22W41J ZC2025 09 14.46629 01 52 14.81 +07 58 53.7          22.2 GV~9JlKF52
     K22W41S ZC2025 10 30.37117 02 57 03.62 +07 48 12.0          22.1 GV~9OqXF51
     K22W41S ZC2025 10 30.38463 02 57 02.65 +07 48 09.0          22.1 GV~9OqXF51
     K22W41S ZC2025 10 30.39804 02 57 01.68 +07 48 05.5          22.3 GV~9OqXF51
     K22W41S ZC2025 10 30.41146 02 57 00.71 +07 48 02.7          22.3 GV~9OqXF51
     K22Y14V ZC2022 11 23.54744 04 50 07.35 +20 04 08.0          22.5 GV~9OqZF51
     K22Y14V ZC2022 11 23.56107 04 50 06.49 +20 04 09.2          22.6 GV~9OqZF51
     K23A10V ZC2025 09 23.40742 01 55 24.17 +07 40 52.6          22.6 GV~9JlKF52
     K23A10V ZC2025 09 23.41894 01 55 23.71 +07 40 50.1          22.2 GV~9JlKF52
     K23A10V ZC2025 09 23.43053 01 55 23.28 +07 40 47.8          22.8 GV~9JlKF52
     K23A10V ZC2025 09 23.44208 01 55 22.85 +07 40 45.1                V~9JlKF52
     K23A10X ZC2025 09 23.40679 01 58 22.75 +04 45 17.2                V~9JlKF52
     K23A10X ZC2025 09 23.41831 01 58 22.43 +04 45 12.9                V~9JlKF52
     K23A10X ZC2025 09 23.42987 01 58 22.08 +04 45 08.1          21.9 GV~9JlKF52
     K23A10X ZC2025 09 23.44145 01 58 21.74 +04 45 03.7                V~9JlKF52
     K23A11B ZC2025 11 28.52585 04 25 27.99 +15 24 21.3          21.5 GV~9OqaF51
     K23A11B ZC2025 11 28.54965 04 25 26.32 +15 24 20.9          21.6 GV~9OqaF51
     K23A11B ZC2025 11 28.56158 04 25 25.49 +15 24 20.7          21.9 GV~9OqaF51
     K23B21O ZC2025 10 30.32510 02 37 14.13 +23 29 52.4          22.0 GV~9OqbF51
     K23B21O ZC2025 10 30.33546 02 37 13.43 +23 29 48.4          21.4 GV~9OqbF51
     K23B21O ZC2025 10 30.34582 02 37 12.77 +23 29 44.7          21.7 GV~9OqbF51
     K23C07U ZC2023 01 14.44526 09 26 48.22 +11 53 31.9                V~9H8ZF52
     K23C07U ZC2023 01 14.46807 09 26 47.32 +11 53 34.5          21.4 GV~9H8ZF52
     K23C07Y ZC2025 09 16.42466 00 37 11.13 -12 51 48.3          22.0 GV~9OqcF51
     K23C07Y ZC2025 09 16.43568 00 37 10.59 -12 51 50.5          21.8 GV~9OqcF51
     K23C07Y ZC2025 09 16.44672 00 37 10.04 -12 51 53.2          21.4 GV~9OqcF51
     K23C07Y ZC2025 09 16.45777 00 37 09.52 -12 51 55.4          21.7 GV~9OqcF51
     K23D06D ZC2025 09 20.41465 23 38 29.88 -05 54 10.9                V~9DKLF51
     K23D06D ZC2025 09 20.42526 23 38 29.33 -05 54 11.9          20.2 GV~9DKLF51
     K23D06D ZC2025 09 20.43592 23 38 28.79 -05 54 13.5                V~9DKLF51
     K23D06D ZC2025 09 20.44655 23 38 28.24 -05 54 14.8          20.9 GV~9DKLF51
     K23F63P ZC2025 08 19.48700 23 46 15.36 -08 48 15.3          21.6 GV~9H8aF51
     K23F63P ZC2025 08 19.49815 23 46 15.04 -08 48 19.8          21.7 GV~9H8bF51
     K23F63P ZC2025 08 19.50950 23 46 14.69 -08 48 24.7          21.4 GV~9H8bF51
     K23F63P ZC2025 08 19.52064 23 46 14.35 -08 48 29.2          21.5 GV~9H8bF51
     K23F63S ZC2025 10 15.48903 02 36 47.75 +04 03 42.5          22.6 GV~9MAPF51
     K23F63S ZC2025 10 15.50114 02 36 47.15 +04 03 41.8          22.5 GV~9MAPF51
     K23F63S ZC2025 10 15.51326 02 36 46.54 +04 03 41.1          22.5 GV~9MAPF51
     K23F63V ZC2025 09 18.48752 01 59 08.37 +06 50 58.9          22.8 GV~9JlMF52
     K23F63V ZC2025 09 18.49997 01 59 07.98 +06 50 57.6          22.1 GV~9JlMF52
     K23F63V ZC2025 09 18.51243 01 59 07.59 +06 50 56.4          21.3 GV~9JlMF52
     K23F63X ZC2025 09 23.40616 01 54 50.15 +01 24 28.7          22.4 GV~9JlMF52
     K23F63X ZC2025 09 23.42924 01 54 49.20 +01 24 26.7          22.4 GV~9JlMF52
     K23F63X ZC2025 09 23.44082 01 54 48.72 +01 24 25.6                V~9JlMF52
     K23H40N ZC2025 09 18.47514 02 03 31.92 +06 17 52.7          21.2 GV~9JlNF52
     K23H40N ZC2025 09 18.48752 02 03 31.52 +06 17 52.2          21.6 GV~9JlNF52
     K23H40N ZC2025 09 18.49997 02 03 31.14 +06 17 51.8          22.2 GV~9JlNF52
     K23H40P ZC2025 10 13.55564 02 06 11.44 +18 29 06.5          21.1 GV~9MAPF51
     K23H40P ZC2025 10 13.56990 02 06 10.69 +18 29 06.5          21.8 GV~9MAPF51
     K23H40P ZC2025 10 13.58413 02 06 09.96 +18 29 06.2          21.0 GV~9MAQF51
     K23H40P ZC2025 10 13.59832 02 06 09.22 +18 29 06.0          21.1 GV~9MAQF51
     K23H40S ZC2025 09 18.47385 01 54 36.79 +04 51 55.6          22.4 GV~9JlNF52
     K23H40S ZC2025 09 18.48626 01 54 36.44 +04 51 51.3          22.2 GV~9JlNF52
     K23H40S ZC2025 09 18.49870 01 54 36.11 +04 51 46.9          22.6 GV~9JlNF52
     K23H40S ZC2025 09 18.51115 01 54 35.79 +04 51 42.3          21.5 GV~9JlNF52
     K23H41C ZC2025 11 16.42904 04 25 28.75 +05 44 27.4          22.6 GV~9OqpF51
     K23H41C ZC2025 11 16.44117 04 25 28.06 +05 44 27.3          22.7 GV~9OqpF51
     K23H41C ZC2025 11 16.45334 04 25 27.37 +05 44 27.4          23.0 GV~9OqpF51
     K23H41C ZC2025 11 16.46557 04 25 26.67 +05 44 27.1          22.8 GV~9OqpF51
     K23J39M ZC2023 04 24.48424 15 25 29.82 -06 30 32.2          22.2 GV~9OqsF52
     K23J39M ZC2023 04 24.50865 15 25 28.63 -06 30 21.9          22.0 GV~9OqsF52
     K23J39M ZC2023 04 24.52084 15 25 28.03 -06 30 16.9          21.9 GV~9OqsF52
     K23J39R ZC2023 06 16.40781 16 28 25.64 -14 57 33.7                V~9OqtF51
     K23J39R ZC2023 06 16.41965 16 28 25.02 -14 57 36.1                V~9OqtF51
     K23J39R ZC2023 06 16.43145 16 28 24.40 -14 57 38.1          22.0 GV~9OqtF51
     K23J39R ZC2023 06 16.44326 16 28 23.76 -14 57 40.4          22.0 GV~9OqtF51
     K23T73S ZC2022 03 06.55535 12 37 08.23 +10 51 20.3          22.0 GV~9DKTF52
     K23T73S ZC2022 03 06.56758 12 37 07.65 +10 51 24.3          22.0 GV~9DKTF52
     K23T73S ZC2022 03 06.57982 12 37 07.04 +10 51 28.5                V~9DKTF52
     K23T73S ZC2022 03 06.59203 12 37 06.45 +10 51 32.8          21.8 GV~9DKTF52
     K23TB9O ZC2010 08 01.49362221 25 09.720-05 11 13.56         21.9 rW~9Or5F51
     K23TB9O ZC2010 08 01.50599321 25 09.024-05 11 13.20         21.9 rW~9Or5F51
     K23TB9O ZC2010 08 05.51380121 21 27.120-05 10 31.08         21.8 rW~9Or5F51
     K23TB9O ZC2010 08 05.52465821 21 26.472-05 10 31.08         21.8 rW~9Or5F51
     K23TB9O ZC2012 01 24.33314007 41 57.480+16 22 36.84         21.8 rW~9Or5F51
     K23TB9O ZC2012 01 24.34534007 41 56.688+16 22 36.12         21.8 rW~9Or5F51
     K23TB9O ZC2012 02 13.24493507 25 27.864+16 09 23.40         22.4 iW~9Or5F51
     K23TB9O ZC2012 02 13.25769507 25 27.408+16 09 23.04         22.4 iW~9Or5F51
     K23TC4P ZC2013 12 04.48482806 13 48.840+47 01 59.52         22.0 gW~9Or5F51
     K23TC4P ZC2013 12 04.49777206 13 48.024+47 02 04.92         22.0 gW~9Or5F51
     K23TI1N ZC2010 02 24.35190310 38 54.096-03 07 24.24         22.5 iW~9Or6F51
     K23TI1N ZC2010 02 24.36125910 38 53.640-03 07 22.08         22.5 iW~9Or6F51
     K23TI1N ZC2011 06 08.34728815 54 26.640-20 42 33.12         22.1 iW~9Or6F51
     K23TI1N ZC2011 06 08.36377115 54 25.872-20 42 28.44         22.1 iW~9Or6F51
     K23TI1N ZC2012 08 27.38522023 00 14.832+06 06 55.44         22.0 iW~9Or6F51
     K23TI1N ZC2012 08 27.39726623 00 14.280+06 06 52.92         22.0 iW~9Or6F51
     K23V51O ZC2023 11 17.36815 03 13 58.23 +04 24 01.4          22.3 GV~9Or9F52
     K23V51O ZC2023 11 17.38125 03 13 57.48 +04 24 03.0          22.3 GV~9Or9F52
     K23V51O ZC2023 11 17.40765 03 13 55.94 +04 24 06.6                V~9Or9F52
     K23W03M ZC2021 06 05.41449 16 32 29.85 -07 35 35.6          22.1 GV~9OrAF51
     K24C30G ZC2025 08 25.41438 22 32 28.96 -05 48 06.8          21.7 GV~9DKWF51
     K24C30G ZC2025 08 25.44739 22 32 26.96 -05 48 10.2          21.5 GV~9DKWF51
     K24C30G ZC2025 08 25.45941 22 32 26.24 -05 48 11.7          21.5 GV~9DKWF51
     K24G31K ZC2024 03 18.48117 13 32 16.01 -16 56 56.4                V~9OrKF51
     K24G31K ZC2024 03 18.49088 13 32 15.69 -16 56 56.5                V~9OrKF51
     K24G31K ZC2024 03 18.50060 13 32 15.37 -16 56 56.3          21.9 GV~9OrKF51
     K24G31K ZC2024 03 18.51033 13 32 15.06 -16 56 56.2          22.0 GV~9OrKF51
     K24H19O ZC2024 06 07.27998 13 55 15.11 -16 10 23.0          22.3 GV~9OrMF52
     K24H19O ZC2024 06 07.29113 13 55 15.00 -16 10 21.3                V~9OrMF52
     K24H19O ZC2024 06 07.30227 13 55 14.90 -16 10 19.4          22.8 GV~9OrMF52
     K24H19O ZC2024 06 07.31341 13 55 14.80 -16 10 17.6          22.3 GV~9OrMF52
     K24J23K ZC2025 10 15.48967 02 32 55.59 +01 01 21.3          22.8 GV~9MAYF51
     K24J23K ZC2025 10 15.50179 02 32 54.89 +01 01 19.7          22.5 GV~9MAYF51
     K24J23K ZC2025 10 15.51391 02 32 54.17 +01 01 18.0          22.8 GV~9MAYF51
     K24J47V ZC2025 07 20.45570 21 39 41.32 -25 32 23.2          22.1 GV~9OrQF52
     K24J47V ZC2025 07 20.46649 21 39 40.94 -25 32 27.6          21.8 GV~9OrQF52
     K24J47V ZC2025 07 20.47730 21 39 40.49 -25 32 31.5          21.9 GV~9OrQF52
     K24J47V ZC2025 07 20.48808 21 39 40.06 -25 32 36.2          22.1 GV~9OrQF52
     K24J65F ZC2025 08 19.48571 23 56 11.01 -04 19 31.6          21.4 GV~9H8qF51
     K24J65F ZC2025 08 19.50819 23 56 10.29 -04 19 37.4          21.5 GV~9H8qF51
     K24J65F ZC2025 08 19.51935 23 56 09.90 -04 19 40.4          21.5 GV~9H8qF51
     K24J65V ZC2025 09 23.40742 01 55 17.33 +06 08 40.8          22.8 GV~9JlSF52
     K24J65V ZC2025 09 23.41894 01 55 16.84 +06 08 37.5          22.0 GV~9JlSF52
     K24J65V ZC2025 09 23.43053 01 55 16.38 +06 08 33.8                V~9JlSF52
     K24J66Q ZC2024 05 04.42161 15 12 52.12 -22 17 05.1          22.6 GV~9OrUF51
     K24J66Q ZC2024 05 04.43484 15 12 51.43 -22 17 04.6                V~9OrUF51
     K24J66Z ZC2024 05 07.52184 15 24 41.10 -08 12 50.5                V~9OrVF51
     K24J66Z ZC2024 05 07.53378 15 24 40.45 -08 12 47.5          22.7 GV~9OrVF51
     K24J66Z ZC2024 05 07.54578 15 24 39.80 -08 12 44.2          22.5 GV~9OrVF51
     K24J66Z ZC2024 05 07.56025 15 24 39.02 -08 12 40.5          22.7 GV~9OrVF51
     K24J67G ZC2025 08 17.43469 22 28 37.07 -25 01 28.5          21.2 GV~9OrWF51
     K24J67G ZC2025 08 17.44511 22 28 36.55 -25 01 32.0          21.6 GV~9OrWF51
     K24J67G ZC2025 08 17.45553 22 28 36.05 -25 01 36.1          21.4 GV~9OrWF51
     K24J67G ZC2025 08 17.46590 22 28 35.59 -25 01 39.7          21.3 GV~9OrWF51
     K24K10Q ZC2021 10 03.54876 02 23 23.13 +01 57 59.4          22.0 GV~9JlTF51
     K24K10Q ZC2021 10 03.56068 02 23 22.63 +01 57 54.0          21.7 GV~9JlTF51
     K24K10Q ZC2021 10 03.58443 02 23 21.64 +01 57 44.0                V~9JlTF51
     K24L20N ZC2025 10 19.47967 02 55 55.51 +06 58 04.0          22.1 GV~9MAZF51
     K24L20N ZC2025 10 19.49249 02 55 54.91 +06 57 59.9          22.4 GV~9MAZF51
     K24L20N ZC2025 10 19.51796 02 55 53.78 +06 57 52.1                V~9MAZF51
     K24L21B ZC2024 06 11.41670 16 15 06.75 -23 39 21.5          21.9 GV~9OrbF52
     K24L21B ZC2024 06 11.42408 16 15 06.33 -23 39 22.8          22.0 GV~9OrbF52
     K24L21B ZC2024 06 11.43144 16 15 05.94 -23 39 23.9                V~9OrbF52
     K24L21B ZC2024 06 11.43878 16 15 05.51 -23 39 24.9          21.8 GV~9OrbF52
     K24M10X ZC2023 03 18.37771 11 36 01.87 -01 28 05.1                V~9OrbF52
     K24M10X ZC2023 03 18.38935 11 36 01.29 -01 27 58.2                V~9OrbF52
     K24M10X ZC2023 03 18.40131 11 36 00.69 -01 27 51.4          22.1 GV~9OrbF52
     K24M10X ZC2023 03 18.41407 11 36 00.06 -01 27 44.0          22.8 GV~9OrbF52
     K24N20Z ZC2025 10 19.54373 03 19 57.43 +08 40 32.2                V~9MAaF51
     K24N20Z ZC2025 10 19.55587 03 19 56.90 +08 40 31.4          21.2 GV~9MAaF51
     K24N20Z ZC2025 10 19.56804 03 19 56.38 +08 40 30.8          21.6 GV~9MAaF51
     K24N20Z ZC2025 10 19.58022 03 19 55.84 +08 40 30.2                V~9MAaF51
     K24O25Q ZC2024 08 03.45611 20 56 50.65 -22 30 46.9          22.6 GV~9OrjF52
     K24O25Q ZC2024 08 03.47016 20 56 49.94 -22 30 47.5                V~9OrjF52
     K24O25Q ZC2024 08 03.49810 20 56 48.52 -22 30 48.8                V~9OrjF52
     K24P39H ZC2024 07 28.44440 22 12 19.49 -12 43 31.5          22.1 GV~9OrnF51
     K24P39H ZC2024 07 28.45543 22 12 19.14 -12 43 33.0                V~9OrnF51
     K24P39H ZC2024 07 28.46642 22 12 18.80 -12 43 34.9          22.0 GV~9OrnF51
     K24P39Q ZC2024 07 03.52566 21 20 48.52 -07 10 43.5          22.4 GV~9OroF51
     K24P39Q ZC2024 07 03.53711 21 20 48.24 -07 10 42.5                V~9OroF51
     K24P39Q ZC2024 07 03.54851 21 20 47.94 -07 10 41.6                V~9OroF51
     K24Q43B ZC2023 05 12.44462 16 34 05.21 -16 46 26.4          21.7 GV~9OrtF52
     K24Q43B ZC2023 05 12.45481 16 34 04.70 -16 46 24.7          21.9 GV~9OrtF52
     K24Q43B ZC2023 05 12.46500 16 34 04.21 -16 46 22.3                V~9OrtF52
     K24Q43B ZC2023 05 12.47522 16 34 03.71 -16 46 20.4          21.7 GV~9OrtF52
     K24Q43H ZC2024 07 28.44440 22 17 32.62 -12 31 56.3          22.9 GV~9OruF51
     K24Q43H ZC2024 07 28.45543 22 17 32.10 -12 31 54.4          22.8 GV~9OruF51
     K24Q43H ZC2024 07 28.46642 22 17 31.58 -12 31 52.8                V~9OruF51
     K24Q43N ZC2025 10 19.54114 02 55 52.26 +08 16 20.1          22.4 GV~9OruF51
     K24Q43N ZC2025 10 19.55331 02 55 51.91 +08 16 17.6                V~9OruF51
     K24Q43N ZC2025 10 19.56547 02 55 51.57 +08 16 15.3          22.3 GV~9OruF51
     K24Q43N ZC2025 10 19.57765 02 55 51.24 +08 16 12.8                V~9OruF51
     K24R10N ZC2014 12 10.43306 03 19 48.16 +23 37 35.1          21.6 i2~9DKdF51
     K24R10N ZC2014 12 10.44521 03 19 47.81 +23 37 31.1          21.2 i2~9DKdF51
     K24RK8G ZC2025 10 30.38323 02 58 32.48 +14 12 02.2          21.9 GV~9Os7F51
     K24RK8G ZC2025 10 30.39663 02 58 31.95 +14 12 02.7                V~9Os7F51
     K24RK8G ZC2025 10 30.41003 02 58 31.45 +14 12 02.9          21.7 GV~9Os7F51
     K24RK8W ZC2024 09 27.51082 01 46 16.19 +05 55 40.8                V~9Os9F52
     K24RK8W ZC2024 09 27.52225 01 46 15.72 +05 55 38.1                V~9Os9F52
     K24RK8W ZC2024 09 27.53362 01 46 15.26 +05 55 35.1          22.7 GV~9Os9F52
     K24RK8W ZC2024 09 27.54495 01 46 14.78 +05 55 32.4          23.0 GV~9Os9F52
     K24RK9Z ZC2024 09 25.45477 00 43 36.55 +00 22 43.8          21.6 GV~9OsCF51
     K24RK9Z ZC2024 09 25.46621 00 43 36.02 +00 22 39.8                V~9OsCF51
     K24RK9Z ZC2024 09 25.47761 00 43 35.47 +00 22 35.9          21.8 GV~9OsCF51
     K24RL0P ZC2024 09 25.46823 00 10 17.72 -01 12 21.1          22.1 GV~9OsDF51
     K24RL0P ZC2024 09 25.47961 00 10 17.19 -01 12 26.5          22.2 GV~9OsDF51
     K24RL0P ZC2024 09 25.49096 00 10 16.71 -01 12 31.7          22.1 GV~9OsDF51
     K24RL1B ZC2024 08 27.53605 00 09 25.21 -06 23 11.4          22.5 GV~9OsEF51
     K24RL1B ZC2024 08 27.54657 00 09 24.86 -06 23 15.0                V~9OsEF51
     K24RL1B ZC2024 08 27.55708 00 09 24.55 -06 23 19.2          22.0 GV~9OsEF51
     K24RL1B ZC2024 08 27.56759 00 09 24.19 -06 23 22.6          22.0 GV~9OsEF51
     K24RL1G ZC2025 10 30.32380 02 32 00.81 +19 58 22.9          21.1 GV~9OsFF51
     K24RL1G ZC2025 10 30.33416 02 32 00.42 +19 58 22.9                V~9OsFF51
     K24RL1G ZC2025 10 30.34452 02 32 00.00 +19 58 22.5          21.5 GV~9OsFF51
     K24RL1G ZC2025 10 30.35493 02 31 59.60 +19 58 22.6                V~9OsFF51
     K24S72E ZC2025 09 17.43045 01 55 17.03 +22 50 32.4          21.8 GV~9JlVF52
     K24S72E ZC2025 09 17.44338 01 55 16.67 +22 50 33.7          22.0 GV~9JlVF52
     K24S72E ZC2025 09 17.45635 01 55 16.35 +22 50 35.7          21.9 GV~9JlVF52
     K24S72E ZC2025 09 17.46943 01 55 16.02 +22 50 36.4          22.1 GV~9JlVF52
     K24S80Z ZC2024 09 04.46847 23 43 04.35 +00 03 10.6          21.9 GV~9OsMF52
     K24S80Z ZC2024 09 04.47853 23 43 03.76 +00 03 10.8          22.1 GV~9OsMF52
     K24S80Z ZC2024 09 04.48851 23 43 03.18 +00 03 10.8          22.1 GV~9OsMF52
     K24S80Z ZC2024 09 04.49852 23 43 02.60 +00 03 10.8                V~9OsMF52
     K24T62C ZC2014 01 10.32555607 28 15.024+17 36 54.00         21.8 iW~9OsOF51
     K24T62C ZC2014 01 10.33931807 28 14.112+17 36 55.44         21.8 iW~9OsOF51
     K24T84S ZC2023 06 16.41044 16 40 57.94 -14 35 59.8          21.9 GV~9H8xF51
     K24T84S ZC2023 06 16.42227 16 40 57.30 -14 35 58.3                V~9H8xF51
     K24T84S ZC2023 06 16.44590 16 40 56.07 -14 35 56.3          21.7 GV~9H8xF51
     K24T85D ZC2025 10 30.33675 02 46 06.10 +22 56 37.8                V~9OsQF51
     K24T85D ZC2025 10 30.34711 02 46 05.67 +22 56 38.0          21.4 GV~9OsQF51
     K24T85D ZC2025 10 30.35752 02 46 05.26 +22 56 37.7                V~9OsQF51
     K24T85Y ZC2024 10 08.34401 01 05 59.15 +16 47 34.0          22.4 GV~9OsRF51
     K24T85Y ZC2024 10 08.35536 01 05 58.60 +16 47 31.3                V~9OsRF51
     K24T85Y ZC2024 10 08.36681 01 05 58.05 +16 47 28.2          22.5 GV~9OsRF51
     K24T86G ZC2024 09 28.48477 01 39 26.26 +00 33 36.4                V~9OsSF52
     K24T86G ZC2024 09 28.49682 01 39 25.71 +00 33 34.9          22.7 GV~9OsSF52
     K24T86G ZC2024 09 28.50885 01 39 25.19 +00 33 33.8          22.8 GV~9OsSF52
     K24T86G ZC2024 09 28.52091 01 39 24.60 +00 33 32.2                V~9OsSF52
     K24T86M ZC2022 06 04.35346 15 40 53.42 -26 41 56.8          22.5 GV~9OsTF52
     K24T86M ZC2022 06 04.36363 15 40 52.86 -26 41 56.7                V~9OsTF52
     K24T86M ZC2022 06 04.38401 15 40 51.81 -26 41 57.2          22.4 GV~9OsTF52
     K24WA7V ZC2024 11 22.53958 04 43 57.46 +15 41 47.5                V~9OsaF52
     K24WA7V ZC2024 11 22.55171 04 43 56.77 +15 41 44.7          22.3 GV~9OsaF52
     K24WA7V ZC2024 11 22.56387 04 43 56.08 +15 41 42.1                V~9OsaF52
     K24WA7V ZC2024 11 22.57604 04 43 55.41 +15 41 39.5          22.3 GV~9OsaF52
     K24X49N ZC2024 11 22.53054 04 13 29.01 +20 36 12.1          22.5 GV~9OsbF52
     K24X49N ZC2024 11 22.54277 04 13 28.31 +20 36 11.4          22.7 GV~9OsbF52
     K24X49N ZC2024 11 22.55493 04 13 27.63 +20 36 10.4                V~9OsbF52
     K24X49U ZC2024 11 22.53762 04 49 47.34 +21 21 14.8          23.1 GV~9OsbF52
     K24X49U ZC2024 11 22.54980 04 49 46.59 +21 21 11.9          22.6 GV~9OsbF52
     K24X49U ZC2024 11 22.56195 04 49 45.82 +21 21 09.3                V~9OsbF52
     K25D13F ZC2020 09 23.42687 02 01 23.92 +18 01 50.4          22.1 GV~9OsjF51
     K25D13F ZC2020 09 23.44006 02 01 23.50 +18 01 49.2                V~9OsjF51
     K25D13F ZC2020 09 23.45354 02 01 23.12 +18 01 47.7                V~9OsjF51
     K25D65R ZC2025 02 22.48919 12 16 19.26 -06 18 35.7          22.6 GV~9OskF52
     K25D65R ZC2025 02 22.50208 12 16 18.85 -06 18 35.5                V~9OskF52
     K25D65R ZC2025 02 22.51501 12 16 18.43 -06 18 35.2          22.6 GV~9OskF52
     K25D65R ZC2025 02 22.52796 12 16 18.02 -06 18 34.8          22.4 GV~9OskF52
     K25D67E ZC2025 01 24.39138 09 21 55.56 +10 49 22.5                V~9OsoF52
     K25D67E ZC2025 01 24.40355 09 21 54.82 +10 49 21.7                V~9OsoF52
     K25D67E ZC2025 01 24.41580 09 21 54.10 +10 49 21.3          22.1 GV~9OsoF52
     K25D67E ZC2025 01 24.42799 09 21 53.39 +10 49 20.8          22.3 GV~9OsoF52
     K25D67N ZC2025 01 24.39395 09 30 52.33 +11 35 22.1          21.6 GV~9OsoF52
     K25D67N ZC2025 01 24.40610 09 30 51.67 +11 35 23.1          21.5 GV~9OsoF52
     K25D67N ZC2025 01 24.41834 09 30 50.94 +11 35 24.5                V~9OsoF52
     K25D67N ZC2025 01 24.43053 09 30 50.26 +11 35 25.7          21.9 GV~9OsoF52
     K25E15L ZC2025 03 26.40646 13 45 04.87 +06 17 59.2                V~9OspF52
     K25E15L ZC2025 03 26.42054 13 45 04.27 +06 18 03.0          22.0 GV~9OspF52
     K25E15L ZC2025 03 26.43466 13 45 03.67 +06 18 07.3          22.2 GV~9OspF52
     K25E15L ZC2025 03 26.44887 13 45 03.08 +06 18 11.4                V~9OspF52
     K25H42H ZC2022 11 25.44396 04 03 55.23 +06 05 06.2                V~9H94F51
     K25H42H ZC2022 11 25.45681 04 03 54.56 +06 05 04.9                V~9H94F51
     K25H42H ZC2022 11 25.47137 04 03 53.85 +06 05 04.0          22.7 GV~9H94F51
     K25H42H ZC2022 11 25.48427 04 03 53.19 +06 05 02.9          22.9 GV~9H94F51
     K25H51T ZC2025 03 23.52910 13 59 50.27 -10 46 02.1          22.2 GV~9Ot0F51
     K25H51T ZC2025 03 23.54017 13 59 49.93 -10 46 00.0          22.0 GV~9Ot0F51
     K25H51T ZC2025 03 23.55124 13 59 49.60 -10 45 57.9          22.1 GV~9Ot0F51
     K25H51T ZC2025 03 23.56232 13 59 49.26 -10 45 55.6                V~9Ot0F51
     K25H51T ZC2025 03 29.47197 13 56 40.22 -10 24 53.8          22.0 GV~9Ot0F52
     K25H51T ZC2025 03 29.48410 13 56 39.76 -10 24 50.8          21.8 GV~9Ot0F52
     K25H51T ZC2025 03 29.49625 13 56 39.31 -10 24 47.9          21.8 GV~9Ot0F52
     K25H51W ZC2025 04 28.40773 14 41 53.29 -05 07 55.1          22.1 GV~9Ot1F51
     K25H51W ZC2025 04 28.41982 14 41 52.67 -05 07 51.5                V~9Ot1F51
     K25H51W ZC2025 04 28.43190 14 41 52.03 -05 07 48.2          22.3 GV~9Ot1F51
     K25H51W ZC2025 04 28.44399 14 41 51.37 -05 07 44.6                V~9Ot1F51
     K25J04V ZC2012 04 11.28456 08 35 46.77 -02 52 43.7          21.7 g2~9DKjF51
     K25J04V ZC2012 04 11.29687 08 35 47.25 -02 52 37.2          22.0 g2~9DKjF51
     K25K21X ZC2011 01 06.50399 07 45 41.89 +01 09 21.2          21.3 i2~9Ot3F51
     K25M99X ZC2025 07 27.44292 20 29 20.44 -26 25 32.6          21.4 GV~9JlXF52
     K25M99X ZC2025 07 27.45055 20 29 20.06 -26 25 38.6          21.4 GV~9JlXF52
     K25M99X ZC2025 07 27.45818 20 29 19.67 -26 25 44.5          21.2 GV~9JlXF52
     K25M99Y ZC2025 08 17.38618 21 12 10.18 -18 22 23.1          21.5 GV~9JlXF51
     K25M99Y ZC2025 08 17.39731 21 12 09.67 -18 22 28.0          21.1 GV~9JlXF51
     K25M99Y ZC2025 08 17.40842 21 12 09.17 -18 22 32.8          21.3 GV~9JlXF51
     K25M99Y ZC2025 08 17.41954 21 12 08.65 -18 22 36.9          21.6 GV~9JlXF51
     K25MA0H*ZC2025 06 28.46218 20 25 19.08 -11 30 14.5          21.7 GV~9Ot8F51
     K25MA0H ZC2025 06 28.47505 20 25 18.70 -11 30 13.0          21.7 GV~9Ot8F51
     K25MA0H ZC2025 06 28.48791 20 25 18.29 -11 30 11.9          21.7 GV~9Ot8F51
     K25MA0R ZC2025 06 22.45089 19 52 54.90 -26 19 42.8          22.7 GV~9Ot9F52
     K25MA0R ZC2025 06 22.45595 19 52 54.67 -26 19 41.9          22.5 GV~9Ot9F52
     K25N10S ZC2025 08 18.45190 22 50 47.59 -03 27 33.3          21.5 GV~9MAyF51
     K25N10S ZC2025 08 18.46332 22 50 46.96 -03 27 33.0          21.5 GV~9MAyF51
     K25N10S ZC2025 08 18.47475 22 50 46.32 -03 27 32.9          20.9 GV~9MAyF51
     K25N10S ZC2025 08 18.48616 22 50 45.71 -03 27 33.0          21.2 GV~9MAyF51
     K25O41A ZC2025 08 25.41983 22 31 02.82 +00 29 41.3          21.3 GV~9DKoF51
     K25O41A ZC2025 08 25.44080 22 31 01.35 +00 29 39.2                V~9DKoF51
     K25O41A ZC2025 08 25.45282 22 31 00.52 +00 29 38.9          21.5 GV~9DKoF51
     K25O41A ZC2025 08 25.46484 22 30 59.65 +00 29 37.3                V~9DKoF51
     K25O41R ZC2025 08 25.41906 22 40 55.56 -02 46 17.1                V~9DKoF51
     K25O41R ZC2025 08 25.44004 22 40 54.70 -02 46 25.1                V~9DKoF51
     K25O41R ZC2025 08 25.45206 22 40 54.20 -02 46 29.1          22.0 GV~9DKoF51
     K25O41R ZC2025 08 25.46409 22 40 53.70 -02 46 33.7                V~9DKoF51
     K25O47H ZC2025 08 25.41244 22 22 24.09 -04 10 29.9                V~9DKpF51
     K25O47H ZC2025 08 25.43341 22 22 22.95 -04 10 35.9          21.5 GV~9DKpF51
     K25O47H ZC2025 08 25.44544 22 22 22.26 -04 10 39.4          21.6 GV~9DKpF51
     K25O47H ZC2025 08 25.45746 22 22 21.59 -04 10 42.7          21.9 GV~9DKpF51
     K25O50F ZC2025 08 25.41114 22 07 14.93 -05 26 37.2          21.8 GV~9DKpF51
     K25O50F ZC2025 08 25.43212 22 07 14.08 -05 26 44.2          21.9 GV~9DKpF51
     K25O50F ZC2025 08 25.44414 22 07 13.55 -05 26 47.6          21.6 GV~9DKpF51
     K25O50F ZC2025 08 25.45614 22 07 13.06 -05 26 51.6          21.7 GV~9DKpF51
     K25O52V ZC2025 08 25.41503 22 43 10.37 -04 50 07.5                V~9DKpF51
     K25O52V ZC2025 08 25.44805 22 43 08.82 -04 50 19.3          21.0 GV~9DKpF51
     K25O52V ZC2025 08 25.46007 22 43 08.25 -04 50 23.8          21.8 GV~9DKpF51
     K25O53D ZC2025 09 16.42081 00 16 45.01 -08 28 03.7                V~9DKpF51
     K25O53D ZC2025 09 16.44287 00 16 44.12 -08 28 21.0          21.5 GV~9DKpF51
     K25O53D ZC2025 09 16.45391 00 16 43.66 -08 28 29.4          21.6 GV~9DKpF51
     K25O54V ZC2025 08 18.45051 22 45 05.24 -00 41 28.5          21.7 GV~9H95F51
     K25O54V ZC2025 08 18.46193 22 45 04.66 -00 41 30.8                V~9H95F51
     K25O54V ZC2025 08 18.47337 22 45 04.09 -00 41 33.3          21.9 GV~9H95F51
     K25O54V ZC2025 08 18.48478 22 45 03.52 -00 41 35.8          21.0 GV~9H95F51
     K25O54Y ZC2025 08 25.41179 22 21 27.41 -07 45 18.5                V~9DKqF51
     K25O54Y ZC2025 08 25.43277 22 21 26.37 -07 45 24.0                V~9DKqF51
     K25O54Y ZC2025 08 25.44479 22 21 25.76 -07 45 27.4          21.9 GV~9DKqF51
     K25O54Y ZC2025 08 25.45680 22 21 25.16 -07 45 30.7          21.5 GV~9DKqF51
     K25O55A ZC2025 08 25.41244 22 19 23.51 -04 00 54.2          21.6 GV~9DKrF51
     K25O55A ZC2025 08 25.43341 22 19 22.27 -04 01 02.7          21.5 GV~9DKrF51
     K25O55A ZC2025 08 25.44544 22 19 21.55 -04 01 08.0          21.6 GV~9DKrF51
     K25O55A ZC2025 08 25.45746 22 19 20.85 -04 01 12.6          21.7 GV~9DKrF51
     K25O55B ZC2025 08 25.41906 22 42 46.68 -01 49 51.5                V~9DKrF51
     K25O55B ZC2025 08 25.45206 22 42 44.98 -01 50 05.1          21.3 GV~9DKrF51
     K25O55B ZC2025 08 25.46409 22 42 44.36 -01 50 10.6                V~9DKrF51
     K25O55C ZC2025 08 25.41438 22 33 36.57 -05 36 26.6                V~9DKrF51
     K25O55C ZC2025 08 25.43536 22 33 35.31 -05 36 26.1                V~9DKrF51
     K25O55C ZC2025 08 25.44737 22 33 34.62 -05 36 25.6                V~9DKrF51
     K25O55C ZC2025 08 25.45941 22 33 33.89 -05 36 25.5          21.6 GV~9DKrF51
     K25O55F ZC2025 08 25.43212 22 05 42.74 -05 42 04.6                V~9DKrF51
     K25O55F ZC2025 08 25.44414 22 05 42.11 -05 42 05.6          22.0 GV~9DKrF51
     K25O55F ZC2025 08 25.45614 22 05 41.51 -05 42 06.9          21.6 GV~9DKrF51
     K25O55G ZC2025 08 18.45325 22 44 22.78 -05 34 27.8                V~9H95F51
     K25O55G ZC2025 08 18.46465 22 44 22.12 -05 34 24.8          21.5 GV~9H95F51
     K25O55G ZC2025 08 18.47609 22 44 21.42 -05 34 21.8          21.1 GV~9H95F51
     K25O55G ZC2025 08 25.41503 22 37 32.78 -05 04 45.8          21.5 GV~9DKrF51
     K25O55G ZC2025 08 25.44805 22 37 30.59 -05 04 37.6                V~9DKrF51
     K25O55G ZC2025 08 25.46007 22 37 29.79 -05 04 35.1          22.2 GV~9DKrF51
     K25O55J ZC2025 08 18.46465 22 45 27.90 -04 13 28.8          21.8 GV~9H95F51
     K25O55J ZC2025 08 18.47609 22 45 27.36 -04 13 30.9          22.0 GV~9H95F51
     K25O55J ZC2025 08 18.48750 22 45 26.78 -04 13 32.9          21.8 GV~9H95F51
     K25O55K ZC2025 08 18.45325 22 48 54.97 -05 28 51.2          21.8 GV~9H95F51
     K25O55K ZC2025 08 18.46465 22 48 54.44 -05 28 54.2          21.8 GV~9H95F51
     K25O55K ZC2025 08 18.47609 22 48 53.88 -05 28 56.8          21.9 GV~9H95F51
     K25O55K ZC2025 08 18.48750 22 48 53.34 -05 29 00.1          21.8 GV~9H95F51
     K25O55L ZC2025 08 17.43469 22 24 08.60 -25 58 41.5          21.2 GV~9H95F51
     K25O55L ZC2025 08 17.44511 22 24 08.08 -25 58 45.1          21.0 GV~9H95F51
     K25O55L ZC2025 08 17.45553 22 24 07.55 -25 58 48.4          21.0 GV~9H95F51
     K25O55L ZC2025 08 17.46590 22 24 07.04 -25 58 51.8          21.0 GV~9H95F51
     K25O55M ZC2025 08 18.45325 22 48 28.83 -05 30 47.3          21.3 GV~9H95F51
     K25O55M ZC2025 08 18.46465 22 48 28.37 -05 30 51.5          21.8 GV~9H95F51
     K25O55M ZC2025 08 18.48750 22 48 27.48 -05 30 59.0          21.8 GV~9H95F51
     K25O55Q ZC2025 09 15.45217 23 47 51.75 -14 52 41.6                V~9H95F52
     K25O55Q ZC2025 09 15.46365 23 47 51.07 -14 52 41.6          21.6 GV~9H95F52
     K25O55Q ZC2025 09 15.47514 23 47 50.39 -14 52 41.2          21.7 GV~9H95F52
     K25O55S ZC2025 08 25.41179 22 14 48.53 -06 23 55.0                V~9H96F51
     K25O55S ZC2025 08 25.43277 22 14 47.61 -06 24 09.1          21.6 GV~9H96F51
     K25O55S ZC2025 08 25.44479 22 14 47.05 -06 24 17.7          21.7 GV~9H96F51
     K25O55S ZC2025 08 25.45680 22 14 46.49 -06 24 26.2          21.6 GV~9H96F51
     K25O55W ZC2025 08 23.48818 23 45 36.49 -11 33 12.9                V~9H96F51
     K25O55W ZC2025 08 23.49901 23 45 35.85 -11 33 09.7          22.0 GV~9H96F51
     K25O55W ZC2025 08 23.51000 23 45 35.19 -11 33 07.1                V~9H96F51
     K25O55W ZC2025 08 23.52081 23 45 34.55 -11 33 04.3          21.8 GV~9H96F51
     K25O55X ZC2025 08 18.45051 22 47 55.58 -00 58 03.2                V~9JlZF51
     K25O55X ZC2025 08 18.46193 22 47 55.10 -00 58 06.1          21.8 GV~9JlZF51
     K25O55X ZC2025 08 18.47337 22 47 54.62 -00 58 09.6          21.8 GV~9JlZF51
     K25O55X ZC2025 08 18.48478 22 47 54.14 -00 58 13.1                V~9JlZF51
     K25O58U ZC2019 05 01.43098 14 26 51.26 -24 25 14.8          22.5 GV~9OtKF51
     K25O58U ZC2019 05 01.44328 14 26 50.63 -24 25 09.5          22.0 GV~9OtKF51
     K25O58U ZC2019 05 01.45555 14 26 49.97 -24 25 05.0          21.7 GV~9OtKF51
     K25O58U ZC2019 05 01.46782 14 26 49.37 -24 25 00.1          21.9 GV~9OtKF51
     K25O59R ZC2025 08 18.45325 22 44 23.87 -06 00 44.3          21.9 GV~9OtMF51
     K25O59R ZC2025 08 18.46465 22 44 23.34 -06 00 47.3                V~9OtMF51
     K25O59R ZC2025 08 18.47609 22 44 22.84 -06 00 50.1          22.0 GV~9OtMF51
     K25O59R ZC2025 08 18.48750 22 44 22.32 -06 00 53.2          22.0 GV~9OtMF51
     K25O59Z ZC2025 08 25.44080 22 29 22.36 -01 10 15.9          21.9 GV~9OtNF51
     K25O59Z ZC2025 08 25.45282 22 29 21.85 -01 10 20.5                V~9OtNF51
     K25O59Z ZC2025 08 25.46484 22 29 21.30 -01 10 25.5          21.6 GV~9OtNF51
     K25O60F ZC2025 08 25.41503 22 42 52.69 -05 56 30.9          21.2 GV~9OtNF51
     K25O60F ZC2025 08 25.43602 22 42 51.59 -05 56 41.2                V~9OtNF51
     K25O60F ZC2025 08 25.44805 22 42 50.98 -05 56 47.5                V~9OtNF51
     K25O60G ZC2025 08 23.49978 23 54 34.01 -14 47 32.3          22.0 GV~9OtNF51
     K25O60G ZC2025 08 23.51077 23 54 33.68 -14 47 38.5                V~9OtNF51
     K25O60G ZC2025 08 23.52157 23 54 33.38 -14 47 44.5          21.8 GV~9OtNF51
     K25P09W ZC2025 08 25.43471 22 32 05.13 -04 31 19.4          21.1 GV~9DKsF51
     K25P09W ZC2025 08 25.44674 22 32 04.39 -04 31 20.4          21.0 GV~9DKsF51
     K25P14R ZC2025 08 19.48506 23 47 23.70 -01 18 04.8          20.9 GV~9H96F51
     K25P14R ZC2025 08 19.49620 23 47 23.35 -01 18 03.3          20.6 GV~9H96F51
     K25P18A ZC2025 09 20.46903 01 46 22.47 -02 27 43.7                V~9JlaF51
     K25P18A ZC2025 09 20.48099 01 46 21.83 -02 27 43.5          21.5 GV~9JlaF51
     K25P18A ZC2025 09 20.50499 01 46 20.61 -02 27 43.2          21.8 GV~9JlaF51
     K25P18T ZC2025 08 17.40378 22 03 45.14 -19 14 56.7          22.1 GV~9OtQF51
     K25P18T ZC2025 08 17.41491 22 03 44.62 -19 15 01.8          21.8 GV~9OtQF51
     K25P18T ZC2025 08 17.42602 22 03 44.12 -19 15 06.7          22.0 GV~9OtQF51
     K25P19B ZC2025 07 28.41794 20 24 39.65 -06 44 49.1          22.3 GV~9OtRF52
     K25P19B ZC2025 07 28.42751 20 24 39.16 -06 44 53.8          22.4 GV~9OtRF52
     K25P19B ZC2025 07 28.43711 20 24 38.68 -06 44 58.1          22.5 GV~9OtRF52
     K25P19B ZC2025 07 28.44670 20 24 38.17 -06 45 02.6                V~9OtRF52
     K25Q01Z ZC2025 10 16.41581 01 25 40.73 -13 32 35.0          22.0 GV~9OtSF51
     K25Q01Z ZC2025 10 16.42566 01 25 40.39 -13 32 31.0          22.2 GV~9OtSF51
     K25Q01Z ZC2025 10 16.43555 01 25 40.03 -13 32 28.0          22.0 GV~9OtSF51
     K25Q23S ZC2025 10 16.41837 01 37 48.00 -15 31 21.8          21.0 GV~9OtVF51
     K25Q23S ZC2025 10 16.42825 01 37 47.57 -15 31 25.4          21.2 GV~9OtVF51
     K25Q23S ZC2025 10 16.43812 01 37 47.15 -15 31 28.1          22.0 GV~9OtVF51
     K25Q23X ZC2025 08 18.46193 22 47 21.84 +00 48 49.9          20.5 GV~9H97F51
     K25Q23X ZC2025 08 18.47337 22 47 21.34 +00 48 45.4          20.3 GV~9H97F51
     K25Q23X ZC2025 08 18.48478 22 47 20.84 +00 48 41.0          20.3 GV~9H97F51
     K25Q25O ZC2025 08 18.45325 22 41 19.97 -05 31 31.4                V~9H97F51
     K25Q25O ZC2025 08 18.47609 22 41 19.04 -05 31 38.9          21.6 GV~9H97F51
     K25Q25O ZC2025 08 18.48750 22 41 18.57 -05 31 42.5          20.8 GV~9H97F51
     K25Q43W ZC2025 09 17.30916 23 32 56.51 +08 05 23.0                V~9DL1F52
     K25Q43W ZC2025 09 17.33076 23 32 55.45 +08 05 19.6          21.3 GV~9DL1F52
     K25Q43W ZC2025 09 17.34158 23 32 54.92 +08 05 17.9          21.3 GV~9DL1F52
     K25Q48B ZC2025 08 19.48571 23 53 59.27 -05 01 18.2          21.5 GV~9H98F51
     K25Q48B ZC2025 08 19.49685 23 53 59.25 -05 01 28.5          21.6 GV~9H98F51
     K25Q48B ZC2025 08 19.50819 23 53 59.23 -05 01 38.2          21.7 GV~9H98F51
     K25Q48H ZC2025 08 23.50831 23 55 25.33 -09 49 28.4                V~9H98F51
     K25Q48H ZC2025 08 23.51930 23 55 25.05 -09 49 34.6          21.9 GV~9H98F51
     K25Q48H ZC2025 08 23.53011 23 55 24.81 -09 49 40.4          21.4 GV~9H98F51
     K25Q54E ZC2025 08 19.48635 23 56 04.99 -08 04 52.6          21.6 GV~9H98F51
     K25Q54E ZC2025 08 19.49750 23 56 04.63 -08 04 56.6          21.5 GV~9H98F51
     K25Q54E ZC2025 08 19.50884 23 56 04.23 -08 05 00.6          22.0 GV~9H98F51
     K25Q54E ZC2025 08 19.51999 23 56 03.92 -08 05 05.1          21.7 GV~9H98F51
     K25Q54F ZC2025 08 19.48700 23 45 15.10 -06 42 56.6          21.3 GV~9H98F51
     K25Q54F ZC2025 08 19.49815 23 45 14.80 -06 42 59.4          21.3 GV~9H98F51
     K25Q54G ZC2025 08 23.48742 23 54 42.20 -11 19 44.2          21.0 GV~9H98F51
     K25Q54G ZC2025 08 23.49826 23 54 41.81 -11 19 47.7          21.6 GV~9H98F51
     K25Q54G ZC2025 08 23.50925 23 54 41.39 -11 19 51.3          21.3 GV~9H98F51
     K25Q54G ZC2025 08 23.52005 23 54 41.03 -11 19 54.8                V~9H98F51
     K25Q55Y ZC2025 09 16.46739 00 22 37.54 +05 13 48.3          21.8 GV~9DL3F51
     K25Q55Y ZC2025 09 16.51038 00 22 35.95 +05 13 22.8          22.0 GV~9DL3F51
     K25Q55Y ZC2025 09 16.52245 00 22 35.50 +05 13 15.4          21.7 GV~9DL3F51
     K25Q58R ZC2025 09 18.47514 01 57 28.26 +07 27 46.9          20.6 GV~9JlcF52
     K25Q58R ZC2025 09 18.48752 01 57 27.99 +07 27 45.5          21.4 GV~9JlcF52
     K25Q58R ZC2025 09 18.49997 01 57 27.73 +07 27 44.2          21.3 GV~9JlcF52
     K25Q58R ZC2025 09 18.51243 01 57 27.45 +07 27 42.8          21.0 GV~9JlcF52
     K25Q59C ZC2025 09 16.47275 00 58 46.91 +02 39 10.5          21.2 GV~9JlcF51
     K25Q59C ZC2025 09 16.50362 00 58 45.56 +02 38 57.2          20.9 GV~9JlcF51
     K25Q59C ZC2025 09 16.51567 00 58 45.04 +02 38 52.2          21.1 GV~9JlcF51
     K25Q62C ZC2025 08 19.48571 23 51 15.76 -04 51 15.5          22.1 GV~9H99F51
     K25Q62C ZC2025 08 19.49685 23 51 15.39 -04 51 16.3          21.9 GV~9H99F51
     K25Q62C ZC2025 08 19.50819 23 51 14.99 -04 51 18.1          21.5 GV~9H99F51
     K25Q62C ZC2025 08 19.51935 23 51 14.60 -04 51 19.0          21.4 GV~9H99F51
     K25Q63J ZC2025 08 18.45051 22 38 33.10 -00 04 55.3                V~9H99F51
     K25Q63J ZC2025 08 18.47337 22 38 32.35 -00 05 10.7                V~9H99F51
     K25Q63J ZC2025 08 18.48478 22 38 31.98 -00 05 18.2          21.4 GV~9H99F51
     K25Q66E ZC2025 08 19.48506 23 47 29.32 -00 36 55.9          21.6 GV~9H99F51
     K25Q66E ZC2025 08 19.49620 23 47 28.75 -00 36 53.0          21.8 GV~9H99F51
     K25Q66E ZC2025 08 19.50754 23 47 28.18 -00 36 49.7          21.6 GV~9H99F51
     K25Q84N ZC2025 08 19.48506 23 44 16.97 -00 20 00.7          21.4 GV~9H9AF51
     K25Q84N ZC2025 08 19.49620 23 44 16.49 -00 19 59.8          22.1 GV~9H9AF51
     K25Q84N ZC2025 08 19.50754 23 44 16.11 -00 20 00.5          21.7 GV~9H9AF51
     K25Q84N ZC2025 08 19.51870 23 44 15.67 -00 20 00.4          21.2 GV~9H9AF51
     K25Q86X ZC2025 09 18.47385 01 59 54.37 +04 00 06.7          20.5 GV~9JleF52
     K25Q86X ZC2025 09 18.48626 01 59 54.13 +03 59 58.9          21.5 GV~9JleF52
     K25Q86X ZC2025 09 18.49870 01 59 53.89 +03 59 51.1          21.2 GV~9JleF52
     K25Q86X ZC2025 09 18.51115 01 59 53.65 +03 59 43.3          20.7 GV~9JleF52
     K25Q87F ZC2025 08 25.41983 22 33 03.95 -01 52 28.1          21.7 GV~9DLKF51
     K25Q87F ZC2025 08 25.44080 22 33 02.86 -01 52 33.8          21.3 GV~9DLKF51
     K25Q87F ZC2025 08 25.45282 22 33 02.22 -01 52 37.0          21.6 GV~9DLKF51
     K25Q88L ZC2014 09 13.59057 00 17 16.75 +19 47 11.4          21.2 i2~9DLNF51
     K25Q88L ZC2014 09 13.60245 00 17 16.04 +19 47 14.5          21.1 i2~9DLNF51
     K25Q89F ZC2025 09 18.41499 02 09 32.28 +17 19 08.7          21.6 GV~9JlfF52
     K25Q89F ZC2025 09 18.42763 02 09 32.00 +17 19 15.7          20.1 GV~9JlfF52
     K25Q89F ZC2025 09 18.44028 02 09 31.76 +17 19 22.9          20.9 GV~9JlfF52
     K25Q89F ZC2025 09 18.45295 02 09 31.49 +17 19 29.3          20.7 GV~9JlfF52
     K25Q91K ZC2025 08 19.48700 23 42 20.25 -07 03 12.3          21.4 GV~9H9DF51
     K25Q91K ZC2025 08 19.49815 23 42 19.90 -07 03 20.4          21.8 GV~9H9DF51
     K25Q91K ZC2025 08 19.50950 23 42 19.61 -07 03 28.3          21.2 GV~9H9DF51
     K25Q91L ZC2025 08 23.48818 23 44 20.44 -12 34 48.7                V~9H9DF51
     K25Q91L ZC2025 08 23.51000 23 44 19.43 -12 34 54.0          21.8 GV~9H9DF51
     K25Q91L ZC2025 08 23.52081 23 44 18.95 -12 34 56.2                V~9H9DF51
     K25Q91M ZC2025 08 19.48700 23 43 37.54 -07 13 35.1          21.2 GV~9H9DF51
     K25Q91M ZC2025 08 19.50950 23 43 36.86 -07 13 39.6          21.2 GV~9H9DF51
     K25Q91N ZC2025 08 19.48635 23 56 32.48 -05 55 25.0          21.5 GV~9H9DF51
     K25Q91N ZC2025 08 19.49750 23 56 32.08 -05 55 24.7          21.6 GV~9H9DF51
     K25Q91N ZC2025 08 19.50884 23 56 31.69 -05 55 25.0          21.8 GV~9H9DF51
     K25Q91N ZC2025 08 19.51999 23 56 31.33 -05 55 24.4          21.7 GV~9H9DF51
     K25Q91P ZC2025 08 23.48818 23 52 18.08 -11 16 01.6                V~9H9EF51
     K25Q91P ZC2025 08 23.49901 23 52 17.55 -11 15 59.8          21.8 GV~9H9EF51
     K25Q91P ZC2025 08 23.51000 23 52 16.97 -11 15 58.3          22.2 GV~9H9EF51
     K25Q91P ZC2025 08 23.52081 23 52 16.43 -11 15 56.7          22.1 GV~9H9EF51
     K25Q91R ZC2025 08 19.48571 23 56 22.33 -05 23 51.3          21.6 GV~9H9EF51
     K25Q91R ZC2025 08 19.49685 23 56 21.98 -05 23 53.8          21.4 GV~9H9EF51
     K25Q91R ZC2025 08 19.50819 23 56 21.66 -05 23 56.8          22.0 GV~9H9EF51
     K25Q91R ZC2025 08 19.51935 23 56 21.32 -05 23 59.4          21.1 GV~9H9EF51
     K25Q91S ZC2025 08 23.48742 23 57 21.81 -11 22 39.2          22.0 GV~9H9EF51
     K25Q91S ZC2025 08 23.50925 23 57 21.25 -11 22 49.6          22.1 GV~9H9EF51
     K25Q91S ZC2025 08 23.52005 23 57 21.00 -11 22 55.0                V~9H9EF51
     K25Q92K ZC2025 10 15.50114 02 38 42.94 +05 04 37.0          22.1 GV~9MB3F51
     K25Q92K ZC2025 10 15.51326 02 38 42.36 +05 04 35.7          22.0 GV~9MB3F51
     K25Q92K ZC2025 10 15.52539 02 38 41.76 +05 04 34.2          22.3 GV~9MB3F51
     K25Q92V ZC2025 08 25.43471 22 32 57.79 -03 53 09.4          21.7 GV~9H9GF51
     K25Q92V ZC2025 08 25.44674 22 32 57.25 -03 53 14.7          21.7 GV~9H9GF51
     K25Q92V ZC2025 08 25.45876 22 32 56.70 -03 53 19.7                V~9H9GF51
     K25Q93X ZC2025 10 15.48967 02 37 59.65 +01 20 11.9          21.7 GV~9MB3F51
     K25Q93X ZC2025 10 15.50179 02 37 58.95 +01 20 11.9          21.4 GV~9MB3F51
     K25Q93X ZC2025 10 15.51391 02 37 58.27 +01 20 11.7          21.7 GV~9MB3F51
     K25Q93X ZC2025 10 15.52604 02 37 57.59 +01 20 11.9          22.0 GV~9MB3F51
     K25Q94X ZC2023 03 18.37897 11 39 38.75 -06 13 01.5          22.7 GV~9H9LF52
     K25Q94X ZC2023 03 18.39062 11 39 38.19 -06 12 59.4          22.5 GV~9H9LF52
     K25Q94X ZC2023 03 18.40274 11 39 37.58 -06 12 57.1                V~9H9LF52
     K25Q94X ZC2023 03 18.41549 11 39 36.96 -06 12 54.8          22.4 GV~9H9LF52
     K25Q98D ZC2025 10 13.56092 02 21 28.35 +17 12 05.4          21.1 GV~9MB4F51
     K25Q98D ZC2025 10 13.57517 02 21 27.72 +17 11 57.1          21.3 GV~9MB4F51
     K25Q98D ZC2025 10 13.58940 02 21 27.14 +17 11 49.1          21.7 GV~9MB4F51
     K25Q98D ZC2025 10 13.60361 02 21 26.52 +17 11 41.2          21.8 GV~9MB4F51
     K25Q98Y ZC2025 08 18.45255 22 59 14.85 -04 45 55.3          21.0 GV~9MB4F51
     K25Q98Y ZC2025 08 18.46396 22 59 14.33 -04 45 59.1          20.7 GV~9MB4F51
     K25Q98Y ZC2025 08 18.47540 22 59 13.83 -04 46 03.4          20.8 GV~9MB4F51
     K25Q98Y ZC2025 08 18.48681 22 59 13.33 -04 46 07.7          20.9 GV~9MB4F51
     K25Q99F ZC2025 10 30.32510 02 39 10.94 +24 20 37.8          21.9 GV~9OtsF51
     K25Q99F ZC2025 10 30.33546 02 39 10.29 +24 20 37.1          21.5 GV~9OtsF51
     K25Q99F ZC2025 10 30.35622 02 39 08.90 +24 20 35.6          22.1 GV~9OtsF51
     K25Q99L ZC2025 10 13.55822 02 04 58.95 +23 36 10.5          21.4 GV~9MB5F51
     K25Q99L ZC2025 10 13.57247 02 04 58.23 +23 36 07.7          20.8 GV~9MB5F51
     K25Q99L ZC2025 10 13.58670 02 04 57.48 +23 36 04.5          20.5 GV~9MB5F51
     K25Q99L ZC2025 10 13.60091 02 04 56.77 +23 36 01.1          20.6 GV~9MB5F51
     K25QA0K ZC2025 10 30.32316 02 23 53.02 +17 41 13.4          21.8 GV~9OttF51
     K25QA0K ZC2025 10 30.33351 02 23 52.56 +17 41 09.0          20.6 GV~9OttF51
     K25QA0K ZC2025 10 30.34388 02 23 52.03 +17 41 04.7          20.6 GV~9OttF51
     K25QA0K ZC2025 10 30.35428 02 23 51.54 +17 41 00.3          21.2 GV~9OttF51
     K25QA1M ZC2024 05 09.46986 15 40 40.31 -14 40 35.7                V~9OtwF51
     K25QA1M ZC2024 05 09.48264 15 40 39.70 -14 40 33.0          22.7 GV~9OtwF51
     K25QA1M ZC2024 05 09.49538 15 40 39.09 -14 40 30.0                V~9OtwF51
     K25QA2X ZC2025 08 19.49815 23 45 58.63 -06 28 58.0          21.1 GV~9OtzF51
     K25QA2X ZC2025 08 19.50950 23 45 58.28 -06 29 00.1          20.9 GV~9OtzF51
     K25QA2X ZC2025 08 19.52064 23 45 57.95 -06 29 02.2          20.9 GV~9OtzF51
     K25QA2Y ZC2025 09 16.42466 00 45 28.54 -11 30 39.5          21.7 GV~9OtzF51
     K25QA2Y ZC2025 09 16.43568 00 45 28.10 -11 30 44.4          21.2 GV~9OtzF51
     K25QA2Y ZC2025 09 16.44672 00 45 27.69 -11 30 49.2          21.1 GV~9OtzF51
     K25QA2Y ZC2025 09 16.45777 00 45 27.25 -11 30 54.2          21.1 GV~9OtzF51
     K25QA3F ZC2023 01 22.40578 09 33 24.07 +19 23 41.7          22.4 GV~9Ou0F52
     K25QA3F ZC2023 01 22.41939 09 33 23.32 +19 23 45.9          22.0 GV~9Ou0F52
     K25QA3F ZC2023 01 22.44669 09 33 21.92 +19 23 53.2          22.1 GV~9Ou0F52
     K25QA4Z ZC2020 10 15.58196 03 14 15.71 +24 28 46.4          22.6 GV~9Ou4F51
     K25QA4Z ZC2020 10 15.59463 03 14 15.23 +24 28 44.0          22.5 GV~9Ou4F51
     K25QA4Z ZC2020 10 15.60729 03 14 14.77 +24 28 41.5          22.8 GV~9Ou4F51
     K25QA5C ZC2025 08 19.48374 23 45 33.57 -01 26 25.1          21.4 GV~9Ou4F51
     K25QA5C ZC2025 08 19.49490 23 45 33.27 -01 26 30.1          21.7 GV~9Ou4F51
     K25QA5C ZC2025 08 19.50622 23 45 33.01 -01 26 34.8          21.8 GV~9Ou4F51
     K25QA5C ZC2025 08 19.51738 23 45 32.70 -01 26 39.5          21.7 GV~9Ou4F51
     K25QA5D ZC2025 08 19.48374 23 48 01.80 -01 52 26.0          21.4 GV~9Ou4F51
     K25QA5D ZC2025 08 19.49490 23 48 01.52 -01 52 28.3          21.8 GV~9Ou4F51
     K25QA5D ZC2025 08 19.50622 23 48 01.21 -01 52 31.6          22.0 GV~9Ou4F51
     K25QA5D ZC2025 08 19.51738 23 48 00.92 -01 52 33.5          21.6 GV~9Ou4F51
     K25QA5E ZC2025 08 19.48571 23 50 09.66 -05 49 23.2          21.9 GV~9Ou4F51
     K25QA5E ZC2025 08 19.49685 23 50 09.34 -05 49 25.3          21.6 GV~9Ou4F51
     K25QA5E ZC2025 08 19.50819 23 50 08.98 -05 49 27.5          22.1 GV~9Ou4F51
     K25QA5E ZC2025 08 19.51935 23 50 08.64 -05 49 29.8          21.5 GV~9Ou4F51
     K25QA5F ZC2025 08 18.45255 23 00 22.78 -05 30 06.9          21.2 GV~9Ou4F51
     K25QA5F ZC2025 08 18.46396 23 00 22.19 -05 30 07.3          20.8 GV~9Ou4F51
     K25QA5F ZC2025 08 18.47540 23 00 21.63 -05 30 07.2          21.1 GV~9Ou4F51
     K25QA5F ZC2025 08 18.48681 23 00 21.08 -05 30 07.2          21.2 GV~9Ou4F51
     K25QA5G ZC2025 10 30.32640 02 49 53.60 +23 02 06.4          21.9 GV~9Ou5F51
     K25QA5G ZC2025 10 30.33675 02 49 52.88 +23 02 05.6          21.7 GV~9Ou5F51
     K25QA5G ZC2025 10 30.34711 02 49 52.12 +23 02 03.4          22.1 GV~9Ou5F51
     K25QA5G ZC2025 10 30.35752 02 49 51.38 +23 02 02.7          22.0 GV~9Ou5F51
     K25QA6A ZC2025 10 16.41966 01 53 02.57 -14 02 05.1          21.6 GV~9Ou6F51
     K25QA6A ZC2025 10 16.42954 01 53 02.06 -14 02 06.8          21.5 GV~9Ou6F51
     K25QA6A ZC2025 10 16.43940 01 53 01.62 -14 02 08.6          21.7 GV~9Ou6F51
     K25QA6J ZC2025 08 25.41179 22 18 28.48 -07 16 22.4          21.5 GV~9Ou7F51
     K25QA6J ZC2025 08 25.43277 22 18 27.62 -07 16 36.2          21.2 GV~9Ou7F51
     K25QA6J ZC2025 08 25.45680 22 18 26.62 -07 16 51.1                V~9Ou7F51
     K25R01K ZC2025 09 14.43091 01 48 31.52 +16 17 02.1          21.7 GV~9JlpF52
     K25R01K ZC2025 09 14.44376 01 48 32.24 +16 17 11.5          22.5 GV~9JlpF52
     K25R01K ZC2025 09 14.45658 01 48 32.96 +16 17 20.6          22.2 GV~9JlpF52
     K25R01K ZC2025 09 14.46945 01 48 33.67 +16 17 29.7          22.0 GV~9JlpF52
     K25R08J ZC2025 08 18.45325 22 48 42.68 -04 30 16.4          21.1 GV~9H9NF51
     K25R08J ZC2025 08 18.46465 22 48 42.18 -04 30 20.4                V~9H9NF51
     K25R08J ZC2025 08 18.47609 22 48 41.69 -04 30 24.3                V~9H9NF51
     K25R08J ZC2025 08 18.48750 22 48 41.22 -04 30 28.1          21.3 GV~9H9NF51
     K25R11M ZC2025 09 14.44059 01 50 12.66 +07 03 37.2          21.8 GV~9JlqF52
     K25R11M ZC2025 09 14.45335 01 50 12.39 +07 03 33.6          22.3 GV~9JlqF52
     K25R11M ZC2025 09 14.46629 01 50 12.11 +07 03 30.1          22.0 GV~9JlqF52
     K25R12Q ZC2025 10 16.43147 01 42 43.98 -09 10 30.2          20.9 GV~9OuBF51
     K25R12Q ZC2025 10 16.44134 01 42 43.48 -09 10 32.7          20.7 GV~9OuBF51
     K25R15J ZC2025 08 23.49826 23 59 55.12 -12 04 01.1                V~9H9OF51
     K25R15J ZC2025 08 23.50925 23 59 54.64 -12 03 57.3                V~9H9OF51
     K25R15J ZC2025 08 23.52005 23 59 54.16 -12 03 54.1          21.8 GV~9H9OF51
     K25R18N ZC2025 09 16.46807 00 17 29.13 +02 53 37.0          22.4 GV~9DLXF51
     K25R18N ZC2025 09 16.49895 00 17 27.56 +02 53 33.7                V~9DLXF51
     K25R18N ZC2025 09 16.51103 00 17 26.95 +02 53 32.4          22.1 GV~9DLXF51
     K25R18N ZC2025 09 16.52310 00 17 26.32 +02 53 30.8                V~9DLXF51
     K25R29P ZC2025 09 14.42772 01 49 45.60 +07 10 07.2          22.3 GV~9JlqF52
     K25R29P ZC2025 09 14.44059 01 49 45.54 +07 10 00.5          22.3 GV~9JlqF52
     K25R29P ZC2025 09 14.45335 01 49 45.42 +07 09 52.5          22.4 GV~9JlqF52
     K25R29P ZC2025 09 14.46629 01 49 45.31 +07 09 45.0          22.1 GV~9JlqF52
     K25R31C ZC2025 09 15.40055 00 50 28.92 +14 32 24.5          21.3 GV~9JlrF52
     K25R31C ZC2025 09 15.41086 00 50 28.53 +14 32 22.3          21.6 GV~9JlrF52
     K25R32G ZC2025 09 18.41499 02 05 27.68 +16 13 06.2          21.7 GV~9JlrF52
     K25R32G ZC2025 09 18.42763 02 05 27.57 +16 12 59.1          21.1 GV~9JlrF52
     K25R32G ZC2025 09 18.44028 02 05 27.52 +16 12 52.3          20.9 GV~9JlrF52
     K25R32G ZC2025 09 18.45295 02 05 27.41 +16 12 45.2          21.0 GV~9JlrF52
     K25R33A ZC2025 09 15.37871 00 53 36.77 +09 44 16.9          20.4 GV~9JlrF52
     K25R33A ZC2025 09 15.39926 00 53 36.02 +09 44 12.6          21.1 GV~9JlrF52
     K25R33A ZC2025 09 15.40956 00 53 35.63 +09 44 10.4          21.1 GV~9JlrF52
     K25R34D ZC2025 09 18.41499 02 05 31.10 +15 49 24.8          21.4 GV~9JlrF52
     K25R34D ZC2025 09 18.42763 02 05 30.78 +15 49 24.5          20.9 GV~9JlrF52
     K25R34D ZC2025 09 18.44028 02 05 30.46 +15 49 24.7          20.9 GV~9JlrF52
     K25R34D ZC2025 09 18.45295 02 05 30.11 +15 49 24.6          21.0 GV~9JlrF52
     K25R36P ZC2025 09 14.42393 01 28 10.06 +10 47 36.2          22.3 GV~9DLjF52
     K25R36P ZC2025 09 14.43678 01 28 09.92 +10 47 28.3          22.1 GV~9DLjF52
     K25R36P ZC2025 09 14.44956 01 28 09.75 +10 47 19.4          22.1 GV~9DLjF52
     K25R36P ZC2025 09 14.46246 01 28 09.59 +10 47 10.5          22.4 GV~9DLjF52
     K25R37R ZC2025 09 15.38896 01 01 28.77 +10 41 11.5          21.2 GV~9JlrF52
     K25R37R ZC2025 09 15.39926 01 01 28.33 +10 41 09.5          21.9 GV~9JlrF52
     K25R37R ZC2025 09 15.40956 01 01 27.90 +10 41 08.0          22.0 GV~9JlrF52
     K25R37U ZC2025 09 14.43091 01 42 31.63 +14 50 13.5          21.5 GV~9JlrF52
     K25R37U ZC2025 09 14.44376 01 42 31.28 +14 50 13.7          22.1 GV~9JlrF52
     K25R37U ZC2025 09 14.45658 01 42 30.95 +14 50 13.9          21.6 GV~9JlrF52
     K25R37U ZC2025 09 14.46945 01 42 30.60 +14 50 14.6          22.6 GV~9JlrF52
     K25R39K ZC2025 08 19.49685 23 49 12.76 -03 48 25.2          21.8 GV~9H9QF51
     K25R39K ZC2025 08 19.50819 23 49 12.38 -03 48 30.7          21.7 GV~9H9QF51
     K25R39K ZC2025 08 19.51935 23 49 12.02 -03 48 35.9          21.5 GV~9H9QF51
     K25R40E ZC2025 09 14.43166 00 56 07.52 +11 59 55.6          22.4 GV~9DLsF52
     K25R40E ZC2025 09 14.44447 00 56 06.98 +11 59 58.1          22.6 GV~9DLsF52
     K25R40E ZC2025 09 14.45734 00 56 06.40 +12 00 00.6                V~9DLsF52
     K25R41P ZC2025 08 23.48818 23 45 15.03 -11 54 53.2          21.5 GV~9H9RF51
     K25R41P ZC2025 08 23.49901 23 45 14.68 -11 55 00.8                V~9H9RF51
     K25R41P ZC2025 08 23.51000 23 45 14.32 -11 55 08.0                V~9H9RF51
     K25R41Q ZC2025 08 23.48742 23 58 02.13 -12 05 54.6                V~9H9RF51
     K25R41Q ZC2025 08 23.49826 23 58 01.74 -12 05 57.0          21.7 GV~9H9RF51
     K25R41Q ZC2025 08 23.50925 23 58 01.34 -12 06 00.0          21.8 GV~9H9RF51
     K25R41Q ZC2025 08 23.52005 23 58 00.93 -12 06 02.8                V~9H9RF51
     K25R41R ZC2025 08 18.45051 22 41 21.64 -01 13 43.6                V~9H9RF51
     K25R41R ZC2025 08 18.47337 22 41 20.76 -01 13 51.4          21.7 GV~9H9RF51
     K25R41R ZC2025 08 18.48478 22 41 20.30 -01 13 54.8          22.0 GV~9H9RF51
     K25R42E ZC2025 08 19.49815 23 50 48.90 -07 00 07.2          21.8 GV~9H9SF51
     K25R42E ZC2025 08 19.50950 23 50 48.58 -07 00 09.0          21.5 GV~9H9SF51
     K25R42E ZC2025 08 19.52064 23 50 48.27 -07 00 10.6          21.0 GV~9H9SF51
     K25R42R ZC2020 07 18.41649 20 28 26.02 -27 01 41.9          22.2 GV~9H9UF51
     K25R42R ZC2020 07 18.42733 20 28 25.40 -27 01 44.6          22.7 GV~9H9UF51
     K25R42R ZC2020 07 18.43813 20 28 24.80 -27 01 47.3                V~9H9UF51
     K25R42R ZC2020 07 18.44895 20 28 24.21 -27 01 50.4                V~9H9UF51
     K25R42R ZC2025 08 23.51930 23 49 18.50 -09 36 56.7          21.9 GV~9H9UF51
     K25R42R ZC2025 08 23.53011 23 49 18.09 -09 36 59.8                V~9H9UF51
     K25R43J ZC2025 08 19.48571 23 52 16.38 -05 10 33.7          21.8 GV~9H9WF51
     K25R43J ZC2025 08 19.49685 23 52 16.18 -05 10 38.4          22.0 GV~9H9WF51
     K25R45N ZC2024 06 12.37399 16 54 11.03 -10 55 31.9          21.9 GV~9H9bF52
     K25R45N ZC2024 06 12.38657 16 54 10.43 -10 55 29.6                V~9H9bF52
     K25R45N ZC2024 06 12.39912 16 54 09.82 -10 55 27.4                V~9H9bF52
     K25R45N ZC2024 06 12.41166 16 54 09.22 -10 55 25.3                V~9H9bF52
     K25R47D ZC2025 09 17.30916 23 41 13.17 +08 06 00.2          22.0 GV~9JlwF52
     K25R47D ZC2025 09 17.31997 23 41 12.71 +08 05 55.0          21.9 GV~9JlwF52
     K25R47D ZC2025 09 17.34158 23 41 11.80 +08 05 44.9                V~9JlwF52
     K25R47E ZC2025 09 20.46967 01 56 38.26 -00 43 17.5                V~9JlwF51
     K25R47E ZC2025 09 20.48164 01 56 37.72 -00 43 15.8                V~9JlwF51
     K25R47E ZC2025 09 20.49363 01 56 37.16 -00 43 14.4          21.7 GV~9JlwF51
     K25R47E ZC2025 09 20.50565 01 56 36.61 -00 43 12.8                V~9JlwF51
     K25R49D ZC2023 03 26.38779 12 54 02.45 -06 35 13.5          22.5 GV~9MB8F52
     K25R49D ZC2023 03 26.39978 12 54 01.95 -06 35 08.5          22.3 GV~9MB8F52
     K25R49D ZC2023 03 26.42385 12 54 00.94 -06 34 58.2                V~9MB8F52
     K25R51O ZC2025 09 14.43933 01 39 06.02 +11 14 52.2          21.8 GV~9Jm5F52
     K25R51O ZC2025 09 14.45209 01 39 05.61 +11 14 53.3          22.3 GV~9Jm5F52
     K25R51O ZC2025 09 14.46502 01 39 05.17 +11 14 54.4          22.3 GV~9Jm5F52
     K25R51P ZC2025 09 20.46903 01 45 25.51 -00 41 50.6                V~9Jm5F51
     K25R51P ZC2025 09 20.48099 01 45 25.06 -00 41 53.0                V~9Jm5F51
     K25R51P ZC2025 09 20.49298 01 45 24.62 -00 41 55.3                V~9Jm5F51
     K25R51P ZC2025 09 20.50499 01 45 24.17 -00 41 57.6          21.6 GV~9Jm5F51
     K25R51X ZC2025 09 16.47147 00 54 57.45 +08 27 08.0          21.3 GV~9MB8F51
     K25R51X ZC2025 09 16.50229 00 54 56.49 +08 26 55.9          21.6 GV~9MB8F51
     K25R51X ZC2025 09 16.51435 00 54 56.13 +08 26 51.7          21.7 GV~9MB8F51
     K25R51X ZC2025 09 16.52644 00 54 55.74 +08 26 47.7          21.6 GV~9MB8F51
     K25R51Y ZC2025 09 14.42901 01 49 32.91 +14 22 27.7          21.8 GV~9MB8F52
     K25R51Y ZC2025 09 14.44185 01 49 32.58 +14 22 29.6          22.0 GV~9MB8F52
     K25R51Y ZC2025 09 14.45462 01 49 32.22 +14 22 31.8          21.6 GV~9MB8F52
     K25R51Y ZC2025 09 14.46755 01 49 31.90 +14 22 33.8          22.6 GV~9MB8F52
     K25R52B ZC2025 09 14.44059 01 46 52.62 +08 42 24.7          21.7 GV~9MB9F52
     K25R52B ZC2025 09 14.45335 01 46 52.31 +08 42 24.8          22.4 GV~9MB9F52
     K25R52B ZC2025 09 14.46629 01 46 51.92 +08 42 24.5          22.4 GV~9MB9F52
     K25R52C ZC2025 09 14.44185 01 47 19.69 +12 05 16.5          21.7 GV~9MB9F52
     K25R52C ZC2025 09 14.45462 01 47 19.21 +12 05 21.6          21.7 GV~9MB9F52
     K25R52C ZC2025 09 14.46755 01 47 18.72 +12 05 26.7          21.7 GV~9MB9F52
     K25R52G ZC2025 09 17.43045 01 55 36.17 +23 08 02.8          22.0 GV~9MB9F52
     K25R52G ZC2025 09 17.44338 01 55 35.69 +23 08 06.8                V~9MB9F52
     K25R52G ZC2025 09 17.45635 01 55 35.21 +23 08 10.6                V~9MB9F52
     K25R52G ZC2025 09 17.46943 01 55 34.74 +23 08 14.3                V~9MB9F52
     K25R53F ZC2025 10 16.41175 01 45 07.11 -10 52 01.1          20.7 GV~9OuQF51
     K25R53F ZC2025 10 16.43147 01 45 06.00 -10 52 01.9          21.7 GV~9OuQF51
     K25R53F ZC2025 10 16.44134 01 45 05.47 -10 52 02.8          20.8 GV~9OuQF51
     K25R54E ZC2025 08 19.48700 23 51 13.71 -08 00 08.8          21.5 GV~9OuSF51
     K25R54E ZC2025 08 19.49815 23 51 13.40 -08 00 13.1          21.9 GV~9OuSF51
     K25R54E ZC2025 08 19.50950 23 51 13.11 -08 00 17.5          21.5 GV~9OuTF51
     K25R54U ZC2024 05 04.42614 15 28 29.73 -23 33 35.6          22.3 GV~9OuUF51
     K25R54U ZC2024 05 04.43937 15 28 29.11 -23 33 31.6          22.1 GV~9OuUF51
     K25R54U ZC2024 05 04.45260 15 28 28.46 -23 33 27.4          22.2 GV~9OuUF51
     K25R54V ZC2023 01 15.40690 08 31 53.94 +08 54 59.7          21.8 GV~9OuUF52
     K25R54V ZC2023 01 15.41777 08 31 53.23 +08 54 57.7          22.1 GV~9OuUF52
     K25R54V ZC2023 01 15.42872 08 31 52.51 +08 54 55.7          21.8 GV~9OuUF52
     K25R55C ZC2025 09 20.46967 01 55 39.13 -00 46 34.0          21.7 GV~9OuUF51
     K25R55C ZC2025 09 20.48164 01 55 38.89 -00 46 42.1          21.8 GV~9OuUF51
     K25R55C ZC2025 09 20.49363 01 55 38.66 -00 46 50.2          21.5 GV~9OuUF51
     K25R55C ZC2025 09 20.50565 01 55 38.41 -00 46 58.8          21.7 GV~9OuUF51
     K25R55J ZC2025 10 16.43147 01 39 22.26 -10 42 30.4          21.1 GV~9OuVF51
     K25R55J ZC2025 10 16.44134 01 39 21.75 -10 42 34.3          22.1 GV~9OuVF51
     K25R55K ZC2025 10 16.42889 01 44 39.80 -15 47 23.9          21.0 GV~9OuVF51
     K25R55K ZC2025 10 16.43876 01 44 39.27 -15 47 25.8          21.1 GV~9OuVF51
     K25R56R ZC2025 08 18.45325 22 42 38.23 -05 46 02.1                V~9OuXF51
     K25R56R ZC2025 08 18.46465 22 42 37.70 -05 46 04.0          21.0 GV~9OuXF51
     K25R56R ZC2025 08 18.47609 22 42 37.16 -05 46 05.6          21.8 GV~9OuXF51
     K25R56R ZC2025 08 18.48750 22 42 36.64 -05 46 07.8          21.8 GV~9OuXF51
     K25R56R ZC2025 08 25.41503 22 37 20.61 -06 07 29.7                V~9OuXF51
     K25R56R ZC2025 08 25.44805 22 37 18.94 -06 07 36.4          20.9 GV~9OuXF51
     K25R56R ZC2025 08 25.46007 22 37 18.31 -06 07 38.7                V~9OuXF51
     K25S08W ZC2023 01 20.33712 07 57 30.11 +26 25 35.8                V~9DLwF52
     K25S08W ZC2023 01 20.34913 07 57 29.24 +26 25 36.5          22.6 GV~9DLwF52
     K25S08W ZC2023 01 20.36115 07 57 28.39 +26 25 37.6          22.2 GV~9DLwF52
     K25S08W ZC2023 01 20.37325 07 57 27.48 +26 25 38.9          22.7 GV~9DLwF52
     K25S21J ZC2025 09 18.47195 01 44 12.57 +02 53 40.9          22.3 GV~9DLzF52
     K25S21J ZC2025 09 18.48436 01 44 11.24 +02 53 54.8          22.4 GV~9DLzF52
     K25S21J ZC2025 09 18.49678 01 44 09.92 +02 54 08.8          22.1 GV~9DLzF52
     K25S21J ZC2025 09 18.50925 01 44 08.54 +02 54 23.0          22.4 GV~9DLzF52
     K25S23M ZC2025 09 18.47385 01 56 41.48 +05 00 26.5          21.6 GV~9Jm7F52
     K25S23M ZC2025 09 18.49870 01 56 40.72 +05 00 17.2          21.3 GV~9Jm7F52
     K25S23M ZC2025 09 18.51115 01 56 40.33 +05 00 12.7          21.1 GV~9Jm7F52
     K25S24P ZC2025 09 18.47514 02 04 10.85 +07 50 16.0          21.5 GV~9Jm7F52
     K25S24P ZC2025 09 18.48752 02 04 10.64 +07 50 11.5          22.1 GV~9Jm7F52
     K25S24P ZC2025 09 18.49997 02 04 10.43 +07 50 07.3          21.4 GV~9Jm7F52
     K25S24P ZC2025 09 18.51243 02 04 10.22 +07 50 03.3          21.2 GV~9Jm7F52
     K25S27E ZC2025 09 14.44059 01 46 17.86 +07 05 31.7          21.7 GV~9Jm8F52
     K25S27E ZC2025 09 14.45335 01 46 17.42 +07 05 30.6          22.3 GV~9Jm8F52
     K25S27E ZC2025 09 14.46629 01 46 16.98 +07 05 30.8          22.0 GV~9Jm8F52
     K25S27H ZC2024 03 19.48919 12 59 26.37 -11 40 58.9          22.8 GV~9MBAF51
     K25S27H ZC2024 03 19.50103 12 59 25.72 -11 40 57.9          22.9 GV~9MBAF51
     K25S27H ZC2024 03 19.51284 12 59 25.07 -11 40 57.0                V~9MBAF51
     K25S32E ZC2025 09 16.46807 00 18 01.31 +02 38 07.0          21.9 GV~9DM3F51
     K25S32E ZC2025 09 16.51103 00 17 59.22 +02 37 53.9          21.7 GV~9DM3F51
     K25S32E ZC2025 09 16.52310 00 17 58.60 +02 37 50.4          21.7 GV~9DM3F51
     K25S38M ZC2025 09 23.40742 01 54 24.52 +05 59 16.8          22.7 GV~9Jm8F52
     K25S38M ZC2025 09 23.41894 01 54 23.57 +05 59 19.1          22.0 GV~9Jm8F52
     K25S38M ZC2025 09 23.43053 01 54 22.62 +05 59 21.9          22.3 GV~9Jm8F52
     K25S38M ZC2025 09 23.44208 01 54 21.63 +05 59 24.5                V~9Jm8F52
     K25S39O ZC2011 08 23.48917 23 08 30.80 -05 44 40.2          21.8 g2~9DM5F51
     K25S39O ZC2011 08 23.50013 23 08 30.31 -05 44 42.9          21.6 g2~9DM5F51
     K25S39O ZC2011 08 23.51215 23 08 29.76 -05 44 46.0          21.6 r2~9DM5F51
     K25S39O ZC2011 08 23.52280 23 08 29.29 -05 44 48.8          21.7 r2~9DM5F51
     K25S40V ZC2025 09 16.47476 00 21 23.71 +00 46 35.1                V~9DM6F51
     K25S40V ZC2025 09 16.50557 00 21 22.41 +00 46 24.3          22.0 GV~9DM6F51
     K25S40V ZC2025 09 16.51760 00 21 21.93 +00 46 19.8          22.2 GV~9DM6F51
     K25S40V ZC2025 09 16.52970 00 21 21.44 +00 46 15.6          21.8 GV~9DM6F51
     K25S42J ZC2025 09 18.47514 01 59 56.95 +05 45 44.5          21.1 GV~9Jm8F52
     K25S42J ZC2025 09 18.48752 01 59 56.58 +05 45 42.8          21.3 GV~9Jm8F52
     K25S42J ZC2025 09 18.49997 01 59 56.21 +05 45 41.2          21.6 GV~9Jm8F52
     K25S42J ZC2025 09 18.51243 01 59 55.84 +05 45 39.9          21.0 GV~9Jm8F52
     K25S43U ZC2025 09 16.47211 00 52 43.65 +04 54 32.7          22.4 GV~9Jm9F51
     K25S43U ZC2025 09 16.50295 00 52 42.16 +04 54 32.9          22.4 GV~9Jm9F51
     K25S43U ZC2025 09 16.51501 00 52 41.57 +04 54 33.1          22.7 GV~9Jm9F51
     K25S43U ZC2025 09 16.52711 00 52 40.93 +04 54 33.0          22.2 GV~9Jm9F51
     K25S44G ZC2025 09 18.47385 01 51 18.33 +04 38 28.7          21.2 GV~9Jm9F52
     K25S44G ZC2025 09 18.48626 01 51 17.87 +04 38 30.4          21.2 GV~9Jm9F52
     K25S44G ZC2025 09 18.49870 01 51 17.39 +04 38 31.6          21.9 GV~9Jm9F52
     K25S44G ZC2025 09 18.51115 01 51 16.91 +04 38 33.0          21.3 GV~9Jm9F52
     K25S48O ZC2025 10 16.41581 01 21 07.83 -12 24 32.7          22.4 GV~9OuuF51
     K25S48O ZC2025 10 16.42566 01 21 07.41 -12 24 38.3          22.8 GV~9OuuF51
     K25S48O ZC2025 10 16.43555 01 21 07.00 -12 24 44.4          22.1 GV~9OuuF51
     K25S50Z ZC2025 09 18.47514 02 03 34.19 +06 21 35.0          21.3 GV~9JmAF52
     K25S50Z ZC2025 09 18.48752 02 03 33.87 +06 21 33.6          21.0 GV~9JmAF52
     K25S50Z ZC2025 09 18.49997 02 03 33.57 +06 21 32.3          22.2 GV~9JmAF52
     K25S51Y ZC2025 09 23.40679 02 02 52.23 +05 23 22.6          22.0 GV~9JmAF52
     K25S51Y ZC2025 09 23.41831 02 02 51.82 +05 23 21.5                V~9JmAF52
     K25S51Y ZC2025 09 23.42987 02 02 51.43 +05 23 20.6          21.8 GV~9JmAF52
     K25S51Y ZC2025 09 23.44145 02 02 51.02 +05 23 19.3          21.6 GV~9JmAF52
     K25S52Z ZC2020 07 22.46375 22 00 32.00 -20 43 15.2          21.9 GV~9H9jF51
     K25S52Z ZC2020 07 22.48546 22 00 31.25 -20 43 22.1                V~9H9jF51
     K25S52Z ZC2020 07 22.49617 22 00 30.89 -20 43 25.8                V~9H9jF51
     K25S54W ZC2025 09 18.47514 01 55 38.30 +06 27 42.0          21.0 GV~9JmAF52
     K25S54W ZC2025 09 18.48752 01 55 38.08 +06 27 37.3          21.8 GV~9JmAF52
     K25S54W ZC2025 09 18.51243 01 55 37.65 +06 27 27.7          21.1 GV~9JmAF52
     K25S55B ZC2025 09 18.47385 01 55 42.77 +04 21 45.3          21.7 GV~9JmAF52
     K25S55B ZC2025 09 18.48626 01 55 42.52 +04 21 38.8          22.1 GV~9JmAF52
     K25S55B ZC2025 09 18.49870 01 55 42.28 +04 21 31.8          21.9 GV~9JmAF52
     K25S55B ZC2025 09 18.51115 01 55 42.06 +04 21 25.3          21.2 GV~9JmAF52
     K25S59Z ZC2025 09 18.47385 01 58 13.56 +05 29 59.9          21.2 GV~9JmBF52
     K25S59Z ZC2025 09 18.48626 01 58 13.32 +05 29 57.6          21.9 GV~9JmBF52
     K25S59Z ZC2025 09 18.49870 01 58 13.07 +05 29 55.2          22.0 GV~9JmBF52
     K25S59Z ZC2025 09 18.51115 01 58 12.81 +05 29 52.3          21.8 GV~9JmBF52
     K25S60F ZC2025 09 18.47514 01 57 30.42 +06 18 10.3          21.2 GV~9JmBF52
     K25S60F ZC2025 09 18.48752 01 57 30.07 +06 18 10.3          21.2 GV~9JmBF52
     K25S60F ZC2025 09 18.49997 01 57 29.73 +06 18 10.2          23.3 GV~9JmBF52
     K25S60G ZC2025 09 18.47385 01 56 04.50 +05 15 21.4          21.4 GV~9JmBF52
     K25S60G ZC2025 09 18.48626 01 56 04.14 +05 15 19.2          21.8 GV~9JmBF52
     K25S60G ZC2025 09 18.49870 01 56 03.75 +05 15 17.2          21.8 GV~9JmBF52
     K25S60G ZC2025 09 18.51115 01 56 03.32 +05 15 15.2          21.8 GV~9JmBF52
     K25S60Y ZC2025 09 23.41831 01 58 01.75 +05 38 35.2                V~9JmBF52
     K25S60Y ZC2025 09 23.42987 01 58 01.30 +05 38 31.7          22.0 GV~9JmBF52
     K25S60Y ZC2025 09 23.44145 01 58 00.87 +05 38 28.2          22.1 GV~9JmBF52
     K25S61A ZC2020 09 13.46643 00 52 49.51 +05 35 32.8          22.1 GV~9Ov6F51
     K25S61A ZC2020 09 13.47841 00 52 48.98 +05 35 32.6          21.9 GV~9Ov6F51
     K25S61A ZC2020 09 13.49048 00 52 48.44 +05 35 32.5          21.8 GV~9Ov6F51
     K25S63A ZC2025 09 18.48752 01 58 50.69 +06 23 55.8          21.8 GV~9JmBF52
     K25S63A ZC2025 09 18.49997 01 58 50.33 +06 23 53.8          21.7 GV~9JmBF52
     K25S63A ZC2025 09 18.51243 01 58 49.96 +06 23 52.3          21.2 GV~9JmBF52
     K25S63A ZC2025 09 23.40742 01 56 21.97 +06 11 22.8          22.4 GV~9JmBF52
     K25S63A ZC2025 09 23.41894 01 56 21.58 +06 11 20.8                V~9JmBF52
     K25S63A ZC2025 09 23.43053 01 56 21.15 +06 11 19.0          22.3 GV~9JmBF52
     K25S63A ZC2025 09 23.44208 01 56 20.75 +06 11 17.1                V~9JmBF52
     K25S63G ZC2025 09 23.41768 01 58 18.94 +02 09 48.6          22.4 GV~9JmBF52
     K25S63G ZC2025 09 23.42924 01 58 18.78 +02 09 40.4          21.9 GV~9JmBF52
     K25S63G ZC2025 09 23.44082 01 58 18.62 +02 09 32.3          22.2 GV~9JmBF52
     K25S68N ZC2025 09 16.47275 00 55 15.76 +03 07 01.3          21.2 GV~9JmCF51
     K25S68N ZC2025 09 16.50362 00 55 14.56 +03 06 47.2          21.5 GV~9JmCF51
     K25S68N ZC2025 09 16.51567 00 55 14.08 +03 06 41.8          21.1 GV~9JmCF51
     K25S68N ZC2025 09 16.52777 00 55 13.59 +03 06 35.9          21.7 GV~9JmCF51
     K25S71C ZC2025 09 16.46602 00 10 08.96 +04 39 27.0          21.5 GV~9DMfF51
     K25S71C ZC2025 09 16.49694 00 10 07.27 +04 39 25.8          21.0 GV~9DMfF51
     K25S71C ZC2025 09 16.50902 00 10 06.60 +04 39 24.9                V~9DMfF51
     K25S71C ZC2025 09 16.52106 00 10 05.93 +04 39 24.5                V~9DMfF51
     K25S73R ZC2025 09 23.40616 01 59 14.77 +02 45 01.4          22.7 GV~9JmCF52
     K25S73R ZC2025 09 23.42924 01 59 13.00 +02 45 12.0          22.1 GV~9JmCF52
     K25S73R ZC2025 09 23.44082 01 59 12.10 +02 45 17.3          22.3 GV~9JmCF52
     K25S73S ZC2025 09 18.47514 02 04 52.27 +07 13 53.9          21.4 GV~9JmCF52
     K25S73S ZC2025 09 18.48752 02 04 51.95 +07 13 51.5          21.1 GV~9JmCF52
     K25S73S ZC2025 09 18.49997 02 04 51.62 +07 13 49.1          22.1 GV~9JmCF52
     K25S73S ZC2025 09 18.51243 02 04 51.34 +07 13 46.6          21.0 GV~9JmCF52
     K25S73X ZC2025 09 14.42329 01 22 46.61 +07 59 20.4                V~9DMmF52
     K25S73X ZC2025 09 14.43615 01 22 46.27 +07 59 11.7          22.2 GV~9DMmF52
     K25S73X ZC2025 09 14.44893 01 22 45.93 +07 59 03.1          22.1 GV~9DMmF52
     K25S73X ZC2025 09 14.46179 01 22 45.56 +07 58 54.9          22.1 GV~9DMmF52
     K25S74L ZC2025 09 14.42772 01 53 37.60 +07 24 28.7          21.6 GV~9JmCF52
     K25S74L ZC2025 09 14.44059 01 53 37.33 +07 24 26.3          21.4 GV~9JmCF52
     K25S74L ZC2025 09 14.45335 01 53 37.00 +07 24 23.7          22.0 GV~9JmCF52
     K25S74L ZC2025 09 14.46629 01 53 36.72 +07 24 21.2          22.0 GV~9JmCF52
     K25S74L ZC2025 09 23.40742 01 49 31.95 +06 51 42.7          22.4 GV~9JmCF52
     K25S74L ZC2025 09 23.41894 01 49 31.56 +06 51 40.2          22.0 GV~9JmCF52
     K25S74L ZC2025 09 23.43053 01 49 31.13 +06 51 37.3          22.0 GV~9JmDF52
     K25S74L ZC2025 09 23.44208 01 49 30.74 +06 51 34.5          22.0 GV~9JmDF52
     K25S74N ZC2025 09 23.40679 02 01 16.06 +06 06 14.0                V~9JmDF52
     K25S74N ZC2025 09 23.41831 02 01 15.69 +06 06 10.2          22.2 GV~9JmDF52
     K25S74N ZC2025 09 23.42987 02 01 15.32 +06 06 06.1          21.9 GV~9JmDF52
     K25S74N ZC2025 09 23.44145 02 01 14.93 +06 06 02.2          21.3 GV~9JmDF52
     K25S74S ZC2025 09 18.47514 01 58 14.44 +06 29 30.3          20.9 GV~9JmDF52
     K25S74S ZC2025 09 18.48752 01 58 14.15 +06 29 29.8          21.7 GV~9JmDF52
     K25S74S ZC2025 09 18.49997 01 58 13.87 +06 29 30.0          21.6 GV~9JmDF52
     K25S76G ZC2025 09 23.40679 02 01 55.62 +05 39 52.7          22.8 GV~9JmDF52
     K25S76G ZC2025 09 23.41831 02 01 55.24 +05 39 50.6                V~9JmDF52
     K25S76G ZC2025 09 23.42987 02 01 54.91 +05 39 48.3                V~9JmDF52
     K25S76G ZC2025 09 23.44145 02 01 54.57 +05 39 46.0                V~9JmDF52
     K25S76Q ZC2025 09 14.42709 01 33 53.71 +08 39 14.7          22.1 GV~9DMtF52
     K25S76Q ZC2025 09 14.43996 01 33 53.54 +08 39 06.5          22.3 GV~9DMtF52
     K25S76Q ZC2025 09 14.45272 01 33 53.37 +08 38 58.5                V~9DMtF52
     K25S76Q ZC2025 09 14.46565 01 33 53.19 +08 38 50.5          22.4 GV~9DMtF52
     K25S76Y ZC2025 09 23.39843 01 16 07.35 +02 53 14.2                V~9DMtF52
     K25S76Y ZC2025 09 23.40998 01 16 06.85 +02 53 13.0                V~9DMtF52
     K25S76Y ZC2025 09 23.42153 01 16 06.37 +02 53 12.2          21.9 GV~9DMtF52
     K25S77A ZC2025 09 18.47385 01 56 24.21 +04 31 48.2          21.3 GV~9JmDF52
     K25S77A ZC2025 09 18.48626 01 56 23.93 +04 31 42.5          22.1 GV~9JmDF52
     K25S77A ZC2025 09 18.49870 01 56 23.64 +04 31 36.8          21.6 GV~9JmDF52
     K25S77A ZC2025 09 18.51115 01 56 23.34 +04 31 30.9          21.7 GV~9JmDF52
     K25S78E ZC2025 09 18.47514 01 57 14.97 +06 05 53.4          21.6 GV~9JmDF52
     K25S78E ZC2025 09 18.48752 01 57 14.67 +06 05 50.2          22.1 GV~9JmDF52
     K25S78E ZC2025 09 18.49997 01 57 14.37 +06 05 46.7          22.4 GV~9JmDF52
     K25S78U ZC2024 08 10.42318 21 20 41.94 -21 40 29.7          22.2 GV~9DMxF52
     K25S78U ZC2024 08 10.43436 21 20 41.31 -21 40 29.8          21.9 GV~9DMxF52
     K25S78U ZC2024 08 10.44554 21 20 40.70 -21 40 29.6                V~9DMxF52
     K25S78U ZC2024 08 10.45671 21 20 40.05 -21 40 29.8          21.9 GV~9DMxF52
     K25S80C ZC2025 09 18.48626 01 59 25.59 +05 03 07.1          22.4 GV~9JmDF52
     K25S80C ZC2025 09 18.49870 01 59 25.21 +05 03 06.0          22.4 GV~9JmDF52
     K25S80C ZC2025 09 23.41831 01 56 44.32 +04 54 04.7                V~9JmDF52
     K25S80C ZC2025 09 23.42987 01 56 43.90 +04 54 03.1                V~9JmDF52
     K25S80C ZC2025 09 23.44145 01 56 43.47 +04 54 01.9          21.8 GV~9JmDF52
     K25S80L ZC2025 09 15.37808 00 48 39.84 +10 55 39.2          21.8 GV~9JmEF52
     K25S80L ZC2025 09 15.38833 00 48 39.46 +10 55 37.2          21.6 GV~9JmEF52
     K25S80L ZC2025 09 15.39862 00 48 39.06 +10 55 35.2          21.8 GV~9JmEF52
     K25S80L ZC2025 09 15.40893 00 48 38.66 +10 55 33.2          21.8 GV~9JmEF52
     K25S80P ZC2025 09 14.42772 01 51 40.32 +07 06 10.6          22.0 GV~9JmEF52
     K25S80P ZC2025 09 14.44059 01 51 39.92 +07 06 11.9          21.8 GV~9JmEF52
     K25S80P ZC2025 09 14.45335 01 51 39.53 +07 06 13.5          22.1 GV~9JmEF52
     K25S80P ZC2025 09 14.46629 01 51 39.12 +07 06 15.3          22.2 GV~9JmEF52
     K25S82T ZC2025 09 18.47385 01 53 53.38 +03 24 08.5          21.7 GV~9JmEF52
     K25S82T ZC2025 09 18.48626 01 53 53.16 +03 24 03.5          21.8 GV~9JmEF52
     K25S82T ZC2025 09 18.49870 01 53 52.87 +03 23 58.5          22.0 GV~9JmEF52
     K25S82T ZC2025 09 18.51115 01 53 52.58 +03 23 53.5          21.8 GV~9JmEF52
     K25S84D ZC2025 09 23.40162 01 27 10.26 +03 28 25.4                V~9DNAF52
     K25S84D ZC2025 09 23.41321 01 27 09.63 +03 28 26.3          22.2 GV~9DNAF52
     K25S84D ZC2025 09 23.42476 01 27 09.01 +03 28 27.4                V~9DNAF52
     K25S84D ZC2025 09 23.43635 01 27 08.38 +03 28 28.4          21.9 GV~9DNAF52
     K25S84T ZC2021 04 07.53289 15 09 32.32 -16 19 05.1                V~9DNBF51
     K25S84T ZC2021 04 07.54405 15 09 32.06 -16 19 04.5          21.8 GV~9DNBF51
     K25S84T ZC2021 04 07.55519 15 09 31.79 -16 19 03.3                V~9DNBF51
     K25S84T ZC2021 04 07.56633 15 09 31.52 -16 19 02.5          21.7 GV~9DNBF51
     K25S85M ZC2025 09 23.40679 01 57 57.74 +03 57 04.7          22.3 GV~9JmEF52
     K25S85M ZC2025 09 23.42987 01 57 56.78 +03 57 14.6          21.6 GV~9JmEF52
     K25S85M ZC2025 09 23.44145 01 57 56.32 +03 57 19.4                V~9JmEF52
     K25S85Q ZC2025 09 18.47385 01 56 15.75 +03 09 08.1          21.7 GV~9JmEF52
     K25S85Q ZC2025 09 18.48626 01 56 15.30 +03 09 07.4          21.9 GV~9JmEF52
     K25S85Q ZC2025 09 18.49870 01 56 14.91 +03 09 06.8          22.4 GV~9JmEF52
     K25S85Q ZC2025 09 18.51115 01 56 14.49 +03 09 06.2          21.2 GV~9JmEF52
     K25S87G ZC2020 09 16.48780 01 15 56.18 +00 55 20.9          22.2 GV~9DNHF51
     K25S87G ZC2020 09 16.49794 01 15 55.73 +00 55 20.0                V~9DNHF51
     K25S87G ZC2020 09 16.50769 01 15 55.31 +00 55 19.2                V~9DNHF51
     K25S88Y ZC2025 09 18.47514 02 02 02.73 +07 33 17.1          21.2 GV~9JmFF52
     K25S88Y ZC2025 09 18.48752 02 02 02.41 +07 33 14.0          21.9 GV~9JmFF52
     K25S88Y ZC2025 09 18.49997 02 02 02.10 +07 33 10.5          22.4 GV~9JmFF52
     K25S90Y ZC2025 09 18.41499 02 00 20.57 +16 37 51.2          22.0 GV~9JmFF52
     K25S90Y ZC2025 09 18.44028 02 00 20.51 +16 37 43.6          21.6 GV~9JmFF52
     K25S90Y ZC2025 09 18.45295 02 00 20.49 +16 37 39.4          20.8 GV~9JmFF52
     K25S93M ZC2025 09 23.40742 01 47 29.23 +07 04 00.3          22.4 GV~9JmGF52
     K25S93M ZC2025 09 23.43053 01 47 28.14 +07 03 58.1          22.4 GV~9JmGF52
     K25S93M ZC2025 09 23.44208 01 47 27.57 +07 03 57.3          21.7 GV~9JmGF52
     K25S93Q ZC2025 09 14.42772 01 43 20.30 +07 51 15.8          21.4 GV~9JmGF52
     K25S93Q ZC2025 09 14.44059 01 43 19.99 +07 51 10.9          22.0 GV~9JmGF52
     K25S93Q ZC2025 09 14.45335 01 43 19.68 +07 51 05.8          22.5 GV~9JmGF52
     K25S94E ZC2025 09 14.42772 01 50 26.96 +08 58 51.5          22.0 GV~9JmGF52
     K25S94E ZC2025 09 14.45335 01 50 26.39 +08 58 45.5          22.2 GV~9JmGF52
     K25S94E ZC2025 09 14.46629 01 50 26.13 +08 58 43.1          22.1 GV~9JmGF52
     K25S94J ZC2025 09 18.47514 01 56 53.50 +07 34 36.0          21.6 GV~9JmGF52
     K25S94J ZC2025 09 18.48752 01 56 53.19 +07 34 32.6          22.4 GV~9JmGF52
     K25S94J ZC2025 09 18.49997 01 56 52.86 +07 34 29.4          22.0 GV~9JmGF52
     K25S94J ZC2025 09 18.51243 01 56 52.54 +07 34 25.9          21.1 GV~9JmGF52
     K25S95A ZC2025 09 23.40616 01 54 44.96 +01 19 05.2                V~9JmGF52
     K25S95A ZC2025 09 23.41768 01 54 44.60 +01 19 04.7          22.2 GV~9JmGF52
     K25S95A ZC2025 09 23.42924 01 54 44.29 +01 19 04.3          21.7 GV~9JmGF52
     K25S95A ZC2025 09 23.44082 01 54 43.95 +01 19 03.7          22.1 GV~9JmGF52
     K25S95S ZC2025 09 23.40742 01 51 45.37 +07 14 02.0          22.0 GV~9JmHF52
     K25S95S ZC2025 09 23.41894 01 51 44.94 +07 13 58.4          22.4 GV~9JmHF52
     K25S95S ZC2025 09 23.43053 01 51 44.51 +07 13 54.9          22.3 GV~9JmHF52
     K25S95S ZC2025 09 23.44208 01 51 44.07 +07 13 51.6                V~9JmHF52
     K25S95T ZC2025 09 14.44059 01 46 12.65 +07 57 28.2          21.7 GV~9JmHF52
     K25S95T ZC2025 09 14.45335 01 46 12.44 +07 57 25.8          22.1 GV~9JmHF52
     K25S95T ZC2025 09 14.46629 01 46 12.23 +07 57 22.8          22.3 GV~9JmHF52
     K25S96F ZC2025 10 19.54861 03 48 44.66 +15 26 56.7          22.1 GV~9MBDF51
     K25S96F ZC2025 10 19.56079 03 48 44.22 +15 27 00.5          21.9 GV~9MBDF51
     K25S96F ZC2025 10 19.57298 03 48 43.76 +15 27 04.2          22.2 GV~9MBDF51
     K25S96F ZC2025 10 19.58518 03 48 43.33 +15 27 07.9          22.0 GV~9MBDF51
     K25S96L ZC2025 09 18.47514 01 56 53.39 +05 56 36.0          21.7 GV~9JmHF52
     K25S96L ZC2025 09 18.48752 01 56 53.03 +05 56 35.9          22.4 GV~9JmHF52
     K25S96L ZC2025 09 18.49997 01 56 52.72 +05 56 35.7          22.0 GV~9JmHF52
     K25S96L ZC2025 09 18.51243 01 56 52.35 +05 56 35.6          21.2 GV~9JmHF52
     K25S96S ZC2025 09 23.41831 01 57 55.08 +04 03 29.9          22.3 GV~9JmHF52
     K25S96S ZC2025 09 23.42987 01 57 54.67 +04 03 28.4          22.2 GV~9JmHF52
     K25S96S ZC2025 09 23.44145 01 57 54.28 +04 03 26.9                V~9JmHF52
     K25S98E ZC2020 10 20.55278 03 26 20.23 +18 43 33.4          22.8 GV~9JmHF51
     K25S98E ZC2020 10 20.57726 03 26 19.27 +18 43 30.1                V~9JmHF51
     K25S98E ZC2020 10 20.58955 03 26 18.82 +18 43 28.6                V~9JmHF51
     K25S99Q ZC2025 09 16.47476 00 21 06.29 +00 16 45.6          22.0 GV~9HAGF51
     K25S99Q ZC2025 09 16.50557 00 21 05.04 +00 16 31.6          21.9 GV~9HAGF51
     K25S99Q ZC2025 09 16.51760 00 21 04.56 +00 16 26.2                V~9HAGF51
     K25S99Q ZC2025 09 16.52970 00 21 04.05 +00 16 20.3          22.2 GV~9HAGF51
     K25SA0V ZC2025 09 18.47385 01 59 47.05 +05 07 24.6          21.4 GV~9JmIF52
     K25SA0V ZC2025 09 18.48626 01 59 46.63 +05 07 23.3          22.3 GV~9JmIF52
     K25SA0V ZC2025 09 18.49870 01 59 46.20 +05 07 22.2          22.3 GV~9JmIF52
     K25SA0V ZC2025 09 18.51115 01 59 45.77 +05 07 21.1          21.7 GV~9JmIF52
     K25SA0W ZC2025 09 14.42772 01 45 14.00 +08 28 37.4          21.8 GV~9JmIF52
     K25SA0W ZC2025 09 14.44059 01 45 13.94 +08 28 33.8          21.7 GV~9JmIF52
     K25SA0W ZC2025 09 14.45335 01 45 13.92 +08 28 30.6          22.0 GV~9JmIF52
     K25SA0W ZC2025 09 14.46629 01 45 13.88 +08 28 26.9          22.1 GV~9JmIF52
     K25SA1F ZC2025 08 19.48506 23 43 57.28 +00 17 59.6          21.4 GV~9HAJF51
     K25SA1F ZC2025 08 19.49620 23 43 56.93 +00 18 01.8          21.6 GV~9HAJF51
     K25SA1F ZC2025 08 19.50754 23 43 56.52 +00 18 03.7          21.3 GV~9HAJF51
     K25SA1F ZC2025 08 19.51870 23 43 56.13 +00 18 05.7          21.4 GV~9HAJF51
     K25SA1Q ZC2025 09 14.42266 01 13 55.99 +10 23 58.4                V~9HAKF52
     K25SA1Q ZC2025 09 14.43551 01 13 55.33 +10 24 00.2          22.0 GV~9HAKF52
     K25SA1Q ZC2025 09 14.44827 01 13 54.68 +10 24 02.0          22.3 GV~9HAKF52
     K25SA1Q ZC2025 09 14.46116 01 13 54.02 +10 24 04.4          22.0 GV~9HAKF52
     K25SA2B ZC2025 10 30.32769 02 58 10.47 +17 25 16.0                V~9OvVF51
     K25SA2B ZC2025 10 30.33804 02 58 09.80 +17 25 18.5          22.0 GV~9OvVF51
     K25SA2B ZC2025 10 30.34841 02 58 09.18 +17 25 21.2          22.1 GV~9OvVF51
     K25SA2B ZC2025 10 30.35882 02 58 08.52 +17 25 23.8          22.1 GV~9OvVF51
     K25SA3C ZC2025 09 16.47551 00 08 16.03 +01 56 25.9          21.5 GV~9HAOF51
     K25SA3C ZC2025 09 16.50633 00 08 13.07 +01 56 37.7                V~9HAOF51
     K25SA3C ZC2025 09 16.51836 00 08 11.91 +01 56 42.5          21.5 GV~9HAOF51
     K25SA3C ZC2025 09 16.53047 00 08 10.76 +01 56 47.0                V~9HAOF51
     K25SA3H ZC2025 09 14.42772 01 49 25.92 +08 12 49.1          22.1 GV~9JmIF52
     K25SA3H ZC2025 09 14.44059 01 49 25.69 +08 12 44.7          21.9 GV~9JmIF52
     K25SA3H ZC2025 09 14.45335 01 49 25.39 +08 12 40.4          22.5 GV~9JmIF52
     K25SA3H ZC2025 09 14.46629 01 49 25.14 +08 12 36.0          22.4 GV~9JmIF52
     K25SA3S ZC2025 09 18.47385 01 53 38.38 +04 24 53.8          21.7 GV~9JmIF52
     K25SA3S ZC2025 09 18.48626 01 53 38.05 +04 24 51.8          21.8 GV~9JmIF52
     K25SA3S ZC2025 09 18.49870 01 53 37.72 +04 24 49.1          21.9 GV~9JmIF52
     K25SA3S ZC2025 09 18.51115 01 53 37.35 +04 24 46.2          21.1 GV~9JmIF52
     K25SA4L ZC2025 09 23.41831 01 55 45.84 +04 46 07.1          21.8 GV~9JmIF52
     K25SA4L ZC2025 09 23.42987 01 55 45.52 +04 46 03.1          22.4 GV~9JmIF52
     K25SA4L ZC2025 09 23.44145 01 55 45.20 +04 45 59.3          22.7 GV~9JmIF52
     K25SA4Q ZC2025 09 23.40679 01 56 24.49 +04 20 02.7                V~9JmIF52
     K25SA4Q ZC2025 09 23.41831 01 56 24.23 +04 19 58.5          21.4 GV~9JmIF52
     K25SA4Q ZC2025 09 23.42987 01 56 23.96 +04 19 53.9          21.9 GV~9JmIF52
     K25SA4Q ZC2025 09 23.44145 01 56 23.69 +04 19 49.4                V~9JmIF52
     K25SA5A ZC2025 09 16.50229 00 47 18.88 +07 05 06.4          21.4 GV~9JmJF51
     K25SA5A ZC2025 09 16.51435 00 47 18.37 +07 05 02.3          21.2 GV~9JmJF51
     K25SA5A ZC2025 09 16.52644 00 47 17.88 +07 04 58.5          21.5 GV~9JmJF51
     K25SA6D ZC2025 09 18.47385 01 56 52.48 +03 02 09.8          21.3 GV~9JmJF52
     K25SA6D ZC2025 09 18.48626 01 56 52.16 +03 02 05.4          21.9 GV~9JmJF52
     K25SA6D ZC2025 09 18.49870 01 56 51.89 +03 02 01.6          22.1 GV~9JmJF52
     K25SA6W ZC2025 09 14.44059 01 44 05.89 +08 02 22.3          21.9 GV~9JmJF52
     K25SA6W ZC2025 09 14.45335 01 44 05.56 +08 02 19.6          22.3 GV~9JmJF52
     K25SA6W ZC2025 09 14.46629 01 44 05.26 +08 02 16.7          21.9 GV~9JmJF52
     K25SA6X ZC2025 09 20.46967 01 58 04.12 -01 13 48.8                V~9JmJF51
     K25SA6X ZC2025 09 20.49363 01 58 03.17 -01 13 49.3                V~9JmJF51
     K25SA6X ZC2025 09 20.50565 01 58 02.68 -01 13 49.6          21.9 GV~9JmJF51
     K25SA7B ZC2020 07 18.45989 21 22 19.30 -19 41 44.8                V~9HAbF51
     K25SA7B ZC2020 07 18.48140 21 22 18.37 -19 41 52.4          22.1 GV~9HAbF51
     K25SA7B ZC2020 07 18.49212 21 22 17.92 -19 41 56.5          21.7 GV~9HAbF51
     K25SA7T ZC2020 10 20.55278 03 25 57.28 +18 27 39.0          22.4 GV~9MBEF51
     K25SA7T ZC2020 10 20.57726 03 25 56.30 +18 27 35.3          22.7 GV~9MBEF51
     K25SA7T ZC2020 10 20.58955 03 25 55.81 +18 27 33.4          22.5 GV~9MBEF51
     K25SA7T ZC2025 09 16.47211 00 45 59.28 +04 59 25.5          22.1 GV~9JmJF51
     K25SA7T ZC2025 09 16.50295 00 45 58.07 +04 59 17.6          22.6 GV~9JmJF51
     K25SA7T ZC2025 09 16.51501 00 45 57.55 +04 59 14.8          22.7 GV~9JmJF51
     K25SA7T ZC2025 09 16.52711 00 45 57.08 +04 59 11.7          22.2 GV~9JmJF51
     K25SA9B ZC2025 09 14.42772 01 53 04.29 +07 39 56.1          21.8 GV~9JmJF52
     K25SA9B ZC2025 09 14.44059 01 53 03.88 +07 39 55.4          22.0 GV~9JmJF52
     K25SA9B ZC2025 09 14.45335 01 53 03.46 +07 39 54.7          22.3 GV~9JmJF52
     K25SA9B ZC2025 09 14.46629 01 53 03.05 +07 39 54.4          22.0 GV~9JmJF52
     K25SB1C ZC2025 09 16.50362 00 54 14.99 +01 43 52.3          21.0 GV~9JmJF51
     K25SB1C ZC2025 09 16.51567 00 54 14.32 +01 43 50.0          21.1 GV~9JmJF51
     K25SB1C ZC2025 09 16.52777 00 54 13.61 +01 43 47.1          21.2 GV~9JmKF51
     K25SB3Q ZC2025 09 18.47385 01 53 51.40 +03 45 26.9          21.4 GV~9JmMF52
     K25SB3Q ZC2025 09 18.48626 01 53 51.01 +03 45 25.1          21.7 GV~9JmMF52
     K25SB3Q ZC2025 09 18.49870 01 53 50.63 +03 45 23.5          21.7 GV~9JmMF52
     K25SB3Q ZC2025 09 18.51115 01 53 50.24 +03 45 21.7          21.7 GV~9JmMF52
     K25SB4L ZC2025 09 18.47514 02 03 36.07 +06 37 46.3          21.9 GV~9JmOF52
     K25SB4L ZC2025 09 18.48752 02 03 35.81 +06 37 41.6          21.9 GV~9JmOF52
     K25SB4L ZC2025 09 18.49997 02 03 35.55 +06 37 36.8          21.2 GV~9JmOF52
     K25SB4L ZC2025 09 18.51243 02 03 35.32 +06 37 32.6          21.1 GV~9JmOF52
     K25SB4P ZC2025 09 14.42772 01 46 21.41 +06 58 49.9          21.5 GV~9JmPF52
     K25SB4P ZC2025 09 14.44059 01 46 21.10 +06 58 47.7          21.6 GV~9JmPF52
     K25SB4P ZC2025 09 14.45335 01 46 20.79 +06 58 45.6          22.2 GV~9JmPF52
     K25SB4P ZC2025 09 14.46629 01 46 20.47 +06 58 43.7          22.2 GV~9JmPF52
     K25SB8A ZC2025 08 19.48506 23 48 48.01 +01 18 55.3          21.5 GV~9JmXF51
     K25SB8A ZC2025 08 19.49620 23 48 47.64 +01 18 56.1          21.5 GV~9JmXF51
     K25SB8A ZC2025 08 19.50754 23 48 47.31 +01 18 56.6          21.6 GV~9JmXF51
     K25SB8A ZC2025 08 19.51870 23 48 46.94 +01 18 57.8          21.6 GV~9JmXF51
     K25SB8D ZC2025 09 14.42772 01 47 07.81 +07 50 59.7          22.0 GV~9JmYF52
     K25SB8D ZC2025 09 14.44059 01 47 07.57 +07 50 57.8          22.3 GV~9JmYF52
     K25SB8D ZC2025 09 14.45335 01 47 07.29 +07 50 55.7          22.1 GV~9JmYF52
     K25SB8D ZC2025 09 14.46629 01 47 07.00 +07 50 54.3          22.6 GV~9JmYF52
     K25SB8P ZC2025 09 18.47514 02 01 39.80 +05 48 37.7          21.6 GV~9JmZF52
     K25SB8P ZC2025 09 18.48752 02 01 39.25 +05 48 38.8          21.6 GV~9JmZF52
     K25SB8P ZC2025 09 18.49997 02 01 38.71 +05 48 39.3          21.7 GV~9JmZF52
     K25SB8P ZC2025 09 18.51243 02 01 38.22 +05 48 40.0          21.3 GV~9JmZF52
     K25SB8T ZC2025 09 23.40616 01 55 41.93 +01 37 17.1                V~9JmZF52
     K25SB8T ZC2025 09 23.41768 01 55 41.59 +01 37 12.8                V~9JmZF52
     K25SB8T ZC2025 09 23.42924 01 55 41.24 +01 37 08.6          21.7 GV~9JmZF52
     K25SB8T ZC2025 09 23.44082 01 55 40.87 +01 37 04.2          22.7 GV~9JmZF52
     K25SB8V ZC2020 07 13.41106 19 26 02.43 -31 16 02.0          21.4 GV~9JmaF51
     K25SB8V ZC2020 07 13.42140 19 26 01.78 -31 16 01.6          21.4 GV~9JmaF51
     K25SB8V ZC2020 07 13.43174 19 26 01.12 -31 16 01.3          21.7 GV~9JmaF51
     K25SB9H ZC2025 09 16.46602 00 13 38.33 +06 17 15.7          21.9 GV~9JmbF51
     K25SB9H ZC2025 09 16.49694 00 13 36.67 +06 17 11.1          21.9 GV~9JmbF51
     K25SB9H ZC2025 09 16.50902 00 13 36.04 +06 17 09.4                V~9JmbF51
     K25SB9H ZC2025 09 16.52106 00 13 35.39 +06 17 07.6                V~9JmbF51
     K25SB9J ZC2025 09 23.40099 01 28 15.85 +06 14 44.2                V~9JmbF52
     K25SB9J ZC2025 09 23.41257 01 28 15.36 +06 14 43.1                V~9JmbF52
     K25SB9J ZC2025 09 23.42413 01 28 14.86 +06 14 42.2          22.2 GV~9JmbF52
     K25SB9J ZC2025 09 23.43572 01 28 14.36 +06 14 41.3          22.3 GV~9JmbF52
     K25SB9K ZC2025 09 16.47275 00 55 11.05 +03 25 55.9          21.1 GV~9JmbF51
     K25SB9K ZC2025 09 16.50362 00 55 09.40 +03 25 59.3          21.1 GV~9JmbF51
     K25SB9K ZC2025 09 16.51567 00 55 08.75 +03 26 00.3          21.3 GV~9JmbF51
     K25SC0B ZC2025 08 19.48506 23 49 24.29 +00 41 40.7          21.8 GV~9JmcF51
     K25SC0B ZC2025 08 19.49620 23 49 23.79 +00 41 42.9          21.9 GV~9JmcF51
     K25SC0B ZC2025 08 19.50754 23 49 23.26 +00 41 46.4          21.9 GV~9JmcF51
     K25SC0B ZC2025 08 19.51870 23 49 22.76 +00 41 49.3          22.1 GV~9JmcF51
     K25SC0H*ZC2025 09 23.40416 01 40 14.40 +06 22 06.4                V~9JmdF52
     K25SC0H ZC2025 09 23.41574 01 40 13.88 +06 22 05.4                V~9JmdF52
     K25SC0H ZC2025 09 23.42729 01 40 13.33 +06 22 05.1          22.4 GV~9JmdF52
     K25SC0H ZC2025 09 23.43888 01 40 12.81 +06 22 04.5          22.2 GV~9JmdF52
     K25SC1X ZC2025 09 23.40616 01 57 52.54 +01 10 13.6          22.8 GV~9JmgF52
     K25SC1X ZC2025 09 23.41768 01 57 52.04 +01 10 12.7                V~9JmgF52
     K25SC1X ZC2025 09 23.42924 01 57 51.58 +01 10 11.5          22.6 GV~9JmgF52
     K25SC1X ZC2025 09 23.44082 01 57 51.10 +01 10 10.8          22.7 GV~9JmgF52
     K25SC2C ZC2025 09 16.47211 00 47 15.63 +05 28 20.2          22.5 GV~9JmhF51
     K25SC2C ZC2025 09 16.50295 00 47 14.17 +05 28 19.0                V~9JmhF51
     K25SC2C ZC2025 09 16.51501 00 47 13.60 +05 28 18.1          22.2 GV~9JmhF51
     K25SC2C ZC2025 09 16.52711 00 47 13.05 +05 28 17.6          21.9 GV~9JmhF51
     K25SC3H ZC2025 09 16.47147 00 48 37.02 +08 14 11.3          21.3 GV~9JmjF51
     K25SC3H ZC2025 09 16.50229 00 48 35.58 +08 14 04.2          21.0 GV~9JmjF51
     K25SC3H ZC2025 09 16.51435 00 48 34.99 +08 14 01.8          20.9 GV~9JmjF51
     K25SC3H ZC2025 09 16.52644 00 48 34.42 +08 13 59.2          21.1 GV~9JmjF51
     K25SC3O ZC2025 09 18.48626 01 54 26.44 +04 07 58.3          22.2 GV~9JmjF52
     K25SC3O ZC2025 09 18.49870 01 54 26.09 +04 07 55.9          22.8 GV~9JmjF52
     K25SC3O ZC2025 09 18.51115 01 54 25.75 +04 07 53.0          21.7 GV~9JmjF52
     K25SC3Q ZC2025 09 15.37555 00 11 26.15 +08 42 47.4          21.6 GV~9JmkF52
     K25SC3Q ZC2025 09 15.39609 00 11 25.39 +08 42 37.4          21.6 GV~9JmkF52
     K25SC3Q ZC2025 09 15.40640 00 11 25.00 +08 42 32.3          21.8 GV~9JmkF52
     K25SC6B*ZC2025 09 23.41511 01 38 30.04 +05 00 20.9          22.7 GV~9JmoF52
     K25SC6B ZC2025 09 23.42666 01 38 29.41 +05 00 16.4                V~9JmoF52
     K25SC6B ZC2025 09 23.43824 01 38 28.80 +05 00 11.9          22.5 GV~9JmoF52
     K25SC9P ZC2025 09 16.47211 00 49 20.23 +05 47 39.2          21.3 GV~9JmuF51
     K25SC9P ZC2025 09 16.51501 00 49 18.40 +05 47 32.4          21.1 GV~9JmuF51
     K25SD2G*ZC2025 09 18.47069 01 30 45.04 +03 06 01.6          22.1 GV~9JmyF52
     K25SD2G ZC2025 09 18.48310 01 30 44.55 +03 05 58.7          22.0 GV~9JmyF52
     K25SD2G ZC2025 09 18.49552 01 30 44.06 +03 05 56.1                V~9JmyF52
     K25SD2G ZC2025 09 18.50798 01 30 43.58 +03 05 53.5          22.1 GV~9JmyF52
     K25SD2K ZC2025 08 19.48506 23 53 23.69 +00 01 31.8          21.3 GV~9JmyF51
     K25SD2K ZC2025 08 19.49620 23 53 23.37 +00 01 28.5          21.6 GV~9JmyF51
     K25SD2K ZC2025 08 19.50754 23 53 23.03 +00 01 24.9          21.7 GV~9JmyF51
     K25SD2K ZC2025 08 19.51870 23 53 22.69 +00 01 21.5          22.0 GV~9JmyF51
     K25SD2W ZC2025 09 16.47211 00 46 27.89 +04 58 59.1          22.4 GV~9JmzF51
     K25SD2W ZC2025 09 16.50295 00 46 26.64 +04 58 51.9                V~9JmzF51
     K25SD2W ZC2025 09 16.51501 00 46 26.19 +04 58 49.3          22.0 GV~9JmzF51
     K25SD2W ZC2025 09 16.52711 00 46 25.73 +04 58 46.5          22.6 GV~9JmzF51
     K25SD3J ZC2025 09 16.47211 00 45 01.96 +05 28 19.6          22.4 GV~9Jn0F51
     K25SD3J ZC2025 09 16.50295 00 45 00.59 +05 28 13.0          22.6 GV~9Jn0F51
     K25SD3J ZC2025 09 16.51501 00 45 00.08 +05 28 10.3          22.4 GV~9Jn0F51
     K25SD3J ZC2025 09 16.52711 00 44 59.56 +05 28 07.5          22.1 GV~9Jn0F51
     K25SD5Y ZC2025 09 16.47211 00 45 18.98 +05 34 57.9          22.5 GV~9Jn3F51
     K25SD5Y ZC2025 09 16.50295 00 45 17.67 +05 34 56.3                V~9Jn3F51
     K25SD5Y ZC2025 09 16.51501 00 45 17.16 +05 34 55.4          22.4 GV~9Jn3F51
     K25SD5Y ZC2025 09 16.52711 00 45 16.65 +05 34 55.2          22.5 GV~9Jn3F51
     K25SD6L ZC2025 09 14.43091 01 48 22.36 +16 35 58.0          21.9 GV~9Jn4F52
     K25SD6L ZC2025 09 14.44376 01 48 22.06 +16 35 56.8          22.5 GV~9Jn4F52
     K25SD6L ZC2025 09 14.45658 01 48 21.77 +16 35 55.1          21.7 GV~9Jn4F52
     K25SD6L ZC2025 09 14.46945 01 48 21.49 +16 35 53.7          22.5 GV~9Jn4F52
     K25SD6Z ZC2025 10 19.54179 03 03 28.50 +09 41 01.6          21.7 GV~9MBFF51
     K25SD6Z ZC2025 10 19.55395 03 03 28.11 +09 40 52.3                V~9MBFF51
     K25SD6Z ZC2025 10 19.56611 03 03 27.69 +09 40 43.4                V~9MBFF51
     K25SD6Z ZC2025 10 30.39804 02 56 53.75 +07 24 07.1          22.0 GV~9OvZF51
     K25SD6Z ZC2025 10 30.41146 02 56 53.16 +07 23 57.0          21.7 GV~9OvZF51
     K25SD9F ZC2025 09 15.37871 01 01 05.76 +11 07 27.3          21.7 GV~9JnAF52
     K25SD9F ZC2025 09 15.38896 01 01 05.44 +11 07 26.3          21.6 GV~9JnAF52
     K25SD9F ZC2025 09 15.39926 01 01 05.16 +11 07 25.4          22.2 GV~9JnAF52
     K25SD9F ZC2025 09 15.40956 01 01 04.85 +11 07 24.5          21.5 GV~9JnAF52
     K25SD9G ZC2025 09 17.42982 01 56 52.14 +23 39 57.3          21.6 GV~9JnAF52
     K25SD9G ZC2025 09 17.44274 01 56 51.68 +23 40 02.4          22.1 GV~9JnAF52
     K25SD9G ZC2025 09 17.45572 01 56 51.23 +23 40 07.6          21.8 GV~9JnAF52
     K25SD9G ZC2025 09 17.46879 01 56 50.83 +23 40 12.8          22.4 GV~9JnAF52
     K25SD9H ZC2025 09 20.48164 01 55 42.02 -00 00 41.0          21.8 GV~9JnAF51
     K25SD9H ZC2025 09 20.49363 01 55 41.82 -00 00 44.5          22.2 GV~9JnAF51
     K25SD9H ZC2025 09 20.50565 01 55 41.64 -00 00 48.5          22.1 GV~9JnAF51
     K25SD9J ZC2025 09 14.42772 01 52 45.19 +08 16 17.9          21.9 GV~9JnAF52
     K25SD9J ZC2025 09 14.44059 01 52 44.85 +08 16 18.8          21.9 GV~9JnAF52
     K25SD9J ZC2025 09 14.45335 01 52 44.50 +08 16 18.9          22.0 GV~9JnAF52
     K25SD9J ZC2025 09 14.46629 01 52 44.17 +08 16 19.7          22.6 GV~9JnAF52
     K25SD9K ZC2025 09 17.43045 01 50 29.63 +21 30 09.3          21.6 GV~9JnAF52
     K25SD9K ZC2025 09 17.44338 01 50 29.25 +21 30 08.0          21.6 GV~9JnAF52
     K25SD9K ZC2025 09 17.45635 01 50 28.91 +21 30 06.0          21.9 GV~9JnAF52
     K25SD9K ZC2025 09 17.46943 01 50 28.54 +21 30 04.2          21.5 GV~9JnAF52
     K25SD9L ZC2025 09 16.42594 00 50 44.33 -12 05 38.9          21.7 GV~9JnBF51
     K25SD9L ZC2025 09 16.44801 00 50 43.39 -12 05 51.8          21.2 GV~9JnBF51
     K25SD9L ZC2025 09 16.45905 00 50 42.92 -12 05 58.3          21.5 GV~9JnBF51
     K25SD9T ZC2025 09 16.42594 00 58 28.71 -11 33 37.1          21.6 GV~9JnBF51
     K25SD9T ZC2025 09 16.43696 00 58 28.23 -11 33 40.6          21.7 GV~9JnBF51
     K25SD9T ZC2025 09 16.44801 00 58 27.75 -11 33 44.4          21.2 GV~9JnBF51
     K25SD9V ZC2025 09 16.50229 00 50 32.75 +07 12 50.2          21.7 GV~9JnCF51
     K25SD9V ZC2025 09 16.51435 00 50 32.21 +07 12 47.7          21.8 GV~9JnCF51
     K25SD9V ZC2025 09 16.52644 00 50 31.66 +07 12 45.8          22.2 GV~9JnCF51
     K25SE0N ZC2025 09 20.46774 01 36 28.24 -04 24 26.8                V~9MBGF51
     K25SE0N ZC2025 09 20.47968 01 36 27.84 -04 24 29.5                V~9MBGF51
     K25SE0N ZC2025 09 20.50369 01 36 27.06 -04 24 35.1          22.0 GV~9MBGF51
     K25SE0P ZC2025 10 30.32769 02 58 49.50 +17 15 43.1          21.2 GV~9OvbF51
     K25SE0P ZC2025 10 30.33804 02 58 48.89 +17 15 43.4                V~9OvbF51
     K25SE0P ZC2025 10 30.34841 02 58 48.29 +17 15 44.1                V~9OvbF51
     K25SE0X ZC2025 09 17.42982 01 57 31.18 +26 08 37.9          22.2 GV~9MBHF52
     K25SE0X ZC2025 09 17.44274 01 57 31.08 +26 08 34.8          22.3 GV~9MBHF52
     K25SE0X ZC2025 09 17.45572 01 57 30.96 +26 08 31.4          21.8 GV~9MBHF52
     K25SE0X ZC2025 09 17.46879 01 57 30.84 +26 08 28.0          21.4 GV~9MBHF52
     K25SE1P ZC2025 10 19.54861 03 49 18.66 +14 10 51.2          22.4 GV~9MBJF51
     K25SE1P ZC2025 10 19.56079 03 49 18.19 +14 10 52.2          22.2 GV~9MBJF51
     K25SE1P ZC2025 10 19.58518 03 49 17.19 +14 10 53.9          22.4 GV~9MBJF51
     K25SE1R ZC2025 10 19.54373 03 17 49.34 +07 59 35.0          21.6 GV~9MBJF51
     K25SE1R ZC2025 10 19.55587 03 17 48.90 +07 59 31.5          21.4 GV~9MBJF51
     K25SE1R ZC2025 10 19.56804 03 17 48.39 +07 59 27.8          21.4 GV~9MBJF51
     K25SE1R ZC2025 10 19.58022 03 17 47.90 +07 59 23.7                V~9MBJF51
     K25SE1U ZC2025 10 19.54114 02 53 57.33 +08 59 15.5          22.4 GV~9MBKF51
     K25SE1U ZC2025 10 19.55331 02 53 56.83 +08 59 10.5                V~9MBKF51
     K25SE1U ZC2025 10 19.56547 02 53 56.34 +08 59 05.9          22.1 GV~9MBKF51
     K25SE1U ZC2025 10 19.57765 02 53 55.86 +08 59 00.9                V~9MBKF51
     K25SE2E ZC2025 10 15.42867 03 05 19.46 +11 27 07.3          22.2 GV~9MBLF51
     K25SE2E ZC2025 10 15.43981 03 05 19.04 +11 27 04.6          22.3 GV~9MBLF51
     K25SE2E ZC2025 10 15.45095 03 05 18.61 +11 27 02.0          21.9 GV~9MBLF51
     K25SE2E ZC2025 10 15.46218 03 05 18.20 +11 26 59.2          21.7 GV~9MBLF51
     K25SE2E ZC2025 10 19.54179 03 02 44.22 +11 09 43.0          21.9 GV~9MBLF51
     K25SE2E ZC2025 10 19.56611 03 02 43.16 +11 09 36.8          22.0 GV~9MBLF51
     K25SE2E ZC2025 10 19.57829 03 02 42.61 +11 09 33.2                V~9MBLF51
     K25SE2T ZC2020 07 18.45848 21 11 21.69 -17 42 36.4                V~9MBMF51
     K25SE2T ZC2020 07 18.46927 21 11 21.09 -17 42 35.8          21.5 GV~9MBMF51
     K25SE2T ZC2020 07 18.47999 21 11 20.46 -17 42 36.1          22.1 GV~9MBMF51
     K25SE3N ZC2025 10 19.54244 03 17 19.27 +11 18 52.3          22.3 GV~9OveF51
     K25SE3N ZC2025 10 19.55459 03 17 18.59 +11 18 54.7                V~9OveF51
     K25SE3N ZC2025 10 19.56675 03 17 17.89 +11 18 56.9                V~9OveF51
     K25SE3P*ZC2025 09 20.46903 01 46 51.71 -01 44 37.8          21.5 GV~9OveF51
     K25SE3P ZC2025 09 20.49298 01 46 50.69 -01 44 40.0          22.3 GV~9OveF51
     K25SE3P ZC2025 09 20.50499 01 46 50.19 -01 44 41.0          21.3 GV~9OveF51
     K25SE4H ZC2025 11 23.51789 04 08 33.30 +15 16 31.2          21.6 GV~9OvgF51
     K25SE4H ZC2025 11 23.53159 04 08 32.26 +15 16 37.0          21.4 GV~9OvgF51
     K25SE4H ZC2025 11 23.54523 04 08 31.23 +15 16 42.7          21.5 GV~9OvgF51
     K25SE4N ZC2025 10 19.55331 03 00 34.98 +08 35 42.3                V~9OvgF51
     K25SE4N ZC2025 10 19.56547 03 00 34.44 +08 35 37.8          22.2 GV~9OvgF51
     K25SE4N ZC2025 10 19.57765 03 00 33.92 +08 35 33.6          22.5 GV~9OvgF51
     K25SE6A ZC2025 10 30.32833 02 45 20.54 +17 08 21.9          21.7 GV~9OvlF51
     K25SE6A ZC2025 10 30.33869 02 45 19.83 +17 08 23.6          21.7 GV~9OvlF51
     K25SE6A ZC2025 10 30.34905 02 45 19.11 +17 08 25.0          21.4 GV~9OvlF51
     K25SE6A ZC2025 10 30.35946 02 45 18.43 +17 08 26.4          21.8 GV~9OvlF51
     K25SE8W ZC2025 09 18.46363 00 59 31.62 +01 22 09.6          22.5 GV~9OvsF52
     K25SE8W ZC2025 09 18.47600 00 59 30.90 +01 22 07.6          22.4 GV~9OvsF52
     K25SE8W ZC2025 09 18.48841 00 59 30.21 +01 22 05.4          22.6 GV~9OvsF52
     K25SE8W ZC2025 09 18.50087 00 59 29.45 +01 22 04.1          22.3 GV~9OvsF52
     K25SF4X ZC2025 09 16.47275 00 53 37.36 +03 33 17.4          21.2 GV~9Ow2F51
     K25SF4X ZC2025 09 16.50362 00 53 36.11 +03 33 04.6          21.0 GV~9Ow2F51
     K25SF4X ZC2025 09 16.51567 00 53 35.64 +03 32 59.9          21.1 GV~9Ow2F51
     K25SF4X ZC2025 09 16.52777 00 53 35.14 +03 32 54.5          20.9 GV~9Ow2F51
     K25SF4Y ZC2025 09 16.47275 00 59 35.07 +02 14 42.2          21.1 GV~9Ow2F51
     K25SF4Y ZC2025 09 16.50362 00 59 33.60 +02 14 33.8          21.5 GV~9Ow2F51
     K25SF4Y ZC2025 09 16.51567 00 59 33.03 +02 14 30.3          21.2 GV~9Ow2F51
     K25SF4Y ZC2025 09 16.52777 00 59 32.47 +02 14 27.0          21.5 GV~9Ow2F51
     K25T02H ZC2025 09 23.40679 02 04 32.61 +05 07 03.5                V~9JnCF52
     K25T02H ZC2025 09 23.42987 02 04 31.95 +05 06 58.6          22.0 GV~9JnCF52
     K25T02H ZC2025 09 23.44145 02 04 31.60 +05 06 56.2          21.6 GV~9JnCF52
     K25T05J ZC2025 09 23.40679 01 57 08.11 +04 46 49.0          22.1 GV~9JnDF52
     K25T05J ZC2025 09 23.41831 01 57 07.66 +04 46 47.4                V~9JnDF52
     K25T05J ZC2025 09 23.42987 01 57 07.24 +04 46 45.1          22.2 GV~9JnDF52
     K25T05J ZC2025 09 23.44145 01 57 06.81 +04 46 43.3                V~9JnDF52
     K25T05K ZC2025 09 14.42772 01 53 02.13 +08 07 10.2          22.3 GV~9JnDF52
     K25T05K ZC2025 09 14.44059 01 53 01.92 +08 07 03.0          21.8 GV~9JnDF52
     K25T05K ZC2025 09 14.45335 01 53 01.62 +08 06 55.5          22.7 GV~9JnDF52
     K25T05K ZC2025 09 14.46629 01 53 01.37 +08 06 48.5          22.8 GV~9JnDF52
     K25T05K ZC2025 09 23.40742 01 49 21.67 +06 36 04.2          22.3 GV~9JnDF52
     K25T05K ZC2025 09 23.41894 01 49 21.30 +06 35 57.1          22.3 GV~9JnDF52
     K25T05K ZC2025 09 23.43053 01 49 20.93 +06 35 49.5          22.2 GV~9JnDF52
     K25T05K ZC2025 09 23.44208 01 49 20.56 +06 35 41.9          22.1 GV~9JnDF52
     K25T06M ZC2025 10 15.48688 02 26 46.70 +04 41 48.3          22.6 GV~9MBNF51
     K25T06M ZC2025 10 15.49898 02 26 46.17 +04 41 40.4          22.1 GV~9MBNF51
     K25T06M ZC2025 10 15.51108 02 26 45.65 +04 41 32.1          22.1 GV~9MBNF51
     K25T06M ZC2025 10 15.52322 02 26 45.12 +04 41 23.7          21.7 GV~9MBNF51
     K25T06Y ZC2025 09 23.40679 02 03 41.77 +03 56 59.3          21.9 GV~9JnDF52
     K25T06Y ZC2025 09 23.41831 02 03 41.40 +03 56 55.2                V~9JnDF52
     K25T06Y ZC2025 09 23.44145 02 03 40.69 +03 56 46.9                V~9JnDF52
     K25T07O ZC2025 09 18.47385 01 57 24.04 +03 19 43.8          21.1 GV~9JnEF52
     K25T07O ZC2025 09 18.48626 01 57 23.72 +03 19 40.9          21.7 GV~9JnEF52
     K25T07O ZC2025 09 18.49870 01 57 23.42 +03 19 38.4          21.6 GV~9JnEF52
     K25T07O ZC2025 09 18.51115 01 57 23.09 +03 19 35.7          21.8 GV~9JnEF52
     K25T07S ZC2020 07 17.43256 20 35 13.17 -16 32 19.9          21.8 GV~9JnEF51
     K25T07S ZC2020 07 17.44683 20 35 12.41 -16 32 24.1          22.0 GV~9JnEF51
     K25T07S ZC2020 07 17.46103 20 35 11.78 -16 32 29.6                V~9JnEF51
     K25T13K ZC2025 09 23.41768 01 51 52.58 +01 27 07.1          21.2 GV~9JnFF52
     K25T13K ZC2025 09 23.42924 01 51 52.05 +01 27 05.2                V~9JnFF52
     K25T13K ZC2025 09 23.44082 01 51 51.55 +01 27 03.0          22.5 GV~9JnFF52
     K25T13U ZC2025 09 18.47514 01 56 00.95 +07 04 29.6          22.0 GV~9JnFF52
     K25T13U ZC2025 09 18.48752 01 56 00.75 +07 04 25.7          21.0 GV~9JnFF52
     K25T13U ZC2025 09 18.51243 01 56 00.35 +07 04 17.4          21.2 GV~9JnFF52
     K25T15A ZC2025 09 14.42772 01 51 23.94 +07 44 00.9          21.7 GV~9JnGF52
     K25T15A ZC2025 09 14.44059 01 51 23.65 +07 44 03.0          21.6 GV~9JnGF52
     K25T15A ZC2025 09 14.45335 01 51 23.39 +07 44 05.5          22.3 GV~9JnGF52
     K25T15A ZC2025 09 14.46629 01 51 23.10 +07 44 07.8          21.8 GV~9JnGF52
     K25T15E ZC2025 09 18.47514 01 56 16.73 +07 04 40.6          21.6 GV~9JnGF52
     K25T15E ZC2025 09 18.48752 01 56 16.46 +07 04 35.5          21.9 GV~9JnGF52
     K25T15E ZC2025 09 18.49997 01 56 16.18 +07 04 30.5          22.3 GV~9JnGF52
     K25T16V ZC2025 09 18.47514 02 01 43.01 +07 47 06.0          21.5 GV~9JnGF52
     K25T16V ZC2025 09 18.48752 02 01 42.77 +07 47 03.7          22.2 GV~9JnGF52
     K25T16V ZC2025 09 18.49997 02 01 42.53 +07 47 01.4          21.7 GV~9JnGF52
     K25T16V ZC2025 09 18.51243 02 01 42.29 +07 46 59.1          21.1 GV~9JnGF52
     K25T17A ZC2025 10 30.32705 02 55 16.18 +20 09 00.3                V~9OwQF51
     K25T17A ZC2025 10 30.33740 02 55 15.58 +20 09 01.3                V~9OwQF51
     K25T17A ZC2025 10 30.35817 02 55 14.37 +20 09 04.0          21.9 GV~9OwQF51
     K25T17R ZC2025 09 18.47385 01 58 13.29 +05 40 08.3          21.3 GV~9JnHF52
     K25T17R ZC2025 09 18.48626 01 58 13.01 +05 40 07.2          22.3 GV~9JnHF52
     K25T17R ZC2025 09 18.49870 01 58 12.76 +05 40 05.9          22.3 GV~9JnHF52
     K25T20C ZC2020 10 12.56019 03 13 56.87 +11 01 41.9                V~9HBBF51
     K25T20C ZC2020 10 12.57306 03 13 56.44 +11 01 37.6          21.4 GV~9HBBF51
     K25T20C ZC2020 10 12.58597 03 13 56.03 +11 01 32.9          21.1 GV~9HBBF51
     K25T21B ZC2025 10 15.48903 02 36 01.10 +04 05 34.8          22.6 GV~9MBOF51
     K25T21B ZC2025 10 15.50114 02 36 00.55 +04 05 33.7          22.7 GV~9MBOF51
     K25T21B ZC2025 10 15.51326 02 35 59.97 +04 05 32.5          22.6 GV~9MBOF51
     K25T21B ZC2025 10 15.52539 02 35 59.41 +04 05 31.5          22.2 GV~9MBOF51
     K25T22E ZC2025 10 19.47967 02 53 28.82 +04 53 26.3          21.5 GV~9MBPF51
     K25T22E ZC2025 10 19.49249 02 53 28.30 +04 53 20.2          21.9 GV~9MBPF51
     K25T22E ZC2025 10 19.51796 02 53 27.23 +04 53 08.2                V~9MBPF51
     K25T22X ZC2025 09 18.47514 02 00 01.20 +07 33 08.2          21.5 GV~9JnIF52
     K25T22X ZC2025 09 18.48752 02 00 00.96 +07 33 06.8          22.5 GV~9JnIF52
     K25T22X ZC2025 09 18.49997 02 00 00.71 +07 33 05.4          21.8 GV~9JnIF52
     K25T22X ZC2025 09 18.51243 02 00 00.42 +07 33 03.6          21.4 GV~9JnIF52
     K25T23M ZC2025 10 19.54244 03 16 38.68 +11 26 36.7                V~9MBPF51
     K25T23M ZC2025 10 19.55459 03 16 38.23 +11 26 34.0          21.5 GV~9MBPF51
     K25T23M ZC2025 10 19.56675 03 16 37.78 +11 26 31.3          21.8 GV~9MBPF51
     K25T24A ZC2025 09 18.47514 02 02 22.85 +07 33 00.8          21.6 GV~9JnIF52
     K25T24A ZC2025 09 18.48752 02 02 22.55 +07 32 59.2          22.1 GV~9JnIF52
     K25T24A ZC2025 09 18.49997 02 02 22.22 +07 32 56.8          21.9 GV~9JnIF52
     K25T24A ZC2025 09 18.51243 02 02 21.91 +07 32 54.4          21.1 GV~9JnIF52
     K25T25M ZC2025 09 18.47514 02 00 53.67 +07 46 10.1          21.9 GV~9JnIF52
     K25T25M ZC2025 09 18.48752 02 00 53.32 +07 46 07.7          22.5 GV~9JnIF52
     K25T25M ZC2025 09 18.49997 02 00 52.98 +07 46 05.5          22.7 GV~9JnIF52
     K25T25M ZC2025 09 18.51243 02 00 52.64 +07 46 03.2          21.2 GV~9JnIF52
     K25T25N ZC2025 09 18.47514 02 02 49.93 +05 56 43.2          21.5 GV~9JnIF52
     K25T25N ZC2025 09 18.48752 02 02 49.55 +05 56 43.2          22.0 GV~9JnIF52
     K25T25N ZC2025 09 18.49997 02 02 49.14 +05 56 42.8          21.7 GV~9JnIF52
     K25T25N ZC2025 09 18.51243 02 02 48.78 +05 56 42.4          21.0 GV~9JnIF52
     K25T26D ZC2025 10 15.48688 02 27 35.62 +03 39 46.4          22.3 GV~9MBPF51
     K25T26D ZC2025 10 15.49898 02 27 35.03 +03 39 45.6          22.0 GV~9MBPF51
     K25T26D ZC2025 10 15.51108 02 27 34.42 +03 39 44.4          22.5 GV~9MBPF51
     K25T27U ZC2025 09 18.47514 01 59 54.27 +07 39 44.8          22.0 GV~9JnJF52
     K25T27U ZC2025 09 18.48752 01 59 53.96 +07 39 43.4          22.3 GV~9JnJF52
     K25T27U ZC2025 09 18.49997 01 59 53.62 +07 39 41.6          22.2 GV~9JnJF52
     K25T27X ZC2025 09 18.47514 02 02 16.61 +07 27 56.4          21.6 GV~9JnJF52
     K25T27X ZC2025 09 18.48752 02 02 16.27 +07 27 55.1          22.0 GV~9JnJF52
     K25T27X ZC2025 09 18.49997 02 02 15.91 +07 27 53.7          22.7 GV~9JnJF52
     K25T27X ZC2025 09 18.51243 02 02 15.58 +07 27 52.3          21.5 GV~9JnJF52
     K25T29D ZC2025 09 23.40616 01 59 46.77 +01 04 31.0                V~9JnJF52
     K25T29D ZC2025 09 23.41768 01 59 46.28 +01 04 28.4          22.3 GV~9JnJF52
     K25T29D ZC2025 09 23.42924 01 59 45.74 +01 04 25.8          21.9 GV~9JnJF52
     K25T29W ZC2025 09 14.42646 01 39 47.57 +10 58 35.0          22.0 GV~9JnJF52
     K25T29W ZC2025 09 14.43933 01 39 47.36 +10 58 31.2          21.7 GV~9JnJF52
     K25T29W ZC2025 09 14.45209 01 39 47.15 +10 58 28.0          22.2 GV~9JnJF52
     K25T29W ZC2025 09 14.46502 01 39 46.93 +10 58 24.6          22.1 GV~9JnJF52
     K25T30U ZC2025 09 23.40742 01 55 41.24 +07 31 30.9                V~9JnJF52
     K25T30U ZC2025 09 23.41894 01 55 40.93 +07 31 24.8          22.3 GV~9JnJF52
     K25T30U ZC2025 09 23.43053 01 55 40.64 +07 31 19.0          22.3 GV~9JnJF52
     K25T31A ZC2012 11 08.51277702 59 22.560+12 08 59.64         21.7 rW~9JnJF51
     K25T31A ZC2012 11 08.52439002 59 21.912+12 08 56.40         21.7 rW~9JnJF51
     K25T31A ZC2025 09 14.42772 01 46 24.29 +07 57 34.1          21.9 GV~9JnJF52
     K25T31A ZC2025 09 14.44059 01 46 24.03 +07 57 30.9          21.8 GV~9JnJF52
     K25T31A ZC2025 09 14.45335 01 46 23.71 +07 57 28.4          22.4 GV~9JnJF52
     K25T31A ZC2025 09 14.46629 01 46 23.39 +07 57 25.4          22.2 GV~9JnJF52
     K25T31B ZC2025 09 18.47385 01 53 54.38 +04 46 38.9          21.6 GV~9JnJF52
     K25T31B ZC2025 09 18.48626 01 53 54.03 +04 46 35.8          22.4 GV~9JnJF52
     K25T31B ZC2025 09 18.49870 01 53 53.67 +04 46 32.5          22.1 GV~9JnJF52
     K25T31B ZC2025 09 18.51115 01 53 53.31 +04 46 29.4          21.7 GV~9JnKF52
     K25T32O ZC2025 09 23.40742 01 55 07.16 +08 12 43.6          22.8 GV~9JnKF52
     K25T32O ZC2025 09 23.41894 01 55 06.79 +08 12 40.2          22.6 GV~9JnKF52
     K25T32O ZC2025 09 23.43053 01 55 06.39 +08 12 36.4          22.0 GV~9JnKF52
     K25T32O ZC2025 09 23.44208 01 55 06.02 +08 12 32.8                V~9JnKF52
     K25T32W ZC2024 06 06.39942 16 32 37.21 -20 40 30.4          22.1 GV~9JnKF52
     K25T32W ZC2024 06 06.40739 16 32 36.74 -20 40 30.6          21.9 GV~9JnKF52
     K25T32W ZC2024 06 06.42329 16 32 35.77 -20 40 31.1          21.9 GV~9JnKF52
     K25T35C ZC2020 07 17.41762 20 26 33.77 -14 25 24.5          21.8 GV~9HBzF51
     K25T35C ZC2020 07 17.43191 20 26 33.03 -14 25 29.6          21.8 GV~9HBzF51
     K25T37L ZC2025 09 14.43091 01 39 38.11 +15 39 44.3          21.4 GV~9JnLF52
     K25T37L ZC2025 09 14.44376 01 39 37.87 +15 39 36.8          22.0 GV~9JnLF52
     K25T37L ZC2025 09 14.45658 01 39 37.65 +15 39 28.7          21.8 GV~9JnLF52
     K25T37L ZC2025 09 14.46945 01 39 37.36 +15 39 21.0          22.3 GV~9JnLF52
     K25T37X ZC2025 10 15.48967 02 35 22.89 +00 40 14.6          22.8 GV~9MBQF51
     K25T37X ZC2025 10 15.50179 02 35 22.28 +00 40 12.7          22.8 GV~9MBQF51
     K25T37X ZC2025 10 15.51391 02 35 21.67 +00 40 10.9          22.8 GV~9MBQF51
     K25T37X ZC2025 10 15.52604 02 35 21.06 +00 40 09.2          22.6 GV~9MBQF51
     K25T38P ZC2025 09 23.40616 01 51 19.11 +02 57 24.2          22.6 GV~9JnLF52
     K25T38P ZC2025 09 23.41768 01 51 18.71 +02 57 19.1          22.3 GV~9JnLF52
     K25T38P ZC2025 09 23.42924 01 51 18.30 +02 57 14.1          22.6 GV~9JnLF52
     K25T38P ZC2025 09 23.44082 01 51 17.88 +02 57 09.1          22.1 GV~9JnLF52
     K25T38T ZC2024 07 02.53356 20 02 13.04 -08 21 50.9          22.9 GV~9HC9F52
     K25T38T ZC2024 07 02.54674 20 02 12.52 -08 21 52.4          22.8 GV~9HC9F52
     K25T38T ZC2024 07 02.55991 20 02 11.99 -08 21 54.0          22.8 GV~9HC9F52
     K25T39K ZC2021 10 30.39130 02 38 50.56 +05 37 56.8          21.6 GV~9HCBF51
     K25T39K ZC2021 10 30.41208 02 38 49.43 +05 37 49.1          21.5 GV~9HCBF51
     K25T39K ZC2021 10 30.42477 02 38 48.73 +05 37 44.2          21.6 GV~9HCBF51
     K25T39K ZC2021 10 30.43745 02 38 48.05 +05 37 39.5          22.2 GV~9HCBF51
     K25T39Y ZC2025 09 23.40742 01 51 42.24 +07 07 04.9          22.6 GV~9JnLF52
     K25T39Y ZC2025 09 23.41894 01 51 41.89 +07 07 02.3                V~9JnLF52
     K25T39Y ZC2025 09 23.43053 01 51 41.53 +07 06 59.8          22.6 GV~9JnLF52
     K25T40S ZC2025 09 18.47514 02 00 28.08 +05 51 33.8          21.2 GV~9JnLF52
     K25T40S ZC2025 09 18.48752 02 00 27.75 +05 51 32.9          22.1 GV~9JnLF52
     K25T40S ZC2025 09 18.49997 02 00 27.39 +05 51 31.6          22.0 GV~9JnLF52
     K25T40S ZC2025 09 18.51243 02 00 27.09 +05 51 30.8          21.2 GV~9JnLF52
     K25T40S ZC2025 09 23.40679 01 58 03.10 +05 43 55.0          22.4 GV~9JnLF52
     K25T40S ZC2025 09 23.41831 01 58 02.68 +05 43 53.6          22.5 GV~9JnLF52
     K25T40S ZC2025 09 23.44145 01 58 01.83 +05 43 51.5          22.5 GV~9JnLF52
     K25T40W ZC2025 09 18.47514 02 01 58.49 +06 19 30.0          21.6 GV~9JnLF52
     K25T40W ZC2025 09 18.48752 02 01 58.06 +06 19 29.2          21.5 GV~9JnLF52
     K25T40W ZC2025 09 18.49997 02 01 57.67 +06 19 27.9          21.9 GV~9JnLF52
     K25T40W ZC2025 09 18.51243 02 01 57.31 +06 19 26.6          21.3 GV~9JnLF52
     K25T42R ZC2020 09 16.48650 01 19 46.87 +06 21 45.1                V~9JnOF51
     K25T42R ZC2020 09 16.49665 01 19 46.55 +06 21 40.6          22.1 GV~9JnOF51
     K25T42R ZC2020 09 16.50640 01 19 46.23 +06 21 36.4          22.4 GV~9JnOF51
     K25T44H ZC2025 09 23.40742 01 51 11.92 +08 38 10.0          22.6 GV~9JnSF52
     K25T44H ZC2025 09 23.41894 01 51 11.68 +08 38 04.3          22.4 GV~9JnSF52
     K25T44H ZC2025 09 23.43053 01 51 11.40 +08 37 58.8          22.5 GV~9JnSF52
     K25T44H ZC2025 09 23.44208 01 51 11.14 +08 37 53.4          21.9 GV~9JnSF52
     K25T46D ZC2025 09 18.47385 01 51 13.99 +04 29 56.5          21.7 GV~9JnWF52
     K25T46D ZC2025 09 18.48626 01 51 13.57 +04 29 55.4          22.3 GV~9JnWF52
     K25T46D ZC2025 09 18.49870 01 51 13.17 +04 29 54.8          22.7 GV~9JnWF52
     K25T46D ZC2025 09 18.51115 01 51 12.75 +04 29 53.7          21.5 GV~9JnWF52
     K25T47W ZC2020 09 12.53086 00 34 33.88 -05 19 10.6          21.6 GV~9OwhF51
     K25T47W ZC2020 09 12.54543 00 34 33.29 -05 19 16.4          21.6 GV~9OwhF51
     K25T47W ZC2025 09 23.40616 01 53 34.63 +01 29 15.1          22.0 GV~9JnaF52
     K25T47W ZC2025 09 23.41768 01 53 34.24 +01 29 11.4          22.0 GV~9JnaF52
     K25T47W ZC2025 09 23.42924 01 53 33.84 +01 29 07.2          22.5 GV~9JnaF52
     K25T48F ZC2025 10 15.48903 02 37 39.53 +03 26 01.6          22.4 GV~9MBQF51
     K25T48F ZC2025 10 15.50114 02 37 38.90 +03 26 01.1          22.3 GV~9MBQF51
     K25T48F ZC2025 10 15.51326 02 37 38.26 +03 26 00.4          22.0 GV~9MBQF51
     K25T48R ZC2025 09 23.41831 01 58 06.92 +05 32 01.2          22.3 GV~9JncF52
     K25T48R ZC2025 09 23.42987 01 58 06.69 +05 31 53.8          22.4 GV~9JncF52
     K25T48R ZC2025 09 23.44145 01 58 06.42 +05 31 46.3          22.3 GV~9JncF52
     K25T50X ZC2025 09 23.40616 02 00 33.65 +01 50 48.0          22.5 GV~9JngF52
     K25T50X ZC2025 09 23.41768 02 00 33.35 +01 50 43.2                V~9JngF52
     K25T50X ZC2025 09 23.44082 02 00 32.69 +01 50 34.1          22.3 GV~9JngF52
     K25T51K ZC2025 09 23.41768 01 57 14.06 +02 24 00.2                V~9JnhF52
     K25T51K ZC2025 09 23.44082 01 57 13.42 +02 23 50.1          22.1 GV~9JnhF52
     K25T51M ZC2025 09 18.47514 01 55 33.88 +06 26 31.6          22.0 GV~9JnhF52
     K25T51M ZC2025 09 18.48752 01 55 33.51 +06 26 28.8          21.9 GV~9JnhF52
     K25T51M ZC2025 09 18.49997 01 55 33.15 +06 26 26.2          22.4 GV~9JnhF52
     K25T51Q ZC2025 09 18.47514 01 55 28.88 +06 26 41.2          22.2 GV~9JnhF52
     K25T51Q ZC2025 09 18.48752 01 55 28.47 +06 26 39.1          21.8 GV~9JnhF52
     K25T51Q ZC2025 09 18.49997 01 55 28.14 +06 26 36.7          23.0 GV~9JnhF52
     K25T55R ZC2025 10 30.32898 02 33 10.61 +18 03 05.6          21.7 GV~9OwiF51
     K25T55R ZC2025 10 30.33933 02 33 10.08 +18 03 03.9          21.3 GV~9OwiF51
     K25T55R ZC2025 10 30.34970 02 33 09.52 +18 03 02.3          21.5 GV~9OwiF51
     K25T60M ZC2025 10 30.32833 02 44 29.15 +18 51 54.5          22.0 GV~9OwjF51
     K25T60M ZC2025 10 30.33869 02 44 28.63 +18 51 48.5          21.5 GV~9OwjF51
     K25T60M ZC2025 10 30.34905 02 44 28.11 +18 51 42.4          21.2 GV~9OwjF51
     K25T60M ZC2025 10 30.35946 02 44 27.58 +18 51 36.2          21.1 GV~9OwjF51
     K25T60U ZC2025 10 13.56990 02 04 39.40 +16 43 59.7          21.6 GV~9MBQF51
     K25T60U ZC2025 10 13.58413 02 04 38.75 +16 43 55.1          20.8 GV~9MBQF51
     K25T60U ZC2025 10 13.59832 02 04 38.10 +16 43 50.8          20.5 GV~9MBQF51
     K25T61J ZC2025 10 13.55822 02 08 00.51 +23 40 00.7          21.3 GV~9MBRF51
     K25T61J ZC2025 10 13.57247 02 07 59.84 +23 39 58.4          21.7 GV~9MBRF51
     K25T61J ZC2025 10 13.58670 02 07 59.15 +23 39 56.1          20.7 GV~9MBRF51
     K25T61J ZC2025 10 13.60091 02 07 58.48 +23 39 54.3          21.7 GV~9MBRF51
     K25T61W ZC2025 10 30.32510 02 36 56.08 +23 21 47.4          21.2 GV~9OwjF51
     K25T61W ZC2025 10 30.34582 02 36 54.47 +23 21 54.1          21.6 GV~9OwjF51
     K25T61W ZC2025 10 30.35622 02 36 53.63 +23 21 57.6          21.6 GV~9OwjF51
     K25T63K ZC2025 10 30.32380 02 36 11.20 +21 37 48.8                V~9OwlF51
     K25T63K ZC2025 10 30.34452 02 36 09.63 +21 37 55.2          21.9 GV~9OwlF51
     K25T63K ZC2025 10 30.35493 02 36 08.84 +21 37 58.4                V~9OwlF51
     K25T63M ZC2025 10 30.32769 03 02 23.12 +19 03 14.5          21.9 GV~9OwlF51
     K25T63M ZC2025 10 30.33804 03 02 22.60 +19 03 13.2                V~9OwlF51
     K25T63M ZC2025 10 30.35882 03 02 21.51 +19 03 10.2          21.9 GV~9OwlF51
     K25T63Y ZC2025 09 14.43933 01 39 33.31 +11 13 02.0          22.0 GV~9MBSF52
     K25T63Y ZC2025 09 14.45209 01 39 33.10 +11 13 00.2          22.2 GV~9MBSF52
     K25T63Y ZC2025 09 14.46502 01 39 32.90 +11 12 58.6          22.2 GV~9MBSF52
     K25T64N ZC2025 09 18.47514 01 58 29.36 +06 48 22.2          21.9 GV~9MBTF52
     K25T64N ZC2025 09 18.48752 01 58 29.16 +06 48 23.0          22.1 GV~9MBTF52
     K25T64N ZC2025 09 18.49997 01 58 28.95 +06 48 24.3          22.8 GV~9MBTF52
     K25T64N ZC2025 09 18.51243 01 58 28.75 +06 48 25.3          21.2 GV~9MBTF52
     K25T64N ZC2025 09 23.40742 01 56 58.97 +06 54 18.1                V~9MBTF52
     K25T64N ZC2025 09 23.41894 01 56 58.69 +06 54 18.8          22.5 GV~9MBTF52
     K25T64N ZC2025 09 23.43053 01 56 58.36 +06 54 19.7          22.5 GV~9MBTF52
     K25T64N ZC2025 09 23.44208 01 56 58.09 +06 54 20.5                V~9MBTF52
     K25T65F ZC2025 10 13.57119 02 18 58.31 +19 14 13.5          21.2 GV~9MBVF51
     K25T65F ZC2025 10 13.58541 02 18 57.59 +19 14 11.1          20.6 GV~9MBVF51
     K25T65F ZC2025 10 13.59962 02 18 56.91 +19 14 08.0          20.9 GV~9MBVF51
     K25T65G ZC2025 10 13.56028 02 26 25.74 +18 46 49.0          21.8 GV~9MBVF51
     K25T65G ZC2025 10 13.57452 02 26 25.03 +18 46 43.0          21.8 GV~9MBVF51
     K25T65G ZC2025 10 13.58876 02 26 24.36 +18 46 37.5          21.6 GV~9MBVF51
     K25T65M ZC2025 09 14.42901 01 49 13.32 +12 46 16.6          21.8 GV~9MBVF52
     K25T65M ZC2025 09 14.44185 01 49 13.05 +12 46 13.2          22.4 GV~9MBVF52
     K25T65M ZC2025 09 14.45462 01 49 12.74 +12 46 09.4          21.7 GV~9MBVF52
     K25T65M ZC2025 09 14.46755 01 49 12.44 +12 46 06.2          22.2 GV~9MBVF52
     K25T66C*ZC2025 10 15.49162 02 52 27.58 +02 32 42.9          22.2 GV~9MBXF51
     K25T66C ZC2025 10 15.50374 02 52 27.02 +02 32 41.6          22.3 GV~9MBXF51
     K25T66C ZC2025 10 15.51585 02 52 26.48 +02 32 40.2          22.3 GV~9MBXF51
     K25T66C ZC2025 10 15.52798 02 52 25.91 +02 32 39.0          22.1 GV~9MBXF51
     K25T67K ZC2025 10 13.55886 02 26 03.13 +25 35 50.7                V~9OwoF51
     K25T67K ZC2025 10 13.57312 02 26 02.12 +25 35 56.5          21.9 GV~9OwoF51
     K25T67K ZC2025 10 13.58735 02 26 01.06 +25 36 02.0          21.8 GV~9OwoF51
     K25T67K ZC2025 10 13.60155 02 26 00.06 +25 36 06.9          21.8 GV~9OwoF51
     K25T67T*ZC2025 10 15.49162 02 52 40.91 +01 41 29.8          22.5 GV~9OwpF51
     K25T67T ZC2025 10 15.50374 02 52 40.27 +01 41 30.3          22.2 GV~9OwpF51
     K25T67T ZC2025 10 15.51585 02 52 39.64 +01 41 31.0          22.4 GV~9OwpF51
     K25T67T ZC2025 10 15.52798 02 52 39.00 +01 41 32.3          22.3 GV~9OwpF51
     K25T67U*ZC2025 10 15.49034 02 42 26.38 +00 52 04.1          22.2 GV~9OwpF51
     K25T67U ZC2025 10 15.50245 02 42 25.77 +00 52 01.5          22.7 GV~9OwpF51
     K25T67U ZC2025 10 15.51455 02 42 25.17 +00 51 57.5          22.4 GV~9OwpF51
     K25T67U ZC2025 10 15.52668 02 42 24.56 +00 51 55.1          22.2 GV~9OwpF51
     K25T68N ZC2025 10 13.55629 02 09 52.55 +16 53 11.5          21.1 GV~9OwrF51
     K25T68N ZC2025 10 13.57054 02 09 51.95 +16 53 02.7          21.0 GV~9OwrF51
     K25T68N ZC2025 10 13.58477 02 09 51.37 +16 52 54.8          21.5 GV~9OwrF51
     K25T68N ZC2025 10 13.59897 02 09 50.70 +16 52 46.4          21.9 GV~9OwrF51
     K25T69O ZC2025 10 30.32833 02 50 29.99 +18 49 59.5          21.7 GV~9OwtF51
     K25T69O ZC2025 10 30.33869 02 50 29.37 +18 49 59.4          21.7 GV~9OwtF51
     K25T69O ZC2025 10 30.34905 02 50 28.79 +18 49 59.5          21.7 GV~9OwtF51
     K25T69O ZC2025 10 30.35946 02 50 28.14 +18 49 59.4          21.8 GV~9OwtF51
     K25T70C ZC2013 12 07.55693 06 57 13.35 +45 07 13.7          21.2 g2~9OwvF51
     K25T70C ZC2013 12 07.56653 06 57 12.72 +45 07 17.3          21.6 g2~9OwvF51
     K25T70C ZC2013 12 07.57611 06 57 12.10 +45 07 20.1          21.4 r2~9OwvF51
     K25T70C ZC2013 12 07.58521 06 57 11.47 +45 07 23.4          21.1 r2~9OwvF51
     K25T70N ZC2025 10 30.32445 02 29 39.39 +24 07 02.5          22.0 GV~9OwwF51
     K25T70N ZC2025 10 30.33481 02 29 38.79 +24 06 59.9          21.5 GV~9OwwF51
     K25T70N ZC2025 10 30.34517 02 29 38.16 +24 06 57.3          21.9 GV~9OwwF51
     K25T70N ZC2025 10 30.35557 02 29 37.54 +24 06 54.7          22.0 GV~9OwwF51
     K25T70O ZC2025 10 30.32510 02 43 23.19 +22 54 58.0          21.1 GV~9OwwF51
     K25T70O ZC2025 10 30.33546 02 43 22.58 +22 54 58.0          21.5 GV~9OwwF51
     K25T70O ZC2025 10 30.34582 02 43 21.94 +22 54 58.4          21.8 GV~9OwwF51
     K25T70O ZC2025 10 30.35622 02 43 21.31 +22 54 58.5          21.6 GV~9OwwF51
     K25T70P ZC2025 10 30.32705 02 54 15.20 +19 49 38.5                V~9OwwF51
     K25T70P ZC2025 10 30.33740 02 54 14.66 +19 49 35.7                V~9OwwF51
     K25T70P ZC2025 10 30.34776 02 54 14.09 +19 49 33.4                V~9OwwF51
     K25T70P ZC2025 10 30.35817 02 54 13.52 +19 49 30.4          21.8 GV~9OwwF51
     K25T70R ZC2025 10 30.32575 02 41 05.76 +19 18 52.8          22.0 GV~9OwwF51
     K25T70R ZC2025 10 30.33610 02 41 05.27 +19 18 51.6          21.3 GV~9OwwF51
     K25T70R ZC2025 10 30.34647 02 41 04.77 +19 18 51.1          21.6 GV~9OwwF51
     K25T70R ZC2025 10 30.35687 02 41 04.33 +19 18 51.7          22.4 GV~9OwwF51
     K25T71O ZC2025 10 30.32316 02 28 42.83 +17 52 39.5          21.0 GV~9OwyF51
     K25T71O ZC2025 10 30.33351 02 28 42.27 +17 52 36.1          20.7 GV~9OwyF51
     K25T71O ZC2025 10 30.34388 02 28 41.69 +17 52 32.1          20.4 GV~9OwyF51
     K25T71O ZC2025 10 30.35428 02 28 41.16 +17 52 27.7          20.9 GV~9OwyF51
     K25T71P ZC2025 10 30.32575 02 46 55.86 +21 18 13.6          22.2 GV~9OwyF51
     K25T71P ZC2025 10 30.34647 02 46 54.77 +21 18 12.1          21.8 GV~9OwyF51
     K25T71P ZC2025 10 30.35687 02 46 54.18 +21 18 11.4          21.7 GV~9OwyF51
     K25T72O ZC2023 01 15.41650 08 42 06.42 +15 03 05.4          22.1 GV~9Ox0F52
     K25T72O ZC2023 01 15.42744 08 42 05.70 +15 03 06.5          22.4 GV~9Ox0F52
     K25T72O ZC2025 10 13.55822 02 11 21.79 +22 22 21.2          21.8 GV~9Ox0F51
     K25T72O ZC2025 10 13.57247 02 11 21.01 +22 22 17.5          21.7 GV~9Ox0F51
     K25T72O ZC2025 10 13.58670 02 11 20.25 +22 22 14.7          20.8 GV~9Ox0F51
     K25T72O ZC2025 10 13.60091 02 11 19.49 +22 22 11.2          20.9 GV~9Ox0F51
     K25T75Y ZC2025 11 16.42514 03 59 51.71 +05 49 59.8          22.2 GV~9Ox5F51
     K25T75Y ZC2025 11 16.43728 03 59 51.06 +05 49 56.9          22.7 GV~9Ox5F51
     K25T75Y ZC2025 11 16.44946 03 59 50.39 +05 49 54.0          23.0 GV~9Ox5F51
     K25T75Y ZC2025 11 16.46171 03 59 49.72 +05 49 51.0          22.6 GV~9Ox5F51
     K25U10P ZC2025 10 13.55629 02 14 49.54 +16 03 11.0          21.4 GV~9MBaF51
     K25U10P ZC2025 10 13.57054 02 14 48.91 +16 03 06.4          21.1 GV~9MBaF51
     K25U10P ZC2025 10 13.58477 02 14 48.30 +16 03 02.4          21.0 GV~9MBaF51
     K25U10P ZC2025 10 13.59897 02 14 47.69 +16 02 58.6          21.0 GV~9MBaF51
     K25U11F ZC2025 10 15.48967 02 30 26.35 +01 30 13.3          22.9 GV~9MBaF51
     K25U11F ZC2025 10 15.50179 02 30 25.70 +01 30 11.9          22.6 GV~9MBaF51
     K25U11F ZC2025 10 15.51391 02 30 25.05 +01 30 10.7          22.6 GV~9MBaF51
     K25U11F ZC2025 10 15.52604 02 30 24.38 +01 30 09.0          22.1 GV~9MBaF51
     K25U13J ZC2025 10 15.48967 02 36 03.89 +01 56 37.4          22.7 GV~9MBaF51
     K25U13J ZC2025 10 15.50179 02 36 03.20 +01 56 34.8          22.6 GV~9MBaF51
     K25U13J ZC2025 10 15.51391 02 36 02.51 +01 56 31.8          22.6 GV~9MBaF51
     K25U13J ZC2025 10 15.52604 02 36 01.80 +01 56 29.7          22.9 GV~9MBaF51
     K25U15O ZC2025 10 15.48967 02 30 17.32 +01 33 50.0          22.9 GV~9MBaF51
     K25U15O ZC2025 10 15.50179 02 30 16.69 +01 33 50.0          22.6 GV~9MBaF51
     K25U15O ZC2025 10 15.52604 02 30 15.41 +01 33 50.0          22.5 GV~9MBaF51
     K25U17J ZC2025 10 15.49227 02 59 59.60 +04 32 01.4          22.0 GV~9MBaF51
     K25U17J ZC2025 10 15.50439 02 59 59.11 +04 31 59.3          22.5 GV~9MBaF51
     K25U17J ZC2025 10 15.51649 02 59 58.60 +04 31 57.0          22.4 GV~9MBaF51
     K25U17J ZC2025 10 15.52862 02 59 58.12 +04 31 55.4          22.0 GV~9MBaF51
     K25U18F ZC2025 10 15.50570 02 39 24.14 +05 42 20.2          22.5 GV~9MBbF51
     K25U18F ZC2025 10 15.51781 02 39 23.58 +05 42 18.5          22.2 GV~9MBbF51
     K25U18F ZC2025 10 15.52992 02 39 23.09 +05 42 17.9          22.9 GV~9MBbF51
     K25U18Q ZC2025 10 15.50570 02 46 18.71 +05 55 58.4          22.4 GV~9MBbF51
     K25U18Q ZC2025 10 15.51781 02 46 18.08 +05 55 57.1          22.6 GV~9MBbF51
     K25U18Q ZC2025 10 15.52992 02 46 17.46 +05 55 56.1          22.6 GV~9MBbF51
     K25U18V ZC2025 09 23.40742 01 56 03.97 +07 03 59.5          22.4 GV~9Jo6F52
     K25U18V ZC2025 09 23.41894 01 56 03.58 +07 03 57.5          21.9 GV~9Jo6F52
     K25U18V ZC2025 09 23.43053 01 56 03.17 +07 03 54.9                V~9Jo6F52
     K25U21C ZC2025 09 23.40616 01 50 57.61 +01 47 50.9          22.3 GV~9Jo7F52
     K25U21C ZC2025 09 23.41768 01 50 57.24 +01 47 46.2          22.1 GV~9Jo7F52
     K25U21C ZC2025 09 23.42924 01 50 56.82 +01 47 41.1          22.5 GV~9Jo7F52
     K25U21C ZC2025 09 23.44082 01 50 56.43 +01 47 36.6          22.7 GV~9Jo7F52
     K25U21U ZC2020 07 18.45989 21 21 33.58 -20 23 55.5          22.0 GV~9HCzF51
     K25U21U ZC2020 07 18.47067 21 21 33.11 -20 23 59.7          22.3 GV~9HCzF51
     K25U21U ZC2020 07 18.48140 21 21 32.66 -20 24 04.0          22.2 GV~9HCzF51
     K25U21U ZC2020 07 18.49212 21 21 32.20 -20 24 08.2          22.2 GV~9HCzF51
     K25U21Y ZC2025 09 18.47514 01 55 50.29 +07 32 33.7          22.2 GV~9Jo7F52
     K25U21Y ZC2025 09 18.48752 01 55 49.92 +07 32 31.0          22.3 GV~9Jo7F52
     K25U21Y ZC2025 09 18.49997 01 55 49.58 +07 32 28.6          22.8 GV~9Jo7F52
     K25U21Z ZC2025 09 14.42772 01 51 54.22 +08 14 40.8          22.0 GV~9Jo7F52
     K25U21Z ZC2025 09 14.44059 01 51 54.01 +08 14 37.8          21.8 GV~9Jo7F52
     K25U21Z ZC2025 09 14.46629 01 51 53.50 +08 14 31.3          22.2 GV~9Jo7F52
     K25U22G ZC2024 07 06.50575 21 04 33.31 -30 52 48.6                V~9HD0F52
     K25U22G ZC2024 07 06.51690 21 04 32.90 -30 52 52.6          22.0 GV~9HD0F52
     K25U22G ZC2024 07 06.52806 21 04 32.50 -30 52 56.9          22.3 GV~9HD0F52
     K25U22G ZC2024 07 06.53922 21 04 32.10 -30 53 01.5                V~9HD0F52
     K25U24T ZC2025 09 18.47385 01 53 59.02 +04 19 14.4          21.5 GV~9Jo7F52
     K25U24T ZC2025 09 18.48626 01 53 58.85 +04 19 11.3          22.1 GV~9Jo7F52
     K25U24T ZC2025 09 18.49870 01 53 58.64 +04 19 08.3          21.9 GV~9Jo7F52
     K25U24T ZC2025 09 18.51115 01 53 58.43 +04 19 05.0          21.5 GV~9Jo7F52
     K25U27Q ZC2025 09 23.40742 01 52 33.78 +07 06 42.1          22.5 GV~9Jo8F52
     K25U27Q ZC2025 09 23.41894 01 52 33.40 +07 06 40.1                V~9Jo8F52
     K25U27Q ZC2025 09 23.43053 01 52 33.01 +07 06 38.2          22.4 GV~9Jo8F52
     K25U27Q ZC2025 09 23.44208 01 52 32.61 +07 06 36.3          21.9 GV~9Jo8F52
     K25U29O ZC2025 10 15.48903 02 38 38.04 +05 18 37.2          23.0 GV~9MBbF51
     K25U29O ZC2025 10 15.51326 02 38 36.87 +05 18 27.0          22.6 GV~9MBbF51
     K25U29O ZC2025 10 15.52539 02 38 36.30 +05 18 21.2          22.4 GV~9MBbF51
     K25U31R ZC2025 09 18.47514 01 57 01.34 +05 48 13.1          21.4 GV~9Jo9F52
     K25U31R ZC2025 09 18.48752 01 57 01.04 +05 48 08.9          21.8 GV~9Jo9F52
     K25U31R ZC2025 09 18.49997 01 57 00.72 +05 48 04.5          21.9 GV~9Jo9F52
     K25U32Q ZC2025 09 23.40742 01 55 33.33 +07 58 41.2          21.7 GV~9Jo9F52
     K25U32Q ZC2025 09 23.41894 01 55 32.96 +07 58 38.7          22.4 GV~9Jo9F52
     K25U32Q ZC2025 09 23.43053 01 55 32.60 +07 58 36.2          22.6 GV~9Jo9F52
     K25U33Y ZC2025 09 23.40742 01 53 26.20 +06 54 22.8                V~9Jo9F52
     K25U33Y ZC2025 09 23.41894 01 53 25.94 +06 54 13.9          22.1 GV~9Jo9F52
     K25U33Y ZC2025 09 23.43053 01 53 25.66 +06 54 05.6          22.7 GV~9Jo9F52
     K25U34J ZC2025 09 14.42772 01 51 49.07 +09 03 37.9          22.4 GV~9Jo9F52
     K25U34J ZC2025 09 14.44059 01 51 48.88 +09 03 35.4          21.9 GV~9Jo9F52
     K25U34J ZC2025 09 14.45335 01 51 48.75 +09 03 33.0          22.7 GV~9Jo9F52
     K25U34J ZC2025 09 14.46629 01 51 48.59 +09 03 30.5          22.1 GV~9Jo9F52
     K25U34P ZC2020 07 17.41294 20 18 38.25 -13 29 03.0          21.5 GV~9HDRF51
     K25U34P ZC2020 07 17.42720 20 18 37.52 -13 29 08.2          21.5 GV~9HDRF51
     K25U34P ZC2020 07 17.44150 20 18 36.79 -13 29 13.0          21.6 GV~9HDSF51
     K25U34P ZC2020 07 17.45575 20 18 36.06 -13 29 17.7          21.3 GV~9HDSF51
     K25U34Z ZC2020 09 16.48650 01 20 42.95 +07 00 25.1          22.7 GV~9Jo9F51
     K25U34Z ZC2020 09 16.49665 01 20 42.58 +07 00 22.3                V~9Jo9F51
     K25U34Z ZC2020 09 16.50640 01 20 42.25 +07 00 20.0          22.7 GV~9JoAF51
     K25U35N ZC2025 09 23.41894 01 51 47.94 +08 26 55.3          22.8 GV~9JoAF52
     K25U35N ZC2025 09 23.43053 01 51 47.60 +08 26 49.2          21.9 GV~9JoAF52
     K25U35N ZC2025 09 23.44208 01 51 47.23 +08 26 43.7          21.7 GV~9JoAF52
     K25U35Q ZC2025 09 23.40679 01 56 34.48 +04 46 14.1          22.4 GV~9JoAF52
     K25U35Q ZC2025 09 23.41831 01 56 34.20 +04 46 10.6          22.7 GV~9JoAF52
     K25U35Q ZC2025 09 23.42987 01 56 33.89 +04 46 06.9          22.5 GV~9JoAF52
     K25U35Q ZC2025 09 23.44145 01 56 33.61 +04 46 03.3                V~9JoAF52
     K25U36J ZC2025 09 20.46967 01 51 49.17 -01 32 44.7                V~9JoAF51
     K25U36J ZC2025 09 20.48164 01 51 48.55 -01 32 44.1                V~9JoAF51
     K25U36J ZC2025 09 20.49363 01 51 47.93 -01 32 43.6          22.0 GV~9JoAF51
     K25U36J ZC2025 09 20.50565 01 51 47.30 -01 32 43.1                V~9JoAF51
     K25U36N ZC2025 10 15.50114 02 35 58.41 +04 54 55.9          22.6 GV~9MBbF51
     K25U36N ZC2025 10 15.51326 02 35 57.77 +04 54 50.4          22.2 GV~9MBbF51
     K25U36N ZC2025 10 15.52539 02 35 57.13 +04 54 44.6          22.2 GV~9MBbF51
     K25U40H ZC2025 09 18.47385 01 52 23.69 +04 55 47.4          21.6 GV~9JoHF52
     K25U40H ZC2025 09 18.48626 01 52 23.27 +04 55 46.2          22.0 GV~9JoHF52
     K25U40H ZC2025 09 18.49870 01 52 22.84 +04 55 45.4          22.5 GV~9JoHF52
     K25U40H ZC2025 09 18.51115 01 52 22.40 +04 55 44.7          21.4 GV~9JoHF52
     K25U40T ZC2025 09 23.40679 02 04 22.94 +04 45 10.2          22.2 GV~9JoIF52
     K25U40T ZC2025 09 23.42987 02 04 22.52 +04 44 57.1          22.5 GV~9JoIF52
     K25U40T ZC2025 09 23.44145 02 04 22.29 +04 44 50.6          22.2 GV~9JoIF52
     K25U41C ZC2025 09 23.41768 01 57 24.29 +02 51 31.0                V~9JoIF52
     K25U41C ZC2025 09 23.42924 01 57 23.69 +02 51 32.5                V~9JoIF52
     K25U41C ZC2025 09 23.44082 01 57 23.07 +02 51 34.2          21.3 GV~9JoIF52
     K25U47B ZC2025 09 23.40679 02 03 26.06 +03 47 47.7          22.5 GV~9JoVF52
     K25U47B ZC2025 09 23.41831 02 03 25.64 +03 47 47.7                V~9JoVF52
     K25U47B ZC2025 09 23.42987 02 03 25.21 +03 47 47.8          22.3 GV~9JoVF52
     K25U47B ZC2025 09 23.44145 02 03 24.82 +03 47 47.9                V~9JoVF52
     K25U47K ZC2020 09 12.50170 00 29 04.10 -05 58 37.8          21.6 GV~9JoWF51
     K25U47K ZC2020 09 12.51629 00 29 03.45 -05 58 42.6          21.6 GV~9JoWF51
     K25U47K ZC2020 09 12.53086 00 29 02.79 -05 58 47.1          21.8 GV~9JoWF51
     K25U47K ZC2020 09 12.54543 00 29 02.15 -05 58 52.0          21.8 GV~9JoWF51
     K25U47N ZC2025 09 23.40742 01 50 56.65 +08 08 24.3          22.5 GV~9JoWF52
     K25U47N ZC2025 09 23.43053 01 50 55.84 +08 08 18.5          21.9 GV~9JoWF52
     K25U47N ZC2025 09 23.44208 01 50 55.45 +08 08 15.3          22.1 GV~9JoWF52
     K25U48K ZC2025 10 15.48688 02 25 53.70 +04 21 14.0          22.5 GV~9MBbF51
     K25U48K ZC2025 10 15.49898 02 25 53.02 +04 21 12.8          22.7 GV~9MBbF51
     K25U48K ZC2025 10 15.51108 02 25 52.35 +04 21 11.9          22.6 GV~9MBbF51
     K25U48K ZC2025 10 15.52322 02 25 51.67 +04 21 10.6          22.3 GV~9MBbF51
     K25U52A ZC2025 09 23.40679 01 56 52.26 +03 56 44.4          22.0 GV~9JoeF52
     K25U52A ZC2025 09 23.41831 01 56 51.83 +03 56 43.4          22.5 GV~9JoeF52
     K25U52A ZC2025 09 23.42987 01 56 51.39 +03 56 42.4          22.6 GV~9JoeF52
     K25U52A ZC2025 09 23.44145 01 56 50.98 +03 56 41.7                V~9JoeF52
     K25U53G ZC2025 09 23.40616 01 56 38.85 +03 07 33.7          22.5 GV~9JogF52
     K25U53G ZC2025 09 23.41768 01 56 38.48 +03 07 28.9                V~9JogF52
     K25U53G ZC2025 09 23.42924 01 56 38.14 +03 07 23.8          22.4 GV~9JogF52
     K25U53G ZC2025 09 23.44082 01 56 37.79 +03 07 18.9                V~9JogF52
     K25U54N ZC2025 09 23.40742 01 54 37.67 +07 03 17.0          22.9 GV~9JoiF52
     K25U54N ZC2025 09 23.43053 01 54 36.88 +07 03 12.2          22.0 GV~9JoiF52
     K25U54N ZC2025 09 23.44208 01 54 36.48 +07 03 09.9          21.4 GV~9JojF52
     K25U57F ZC2025 10 15.48967 02 32 41.60 +01 04 08.6          22.9 GV~9MBcF51
     K25U57F ZC2025 10 15.50179 02 32 41.06 +01 04 06.4          22.7 GV~9MBcF51
     K25U57F ZC2025 10 15.52604 02 32 39.97 +01 04 01.8          22.6 GV~9MBcF51
     K25U59B ZC2025 09 23.40679 02 01 25.58 +03 43 52.3                V~9JoqF52
     K25U59B ZC2025 09 23.41831 02 01 25.22 +03 43 50.8                V~9JoqF52
     K25U59B ZC2025 09 23.44145 02 01 24.46 +03 43 47.8          22.2 GV~9JoqF52
     K25U59U ZC2025 09 23.40616 01 55 28.18 +01 19 54.2                V~9JosF52
     K25U59U ZC2025 09 23.41768 01 55 27.79 +01 19 52.4          22.1 GV~9JosF52
     K25U59U ZC2025 09 23.42924 01 55 27.36 +01 19 50.3                V~9JosF52
     K25U59U ZC2025 09 23.44082 01 55 26.95 +01 19 48.3          22.5 GV~9JosF52
     K25U59W ZC2025 09 18.47385 01 56 13.40 +05 13 48.7          21.7 GV~9JosF52
     K25U59W ZC2025 09 18.48626 01 56 12.96 +05 13 47.8          22.3 GV~9JosF52
     K25U59W ZC2025 09 18.49870 01 56 12.52 +05 13 47.2          23.0 GV~9JosF52
     K25U59W ZC2025 09 18.51115 01 56 12.11 +05 13 46.7          21.6 GV~9JosF52
     K25U60O ZC2025 09 18.47514 01 58 16.14 +06 02 36.6          22.0 GV~9JotF52
     K25U60O ZC2025 09 18.48752 01 58 15.71 +06 02 32.3          22.3 GV~9JotF52
     K25U60O ZC2025 09 18.49997 01 58 15.34 +06 02 28.3          22.5 GV~9JotF52
     K25U60O ZC2025 09 18.51243 01 58 15.01 +06 02 23.8          21.2 GV~9JotF52
     K25U68L ZC2025 09 23.40679 01 56 31.17 +04 21 10.7                V~9Jp5F52
     K25U68L ZC2025 09 23.42987 01 56 30.67 +04 21 04.9          22.1 GV~9Jp5F52
     K25U68L ZC2025 09 23.44145 01 56 30.44 +04 21 02.4                V~9Jp5F52
     K25U69N ZC2025 09 18.47514 02 01 29.80 +07 01 43.4          22.0 GV~9Jp6F52
     K25U69N ZC2025 09 18.48752 02 01 29.31 +07 01 42.3          21.5 GV~9Jp6F52
     K25U69N ZC2025 09 18.49997 02 01 28.83 +07 01 41.3          23.1 GV~9Jp6F52
     K25U73Q ZC2025 09 15.37808 00 40 32.59 +09 34 30.1          21.7 GV~9JpCF52
     K25U73Q ZC2025 09 15.38833 00 40 32.24 +09 34 26.5          22.3 GV~9JpCF52
     K25U73Q ZC2025 09 15.39862 00 40 31.84 +09 34 23.3          22.0 GV~9JpCF52
     K25U73Q ZC2025 09 15.40893 00 40 31.48 +09 34 19.6          21.9 GV~9JpCF52
     K25U74G ZC2025 09 23.40679 01 58 27.52 +03 34 57.6          22.4 GV~9JpCF52
     K25U74G ZC2025 09 23.41831 01 58 27.19 +03 34 52.0          22.1 GV~9JpCF52
     K25U74G ZC2025 09 23.44145 01 58 26.53 +03 34 41.9          22.2 GV~9JpCF52
     K25U75K ZC2025 09 23.40616 01 51 44.95 +03 05 52.5          22.1 GV~9JpEF52
     K25U75K ZC2025 09 23.41768 01 51 44.61 +03 05 46.1          21.8 GV~9JpEF52
     K25U75K ZC2025 09 23.42924 01 51 44.30 +03 05 39.1          22.1 GV~9JpEF52
     K25U75K ZC2025 09 23.44082 01 51 43.97 +03 05 32.6          22.6 GV~9JpEF52
     K25U82B ZC2025 10 15.49034 02 40 15.91 +02 11 07.6          22.6 GV~9MBcF51
     K25U82B ZC2025 10 15.51455 02 40 14.96 +02 10 56.8          22.3 GV~9MBcF51
     K25U82B ZC2025 10 15.52668 02 40 14.47 +02 10 51.2          22.4 GV~9MBcF51
     K25U85M ZC2025 10 15.48903 02 36 53.76 +04 07 46.7          22.7 GV~9MBcF51
     K25U85M ZC2025 10 15.50114 02 36 53.25 +04 07 41.9          22.9 GV~9MBcF51
     K25U85M ZC2025 10 15.51326 02 36 52.75 +04 07 37.4          22.5 GV~9MBcF51
     K25U85M ZC2025 10 15.52539 02 36 52.24 +04 07 33.2          22.3 GV~9MBcF51
     K25U88J ZC2025 09 23.40616 01 58 54.21 +01 28 15.1          22.1 GV~9JpUF52
     K25U88J ZC2025 09 23.41768 01 58 53.75 +01 28 11.4          20.8 GV~9JpUF52
     K25U88J ZC2025 09 23.42924 01 58 53.27 +01 28 08.0          22.5 GV~9JpUF52
     K25U88J ZC2025 09 23.44082 01 58 52.80 +01 28 04.5                V~9JpUF52
     K25U89V ZC2016 10 27.46415 02 32 40.40 +12 36 55.5          22.3 wL~9JpWF51
     K25U89V ZC2016 10 27.47075 02 32 40.01 +12 36 54.5          22.2 wL~9JpWF51
     K25U89V ZC2016 10 27.48387 02 32 39.26 +12 36 52.6          22.2 wL~9JpWF51
     K25U89V ZC2016 10 27.49042 02 32 38.87 +12 36 51.8          22.3 wL~9JpWF51
     K25U89V ZC2016 10 27.49698 02 32 38.49 +12 36 51.1          22.3 wL~9JpWF51
     K25U89V ZC2016 10 27.51009 02 32 37.70 +12 36 49.0          22.0 wL~9JpWF51
     K25U89V ZC2016 10 27.52364 02 32 36.93 +12 36 47.2          22.4 wL~9JpWF51
     K25U89V ZC2016 10 27.53018 02 32 36.54 +12 36 46.0          22.2 wL~9JpWF51
     K25U89V ZC2016 10 29.28697 02 30 58.27 +12 32 35.8          22.1 wL~9JpWF51
     K25U89V ZC2016 10 29.31974 02 30 56.37 +12 32 31.1          22.3 wL~9JpWF51
     K25U89V ZC2016 10 29.34700 02 30 54.80 +12 32 27.4          22.4 wL~9JpWF51
     K25U89V ZC2016 10 29.36021 02 30 54.02 +12 32 25.3          22.4 wL~9JpWF51
     K25U89V ZC2016 10 29.38040 02 30 52.84 +12 32 22.7          21.9 wL~9JpWF51
     K25U89V ZC2016 10 29.38729 02 30 52.45 +12 32 21.7          22.3 wL~9JpWF51
     K25U89V ZC2016 10 29.45505 02 30 48.47 +12 32 12.2          22.3 wL~9JpWF51
     K25U93S ZC2025 09 18.47385 01 55 27.49 +04 56 18.1          21.8 GV~9JpaF52
     K25U93S ZC2025 09 18.48626 01 55 27.17 +04 56 14.7          22.7 GV~9JpaF52
     K25U93S ZC2025 09 18.49870 01 55 26.84 +04 56 11.3          22.2 GV~9JpaF52
     K25U93S ZC2025 09 18.51115 01 55 26.53 +04 56 07.8          21.9 GV~9JpaF52
     K25U94A ZC2024 05 01.46035 15 21 19.69 -10 26 43.0          22.5 GV~9JpaF51
     K25U94A ZC2024 05 01.48284 15 21 18.30 -10 26 36.4          22.6 GV~9JpaF51
     K25U95A ZC2023 01 20.33712 07 51 29.61 +27 02 17.8                V~9JpbF52
     K25U95A ZC2023 01 20.34913 07 51 28.78 +27 02 21.8          22.4 GV~9JpbF52
     K25U95A ZC2023 01 20.37325 07 51 27.11 +27 02 30.4                V~9JpbF52
     K25U95E ZC2025 09 23.40679 01 58 42.59 +03 34 10.3          22.5 GV~9JpbF52
     K25U95E ZC2025 09 23.41768 01 58 42.21 +03 34 07.3          22.0 GV~9JpbF52
     K25U95E ZC2025 09 23.41831 01 58 42.19 +03 34 07.3                V~9JpbF52
     K25U95E ZC2025 09 23.42924 01 58 41.81 +03 34 04.3          22.8 GV~9JpbF52
     K25U95E ZC2025 09 23.42987 01 58 41.79 +03 34 04.1          22.5 GV~9JpbF52
     K25U95E ZC2025 09 23.44082 01 58 41.40 +03 34 01.4                V~9JpbF52
     K25U95E ZC2025 09 23.44145 01 58 41.39 +03 34 01.2          21.7 GV~9JpbF52
     K25UA2X ZC2025 10 15.48837 02 32 08.98 +05 50 24.2          22.3 GV~9MBcF51
     K25UA2X ZC2025 10 15.50048 02 32 08.19 +05 50 24.7          22.9 GV~9MBcF51
     K25UA2X ZC2025 10 15.51260 02 32 07.43 +05 50 24.1          22.8 GV~9MBcF51
     K25UA2X ZC2025 10 15.52473 02 32 06.60 +05 50 25.1          22.6 GV~9MBcF51
     K25UA3L ZC2025 09 17.42982 01 59 29.66 +25 18 00.1          21.9 GV~9JpmF52
     K25UA3L ZC2025 09 17.44274 01 59 29.34 +25 18 00.5          22.2 GV~9JpmF52
     K25UA3L ZC2025 09 17.45572 01 59 29.02 +25 18 00.8          22.1 GV~9JpmF52
     K25UA3L ZC2025 09 17.46879 01 59 28.70 +25 18 01.4          22.1 GV~9JpmF52
     K25UA4M ZC2025 10 15.48903 02 35 31.33 +04 10 09.0          23.0 GV~9MBdF51
     K25UA4M ZC2025 10 15.50114 02 35 30.98 +04 10 07.5          22.9 GV~9MBdF51
     K25UA4M ZC2025 10 15.51326 02 35 30.65 +04 10 05.3          22.5 GV~9MBdF51
     K25UA4R ZC2025 10 30.32510 02 39 47.56 +24 12 26.4          21.5 GV~9OxOF51
     K25UA4R ZC2025 10 30.33546 02 39 46.72 +24 12 29.2          21.1 GV~9OxOF51
     K25UA4R ZC2025 10 30.34582 02 39 45.87 +24 12 32.1          22.1 GV~9OxOF51
     K25UA4S ZC2022 02 27.42271 12 20 17.71 +15 02 16.1                V~9OxOF52
     K25UA4S ZC2022 02 27.43347 12 20 17.27 +15 02 18.9                V~9OxOF52
     K25UA4S ZC2022 02 27.44429 12 20 16.78 +15 02 21.2          22.8 GV~9OxOF52
     K25UA5S ZC2025 10 30.33869 02 54 14.86 +18 30 42.1          21.5 GV~9OxOF51
     K25UA5S ZC2025 10 30.34905 02 54 14.14 +18 30 44.3          21.1 GV~9OxOF51
     K25UA5S ZC2025 10 30.35946 02 54 13.43 +18 30 46.0          21.3 GV~9OxOF51
     K25UA5U ZC2025 10 13.55629 02 11 08.74 +15 04 57.0          20.5 GV~9MBdF51
     K25UA5U ZC2025 10 13.57054 02 11 08.17 +15 04 51.0          20.9 GV~9MBdF51
     K25UA5U ZC2025 10 13.58477 02 11 07.59 +15 04 45.4          21.4 GV~9MBdF51
     K25UA5U ZC2025 10 13.59897 02 11 07.04 +15 04 39.8          20.7 GV~9MBdF51
     K25UA5Z ZC2025 10 15.48903 02 43 10.55 +04 38 38.9          22.6 GV~9MBdF51
     K25UA5Z ZC2025 10 15.50114 02 43 09.92 +04 38 38.4          22.7 GV~9MBdF51
     K25UA5Z ZC2025 10 15.51326 02 43 09.30 +04 38 37.8          22.3 GV~9MBdF51
     K25UA6V ZC2022 03 01.45242 12 02 56.98 -12 10 20.1          21.8 GV~9JpsF52
     K25UA6V ZC2022 03 01.46264 12 02 56.59 -12 10 17.8          21.6 GV~9JpsF52
     K25UA6V ZC2022 03 01.47289 12 02 56.20 -12 10 14.6                V~9JpsF52
     K25UA7P ZC2020 08 13.42240 22 37 43.99 -03 52 48.4          21.6 GV~9MBdF51
     K25UA7P ZC2020 08 13.43413 22 37 43.49 -03 52 51.5          21.6 GV~9MBdF51
     K25UA7P ZC2020 08 13.44587 22 37 42.99 -03 52 54.6          21.6 GV~9MBdF51
     K25UA8Q ZC2025 10 19.47967 02 49 18.55 +05 56 22.1          21.4 GV~9MBdF51
     K25UA8Q ZC2025 10 19.49249 02 49 17.93 +05 56 19.2          21.5 GV~9MBdF51
     K25UA8Q ZC2025 10 19.50525 02 49 17.35 +05 56 15.8          21.5 GV~9MBdF51
     K25UA8Q ZC2025 10 19.51796 02 49 16.75 +05 56 12.8                V~9MBdF51
     K25UA8V ZC2025 10 15.50245 02 43 38.45 +02 32 41.0          22.0 GV~9MBdF51
     K25UA8V ZC2025 10 15.51455 02 43 37.89 +02 32 40.9          22.0 GV~9MBdF51
     K25UA8V ZC2025 10 15.52668 02 43 37.31 +02 32 40.4          21.9 GV~9MBdF51
     K25UB0H ZC2025 10 19.47967 02 53 22.04 +04 56 46.5          21.6 GV~9MBeF51
     K25UB0H ZC2025 10 19.49249 02 53 21.39 +04 56 45.5                V~9MBeF51
     K25UB0H ZC2025 10 19.50525 02 53 20.74 +04 56 44.6          21.7 GV~9MBeF51
     K25UB0H ZC2025 10 19.51796 02 53 20.09 +04 56 43.6          21.8 GV~9MBeF51
     K25UB0U ZC2009 12 25.42349207 32 56.136+25 38 26.16         22.2 rW~9MBeF51
     K25UB0U ZC2009 12 25.43145007 32 55.656+25 38 27.96         22.2 rW~9MBeF51
     K25UB0U ZC2010 01 06.35026107 20 48.240+26 23 22.92         22.0 rW~9MBeF51
     K25UB0U ZC2010 01 06.35851407 20 47.712+26 23 24.72         22.0 rW~9MBeF51
     K25UB0U ZC2010 01 07.50792507 19 33.960+26 27 20.16         22.0 rW~9MBeF51
     K25UB0U ZC2010 01 07.51635407 19 33.384+26 27 21.96         22.0 rW~9MBeF51
     K25UB0U ZC2010 01 11.35899107 15 27.960+26 39 46.80         22.1 rW~9MBeF51
     K25UB0U ZC2010 01 11.36687307 15 27.456+26 39 48.24         22.1 rW~9MBeF51
     K25UB1Q ZC2025 10 30.32769 02 58 55.24 +17 39 36.2          21.0 GV~9OxRF51
     K25UB1Q ZC2025 10 30.33804 02 58 54.70 +17 39 35.1                V~9OxRF51
     K25UB1Q ZC2025 10 30.34841 02 58 54.17 +17 39 34.1                V~9OxRF51
     K25UB1Q ZC2025 10 30.35882 02 58 53.63 +17 39 32.6                V~9OxRF51
     K25UB2J ZC2025 10 19.55395 03 05 34.60 +10 02 25.8          21.0 GV~9MBeF51
     K25UB2J ZC2025 10 19.56611 03 05 34.07 +10 02 22.6          21.1 GV~9MBeF51
     K25UB2J ZC2025 10 19.57829 03 05 33.54 +10 02 18.8          21.3 GV~9MBeF51
     K25UB2K ZC2025 10 19.55186 03 07 36.80 +13 12 17.3                V~9MBeF51
     K25UB2K ZC2025 10 19.57619 03 07 35.65 +13 12 14.7          22.1 GV~9MBeF51
     K25UB2K ZC2025 10 19.58840 03 07 35.09 +13 12 13.6                V~9MBeF51
     K25UB3C ZC2025 10 13.55886 02 21 39.68 +23 13 07.0          22.1 GV~9MBfF51
     K25UB3C ZC2025 10 13.57312 02 21 38.95 +23 13 04.5          22.0 GV~9MBfF51
     K25UB3C ZC2025 10 13.58735 02 21 38.25 +23 13 02.1                V~9MBfF51
     K25UB3C ZC2025 10 13.60155 02 21 37.57 +23 12 59.1          22.0 GV~9MBfF51
     K25UB3H ZC2025 10 15.50504 02 54 46.33 +05 25 40.7          22.7 GV~9MBfF51
     K25UB3H ZC2025 10 15.51714 02 54 45.82 +05 25 39.1          22.8 GV~9MBfF51
     K25UB3H ZC2025 10 15.52927 02 54 45.26 +05 25 37.6          22.6 GV~9MBfF51
     K25UB4D ZC2025 10 30.33740 02 50 03.05 +20 27 26.8          21.3 GV~9OxTF51
     K25UB4D ZC2025 10 30.34776 02 50 02.53 +20 27 20.1                V~9OxTF51
     K25UB4D ZC2025 10 30.35817 02 50 02.01 +20 27 13.5          21.1 GV~9OxTF51
     K25UB4V ZC2025 09 18.47514 01 58 47.03 +07 23 39.2          22.0 GV~9OxTF52
     K25UB4V ZC2025 09 18.48752 01 58 46.72 +07 23 37.2          22.5 GV~9OxTF52
     K25UB4V ZC2025 09 18.49997 01 58 46.41 +07 23 34.4          22.5 GV~9OxTF52
     K25UB5A ZC2025 09 18.47514 02 00 34.60 +06 51 28.4          21.9 GV~9MBgF52
     K25UB5A ZC2025 09 18.48752 02 00 34.31 +06 51 31.2          22.2 GV~9MBgF52
     K25UB5A ZC2025 09 18.49997 02 00 34.03 +06 51 34.1          21.3 GV~9MBgF52
     K25UB5A ZC2025 09 18.51243 02 00 33.75 +06 51 36.9          21.3 GV~9MBgF52
     K25UB5F ZC2025 09 15.37808 00 42 47.49 +08 53 21.0          21.6 GV~9MBhF52
     K25UB5F ZC2025 09 15.38833 00 42 47.07 +08 53 16.9          22.4 GV~9MBhF52
     K25UB5F ZC2025 09 15.39862 00 42 46.66 +08 53 13.4          22.0 GV~9MBhF52
     K25UB5F ZC2025 09 15.40893 00 42 46.25 +08 53 09.8          22.2 GV~9MBhF52
     K25UB5G ZC2025 09 23.40679 01 59 33.01 +03 55 21.1          22.4 GV~9MBhF52
     K25UB5G ZC2025 09 23.41831 01 59 32.52 +03 55 24.7                V~9MBhF52
     K25UB5G ZC2025 09 23.42987 01 59 32.02 +03 55 28.2          22.0 GV~9MBhF52
     K25UB5G ZC2025 09 23.44145 01 59 31.53 +03 55 31.7          21.9 GV~9MBhF52
     K25UB5L ZC2025 09 23.40616 01 55 09.83 +02 09 50.2          22.5 GV~9MBhF52
     K25UB5L ZC2025 09 23.41768 01 55 09.38 +02 09 49.0          22.6 GV~9MBhF52
     K25UB5L ZC2025 09 23.42924 01 55 08.95 +02 09 47.0          22.7 GV~9MBhF52
     K25UB5L ZC2025 09 23.44082 01 55 08.52 +02 09 45.6          22.9 GV~9MBhF52
     K25UB5R ZC2025 09 17.42982 01 52 37.62 +25 07 05.5          21.7 GV~9MBiF52
     K25UB5R ZC2025 09 17.44274 01 52 37.27 +25 07 08.5          21.9 GV~9MBiF52
     K25UB5R ZC2025 09 17.45572 01 52 36.89 +25 07 11.6          21.8 GV~9MBiF52
     K25UB5R ZC2025 09 17.46879 01 52 36.51 +25 07 14.8          21.9 GV~9MBiF52
     K25UB6B ZC2025 10 15.49292 02 59 04.38 +07 13 42.8          22.0 GV~9MBiF51
     K25UB6B ZC2025 10 15.50504 02 59 03.81 +07 13 40.8          23.1 GV~9MBiF51
     K25UB6B ZC2025 10 15.51714 02 59 03.23 +07 13 38.4          22.4 GV~9MBiF51
     K25UB6B ZC2025 10 15.52927 02 59 02.68 +07 13 35.9          22.1 GV~9MBiF51
     K25UB6B ZC2025 10 19.47967 02 55 54.98 +07 01 44.5          22.0 GV~9MBiF51
     K25UB6B ZC2025 10 19.49249 02 55 54.29 +07 01 41.7          22.1 GV~9MBiF51
     K25UB6B ZC2025 10 19.51796 02 55 52.88 +07 01 37.2                V~9MBiF51
     K25UB6M ZC2025 10 13.56028 02 26 28.78 +19 10 51.7                V~9MBjF51
     K25UB6M ZC2025 10 13.57452 02 26 28.04 +19 10 49.9          21.8 GV~9MBjF51
     K25UB6M ZC2025 10 13.58876 02 26 27.28 +19 10 49.5          21.6 GV~9MBjF51
     K25UB6M ZC2025 10 13.60297 02 26 26.55 +19 10 48.1          21.8 GV~9MBjF51
     K25UB6O ZC2025 10 15.42867 03 09 06.95 +12 21 02.8          21.9 GV~9MBkF51
     K25UB6O ZC2025 10 15.43981 03 09 06.38 +12 21 01.7          22.1 GV~9MBkF51
     K25UB6O ZC2025 10 15.45095 03 09 05.90 +12 21 00.9          21.9 GV~9MBkF51
     K25UB6O ZC2025 10 15.46218 03 09 05.32 +12 20 59.2          22.0 GV~9MBkF51
     K25UB6R ZC2025 10 19.54504 03 29 11.97 +09 23 36.6          21.4 GV~9MBkF51
     K25UB6R ZC2025 10 19.55718 03 29 11.62 +09 23 38.2          21.6 GV~9MBkF51
     K25UB6R ZC2025 10 19.56933 03 29 11.26 +09 23 39.9          21.4 GV~9MBkF51
     K25UB6R ZC2025 10 19.58150 03 29 10.93 +09 23 41.7                V~9MBkF51
     K25UB6T ZC2025 10 19.54179 03 02 04.91 +10 57 07.1          21.3 GV~9MBkF51
     K25UB6T ZC2025 10 19.55395 03 02 04.25 +10 57 09.6          21.4 GV~9MBkF51
     K25UB6T ZC2025 10 19.56611 03 02 03.59 +10 57 12.1          21.8 GV~9MBkF51
     K25UB6T ZC2025 10 19.57829 03 02 02.93 +10 57 14.1          21.6 GV~9MBkF51
     K25UB6V ZC2025 10 15.48903 02 42 58.79 +03 42 33.5          22.9 GV~9MBkF51
     K25UB6V ZC2025 10 15.50114 02 42 58.20 +03 42 31.9          22.6 GV~9MBkF51
     K25UB6V ZC2025 10 15.51326 02 42 57.63 +03 42 30.7          22.7 GV~9MBkF51
     K25UB6V ZC2025 10 15.52539 02 42 57.05 +03 42 28.9          22.1 GV~9MBkF51
     K25UB6W ZC2025 10 13.55500 02 06 28.39 +20 46 22.9          21.0 GV~9MBkF51
     K25UB6W ZC2025 10 13.56926 02 06 27.61 +20 46 20.7          21.0 GV~9MBkF51
     K25UB6W ZC2025 10 13.58349 02 06 26.81 +20 46 17.7          21.1 GV~9MBkF51
     K25UB6W ZC2025 10 13.59768 02 06 26.01 +20 46 15.4          20.9 GV~9MBkF51
     K25UB7F ZC2025 10 15.49292 02 58 05.15 +07 25 28.1          22.1 GV~9MBlF51
     K25UB7F ZC2025 10 15.50504 02 58 04.68 +07 25 25.7          22.4 GV~9MBlF51
     K25UB7F ZC2025 10 15.51714 02 58 04.19 +07 25 23.0          22.4 GV~9MBlF51
     K25UB7F ZC2025 10 15.52927 02 58 03.71 +07 25 20.5          22.5 GV~9MBlF51
     K25UB7K ZC2024 04 17.41298 14 39 50.10 -07 04 05.3          22.5 GV~9MBmF51
     K25UB7K ZC2024 04 17.42563 14 39 48.88 -07 04 10.1          22.3 GV~9MBmF51
     K25UB7K ZC2024 04 17.43826 14 39 47.66 -07 04 15.2          22.5 GV~9MBmF51
     K25UB7K ZC2024 04 17.45090 14 39 46.51 -07 04 20.2          22.3 GV~9MBmF51
     K25UB7S ZC2025 10 15.50504 02 54 12.88 +05 10 46.3          23.0 GV~9MBmF51
     K25UB7S ZC2025 10 15.51714 02 54 12.38 +05 10 44.2          22.6 GV~9MBmF51
     K25UB7S ZC2025 10 15.52927 02 54 11.86 +05 10 41.7          22.4 GV~9MBmF51
     K25UB7V ZC2025 09 14.43091 01 42 41.14 +16 36 31.8          21.4 GV~9MBnF52
     K25UB7V ZC2025 09 14.44376 01 42 41.16 +16 36 25.2          22.3 GV~9MBnF52
     K25UB7V ZC2025 09 14.45658 01 42 41.14 +16 36 17.8          21.9 GV~9MBnF52
     K25UB7Y ZC2025 10 15.49098 02 51 41.64 +03 50 40.8          22.4 GV~9OxVF51
     K25UB7Y ZC2025 10 15.51520 02 51 40.62 +03 50 34.7          22.4 GV~9OxVF51
     K25UB7Y ZC2025 10 15.52732 02 51 40.08 +03 50 32.0          22.1 GV~9OxVF51
     K25UB8D ZC2020 09 16.48650 01 17 12.92 +07 15 39.1          21.8 GV~9MBnF51
     K25UB8D ZC2020 09 16.49665 01 17 12.60 +07 15 32.9                V~9MBnF51
     K25UB8D ZC2020 09 16.50640 01 17 12.29 +07 15 26.7          22.1 GV~9MBnF51
     K25UB8X ZC2025 10 15.49292 02 53 34.56 +06 18 27.4          22.0 GV~9MBpF51
     K25UB8X ZC2025 10 15.50504 02 53 34.08 +06 18 23.6          22.4 GV~9MBpF51
     K25UB8X ZC2025 10 15.51714 02 53 33.63 +06 18 19.8          22.5 GV~9MBpF51
     K25UB8X ZC2025 10 15.52927 02 53 33.15 +06 18 15.8          22.0 GV~9MBpF51
     K25UC0F ZC2025 10 19.55186 03 06 34.22 +13 54 22.5                V~9MBsF51
     K25UC0F ZC2025 10 19.56403 03 06 33.60 +13 54 21.6                V~9MBsF51
     K25UC0F ZC2025 10 19.57619 03 06 33.00 +13 54 20.6          22.1 GV~9MBsF51
     K25UC0F ZC2025 10 19.58840 03 06 32.41 +13 54 19.5                V~9MBsF51
     K25UC0G ZC2025 10 15.49098 02 46 33.34 +04 06 36.1          22.6 GV~9MBsF51
     K25UC0G ZC2025 10 15.50309 02 46 32.81 +04 06 32.1          22.5 GV~9MBsF51
     K25UC0G ZC2025 10 15.51520 02 46 32.29 +04 06 28.2          22.3 GV~9MBsF51
     K25UC0G ZC2025 10 15.52732 02 46 31.73 +04 06 24.4          22.5 GV~9MBsF51
     K25UC0P ZC2025 10 19.54925 03 38 58.68 +15 14 13.7          22.1 GV~9MBtF51
     K25UC0P ZC2025 10 19.56144 03 38 58.30 +15 14 11.8          21.6 GV~9MBtF51
     K25UC0P ZC2025 10 19.57362 03 38 57.92 +15 14 10.2          21.8 GV~9MBtF51
     K25UC0P ZC2025 10 19.58583 03 38 57.52 +15 14 08.4          22.2 GV~9MBtF51
     K25UC2G ZC2025 10 30.32510 02 40 32.51 +23 15 00.9          21.6 GV~9OxZF51
     K25UC2G ZC2025 10 30.34582 02 40 31.34 +23 14 56.4          22.5 GV~9OxZF51
     K25UC3E ZC2025 10 19.54114 02 58 57.02 +07 02 02.5          21.8 GV~9OxbF51
     K25UC3E ZC2025 10 19.55331 02 58 56.49 +07 01 59.3          22.2 GV~9OxbF51
     K25UC3E ZC2025 10 19.56547 02 58 55.96 +07 01 55.6          21.8 GV~9OxbF51
     K25UC4F ZC2025 10 15.50504 02 58 34.87 +06 51 48.0          22.8 GV~9OxeF51
     K25UC4F ZC2025 10 15.51714 02 58 34.25 +06 51 44.7          22.4 GV~9OxeF51
     K25UC4F ZC2025 10 15.52927 02 58 33.62 +06 51 41.3          22.1 GV~9OxeF51
     K25UC5B ZC2025 10 13.55629 02 12 31.03 +16 28 36.6          21.3 GV~9OxfF51
     K25UC5B ZC2025 10 13.57054 02 12 30.21 +16 28 33.9          21.0 GV~9OxfF51
     K25UC5B ZC2025 10 13.58477 02 12 29.28 +16 28 31.1          21.4 GV~9OxfF51
     K25UC5B ZC2025 10 13.59897 02 12 28.55 +16 28 29.4          21.2 GV~9OxfF51
     K25UC5O ZC2025 10 15.49162 02 55 08.17 +01 08 08.1          22.3 GV~9OxhF51
     K25UC5O ZC2025 10 15.50374 02 55 07.47 +01 08 10.4          22.2 GV~9OxhF51
     K25UC5O ZC2025 10 15.51585 02 55 06.75 +01 08 12.6          22.7 GV~9OxhF51
     K25UC5O ZC2025 10 15.52798 02 55 06.02 +01 08 15.3          22.3 GV~9OxhF51
     K25UC5T ZC2025 10 30.32380 02 27 32.31 +21 13 38.1                V~9OxhF51
     K25UC5T ZC2025 10 30.34452 02 27 31.01 +21 13 35.8          21.8 GV~9OxhF51
     K25UC5T ZC2025 10 30.35493 02 27 30.35 +21 13 34.4                V~9OxhF51
     K25UC6B*ZC2025 10 19.47967 02 51 48.61 +05 58 12.7                V~9OxiF51
     K25UC6B ZC2025 10 19.49249 02 51 47.97 +05 58 11.0                V~9OxiF51
     K25UC6B ZC2025 10 19.50525 02 51 47.34 +05 58 10.0          22.5 GV~9OxiF51
     K25UC7N*ZC2025 10 19.47967 02 58 57.44 +05 38 20.1          22.1 GV~9OxmF51
     K25UC7N ZC2025 10 19.49249 02 58 56.86 +05 38 16.7                V~9OxmF51
     K25UC7N ZC2025 10 19.51796 02 58 55.65 +05 38 10.5                V~9OxmF51
     K25UC9E ZC2025 10 30.32769 03 02 45.93 +18 23 59.7          21.4 GV~9OxpF51
     K25UC9E ZC2025 10 30.33804 03 02 45.32 +18 23 59.9                V~9OxpF51
     K25UC9E ZC2025 10 30.35882 03 02 44.16 +18 24 00.1                V~9OxpF51
     K25UC9F ZC2025 10 30.36973 03 01 15.95 +14 21 53.3          21.6 GV~9OxpF51
     K25UC9F ZC2025 10 30.38323 03 01 15.21 +14 21 52.0          21.4 GV~9OxpF51
     K25UC9F ZC2025 10 30.41003 03 01 13.69 +14 21 48.8          21.8 GV~9OxpF51
     K25UC9G*ZC2025 10 19.54308 03 07 57.38 +09 22 55.4          21.2 GV~9OxpF51
     K25UC9G ZC2025 10 19.55523 03 07 56.85 +09 22 54.2          21.2 GV~9OxpF51
     K25UC9G ZC2025 10 19.56739 03 07 56.31 +09 22 53.2                V~9OxpF51
     K25UC9G ZC2025 10 30.37117 02 59 32.95 +09 06 49.3          22.0 GV~9OxpF51
     K25UC9G ZC2025 10 30.38463 02 59 32.27 +09 06 48.7          21.7 GV~9OxpF51
     K25UC9G ZC2025 10 30.39804 02 59 31.57 +09 06 47.1          22.0 GV~9OxpF51
     K25UC9G ZC2025 10 30.41146 02 59 30.88 +09 06 46.2          22.4 GV~9OxpF51
     K25UC9L ZC2025 10 30.32316 02 31 07.23 +18 02 24.2          21.0 GV~9OxqF51
     K25UC9L ZC2025 10 30.33351 02 31 06.51 +18 02 25.5          21.4 GV~9OxqF51
     K25UC9L ZC2025 10 30.34388 02 31 05.80 +18 02 27.2          21.3 GV~9OxqF51
     K25UC9L ZC2025 10 30.35428 02 31 05.11 +18 02 28.9          21.0 GV~9OxqF51
     K25UD0N ZC2025 10 30.32510 02 36 23.54 +22 29 00.6          21.6 GV~9OxtF51
     K25UD0N ZC2025 10 30.33546 02 36 22.92 +22 28 56.3          21.4 GV~9OxtF51
     K25UD0N ZC2025 10 30.34582 02 36 22.25 +22 28 51.9          21.8 GV~9OxtF51
     K25UD0N ZC2025 10 30.35622 02 36 21.64 +22 28 47.4          21.7 GV~9OxtF51
     K25UD3G ZC2025 10 30.32640 02 47 41.65 +23 53 33.0          21.3 GV~9OxzF51
     K25UD3G ZC2025 10 30.33675 02 47 41.17 +23 53 29.3                V~9OxzF51
     K25UD3G ZC2025 10 30.35752 02 47 40.16 +23 53 22.3          21.6 GV~9OxzF51
     K25UD3R ZC2025 10 30.32510 02 41 22.13 +22 54 15.6          22.0 GV~9OxzF51
     K25UD3R ZC2025 10 30.33546 02 41 21.43 +22 54 15.9          21.5 GV~9OxzF51
     K25UD3R ZC2025 10 30.34582 02 41 20.76 +22 54 15.9          21.9 GV~9OxzF51
     K25UD3R ZC2025 10 30.35622 02 41 20.01 +22 54 16.9          21.7 GV~9OxzF51
     K25UE2H ZC2025 10 30.32510 02 36 35.53 +22 53 05.3          21.7 GV~9Oy8F51
     K25UE2H ZC2025 10 30.33546 02 36 34.77 +22 53 02.7          21.5 GV~9Oy8F51
     K25UE2H ZC2025 10 30.34582 02 36 34.04 +22 52 59.5          21.8 GV~9Oy8F51
     K25UE2H ZC2025 10 30.35622 02 36 33.27 +22 52 57.0          21.9 GV~9Oy8F51
     K25UE2J ZC2025 10 30.32510 02 37 53.99 +23 28 29.4          21.8 GV~9Oy9F51
     K25UE2J ZC2025 10 30.34582 02 37 52.72 +23 28 26.1          21.5 GV~9Oy9F51
     K25UE2J ZC2025 10 30.35622 02 37 52.06 +23 28 24.6          21.1 GV~9Oy9F51
     K25V03E ZC2025 10 19.47773 02 47 38.13 +03 47 18.3          21.7 GV~9MBvF51
     K25V03E ZC2025 10 19.49053 02 47 37.46 +03 47 17.2          21.5 GV~9MBvF51
     K25V03E ZC2025 10 19.50329 02 47 36.82 +03 47 16.5          21.5 GV~9MBvF51
     K25V03E ZC2025 10 19.51600 02 47 36.18 +03 47 15.5          21.6 GV~9MBvF51
     K25V04G ZC2025 10 15.49359 02 45 41.78 +07 38 25.1          21.9 GV~9MBvF51
     K25V04G ZC2025 10 15.50570 02 45 41.27 +07 38 20.9          22.2 GV~9MBvF51
     K25V04G ZC2025 10 15.51781 02 45 40.75 +07 38 16.7          22.7 GV~9MBvF51
     K25V04G ZC2025 10 15.52992 02 45 40.23 +07 38 12.4          22.0 GV~9MBvF51
     K25V07V ZC2025 10 13.55959 02 27 37.71 +22 00 44.4          21.5 GV~9MBxF51
     K25V07V ZC2025 10 13.57383 02 27 37.03 +22 00 44.6          21.2 GV~9MByF51
     K25V07V ZC2025 10 13.58806 02 27 36.33 +22 00 44.7          21.5 GV~9MByF51
     K25V07V ZC2025 10 13.60225 02 27 35.63 +22 00 44.8          21.6 GV~9MByF51
     K25V07Y ZC2025 10 19.54114 02 56 07.10 +08 23 54.9                V~9MByF51
     K25V07Y ZC2025 10 19.55331 02 56 06.53 +08 23 49.7          21.8 GV~9MByF51
     K25V07Y ZC2025 10 19.56547 02 56 05.96 +08 23 44.5          21.9 GV~9MByF51
     K25V07Y ZC2025 10 19.57765 02 56 05.38 +08 23 39.5                V~9MByF51
     K25V08L ZC2025 10 19.47967 02 54 08.91 +06 17 16.3          21.8 GV~9MBzF51
     K25V08L ZC2025 10 19.49249 02 54 08.25 +06 17 12.5          21.5 GV~9MBzF51
     K25V08L ZC2025 10 19.50525 02 54 07.55 +06 17 08.9                V~9MBzF51
     K25V08L ZC2025 10 19.51796 02 54 06.90 +06 17 05.0          21.6 GV~9MBzF51
     K25V10B ZC2025 10 15.49359 02 48 55.39 +06 46 28.0          22.2 GV~9MC3F51
     K25V10B ZC2025 10 15.50570 02 48 54.76 +06 46 26.6          22.5 GV~9MC3F51
     K25V10B ZC2025 10 15.51781 02 48 54.17 +06 46 24.6          22.5 GV~9MC3F51
     K25V12R ZC2025 10 30.32640 02 46 21.16 +22 35 15.0          21.9 GV~9OyIF51
     K25V12R ZC2025 10 30.33675 02 46 20.50 +22 35 16.1          21.6 GV~9OyIF51
     K25V12R ZC2025 10 30.34711 02 46 19.83 +22 35 16.8          21.7 GV~9OyIF51
     K25V12R ZC2025 10 30.35752 02 46 19.22 +22 35 17.5          21.9 GV~9OyIF51
     K25V17F ZC2025 10 15.50309 02 45 16.70 +03 56 29.1          22.5 GV~9OyPF51
     K25V17F ZC2025 10 15.51520 02 45 16.27 +03 56 24.3          22.7 GV~9OyPF51
     K25V17F ZC2025 10 15.52732 02 45 15.76 +03 56 19.3          22.2 GV~9OyPF51
     K25V17H ZC2025 10 19.54925 03 37 46.61 +15 16 09.5          21.4 GV~9OyPF51
     K25V17H ZC2025 10 19.56144 03 37 46.12 +15 16 11.4          21.6 GV~9OyPF51
     K25V17H ZC2025 10 19.57362 03 37 45.61 +15 16 13.6          21.8 GV~9OyPF51
     K25V17H ZC2025 10 19.58583 03 37 45.10 +15 16 15.5          21.4 GV~9OyPF51
     K25V19H ZC2025 10 19.54179 03 03 18.69 +11 31 27.4          22.1 GV~9OyUF51
     K25V19H ZC2025 10 19.55395 03 03 18.18 +11 31 26.2                V~9OyUF51
     K25V19H ZC2025 10 19.57829 03 03 17.11 +11 31 23.4          22.1 GV~9OyUF51
     K25V22W ZC2023 03 18.38481 11 08 02.69 +00 53 22.4          21.8 GV~9OydF52
     K25V22W ZC2023 03 18.39644 11 08 02.04 +00 53 26.7          21.9 GV~9OydF52
     K25V22W ZC2023 03 18.40924 11 08 01.33 +00 53 31.7                V~9OydF52
     K25V26L ZC2025 10 30.32316 02 22 00.52 +17 21 29.9          21.1 GV~9OylF51
     K25V26L ZC2025 10 30.33351 02 21 59.97 +17 21 28.3          21.8 GV~9OylF51
     K25V26S ZC2025 10 30.37117 03 00 23.97 +09 35 10.8          21.9 GV~9OymF51
     K25V26S ZC2025 10 30.38463 03 00 23.23 +09 35 07.2          21.5 GV~9OymF51
     K25V26S ZC2025 10 30.39804 03 00 22.46 +09 35 03.6          21.6 GV~9OymF51
     K25V26S ZC2025 10 30.41146 03 00 21.70 +09 34 59.9          21.6 GV~9OymF51
     K25V26Y ZC2025 10 30.32640 02 52 16.56 +22 15 32.8          22.3 GV~9OymF51
     K25V26Y ZC2025 10 30.33675 02 52 16.05 +22 15 27.2          21.4 GV~9OymF51
     K25V26Y ZC2025 10 30.34711 02 52 15.46 +22 15 22.3          22.3 GV~9OymF51
     K25V26Y ZC2025 10 30.35752 02 52 14.90 +22 15 16.6          21.4 GV~9OymF51
     K25V28C ZC2025 10 30.32705 02 56 05.08 +21 35 37.1          21.3 GV~9OypF51
     K25V28C ZC2025 10 30.33740 02 56 04.58 +21 35 33.7                V~9OypF51
     K25V28C ZC2025 10 30.34776 02 56 04.12 +21 35 29.9                V~9OypF51
     K25V28C ZC2025 10 30.35817 02 56 03.61 +21 35 26.0                V~9OypF51
     K25V29W ZC2020 11 19.53080 04 35 51.02 +17 04 44.7                V~9OyuF51
     K25V29W ZC2020 11 19.54344 04 35 50.30 +17 04 44.7                V~9OyuF51
     K25V29W ZC2020 11 19.55606 04 35 49.62 +17 04 44.7          20.8 GV~9OyuF51
     K25V29W ZC2020 11 19.56871 04 35 48.88 +17 04 44.7                V~9OyuF51
     K25V29W ZC2025 10 30.37117 03 04 40.27 +09 13 27.6          21.8 GV~9OyuF51
     K25V29W ZC2025 10 30.38463 03 04 39.62 +09 13 25.7          22.1 GV~9OyuF51
     K25V29W ZC2025 10 30.39804 03 04 38.90 +09 13 24.1          21.9 GV~9OyuF51
     K25V29W ZC2025 10 30.41146 03 04 38.20 +09 13 22.5          22.0 GV~9OyuF51
     K25V32E ZC2020 06 17.51801 19 59 26.70 -18 04 34.1          22.3 GV~9OyzF51
     K25V32E ZC2020 06 17.52521 19 59 26.44 -18 04 33.5          22.0 GV~9OyzF51
     K25V32E ZC2020 06 17.53240 19 59 26.20 -18 04 32.8                V~9OyzF51
     K25V32E ZC2020 06 17.53959 19 59 25.94 -18 04 32.1          22.1 GV~9OyzF51
     K25V32Q ZC2025 11 23.50741 04 13 20.84 +20 20 50.8          22.5 GV~9Oz0F51
     K25V32Q ZC2025 11 23.52115 04 13 20.02 +20 20 52.6          22.4 GV~9Oz0F51
     K25V32Q ZC2025 11 23.53482 04 13 19.22 +20 20 54.5          22.7 GV~9Oz0F51
     K25V32Q ZC2025 11 23.54847 04 13 18.45 +20 20 56.7          22.4 GV~9Oz0F51
     K25W05W ZC2020 09 12.50558 00 47 40.79 -02 25 56.8          22.3 GV~9OzFF51
     K25W05W ZC2020 09 12.52016 00 47 40.20 -02 26 02.7          22.2 GV~9OzFF51
     K25W05W ZC2020 09 12.53474 00 47 39.66 -02 26 08.5                V~9OzFF51
     K25W05W ZC2020 09 12.54928 00 47 39.09 -02 26 14.3          22.1 GV~9OzFF51
     K25W08J ZC2024 08 06.39537 21 31 38.82 -12 11 30.7          21.7 GV~9OzNF52
     K25W08J ZC2024 08 06.40665 21 31 38.32 -12 11 34.7          21.6 GV~9OzNF52
     K25W08J ZC2024 08 06.41793 21 31 37.83 -12 11 39.2          21.9 GV~9OzNF52
     K25W08J ZC2024 08 06.42916 21 31 37.32 -12 11 43.7                V~9OzNF52
     K25W12J*ZC2025 11 16.42968 04 11 37.20 +06 02 05.3          22.4 GV~9OzaF51
     K25W12J ZC2025 11 16.44183 04 11 36.52 +06 02 05.2          22.3 GV~9OzaF51
     K25W12J ZC2025 11 16.45401 04 11 35.84 +06 02 05.1          22.4 GV~9OzaF51
     K25W12J ZC2025 11 16.46625 04 11 35.16 +06 02 05.2          22.2 GV~9OzaF51
     K25W12R ZC2024 07 27.44926 21 49 08.81 -16 29 36.5                V~9OzbF51
     K25W12R ZC2024 07 27.46110 21 49 08.38 -16 29 42.1          22.4 GV~9OzbF51
     K25W12R ZC2024 07 27.47293 21 49 07.93 -16 29 47.6          22.8 GV~9OzbF51
     K25W19S ZC2025 10 30.32833 02 50 51.96 +18 10 43.4          21.9 GV~9OzuF51
     K25W19S ZC2025 10 30.33869 02 50 51.33 +18 10 41.2          21.7 GV~9OzuF51
     K25W19S ZC2025 10 30.34905 02 50 50.69 +18 10 38.7          21.5 GV~9OzuF51
     K25W19S ZC2025 10 30.35946 02 50 50.07 +18 10 37.0          21.5 GV~9OzuF51
     K25W20F ZC2025 10 30.32575 02 46 43.64 +21 27 03.2          21.7 GV~9OzvF51
     K25W20F ZC2025 10 30.33610 02 46 43.13 +21 26 59.7          21.7 GV~9OzvF51
     K25W20F ZC2025 10 30.34647 02 46 42.62 +21 26 55.9          22.0 GV~9OzvF51
     K25W20F ZC2025 10 30.35687 02 46 42.13 +21 26 52.8          21.6 GV~9OzvF51
     K25W25A ZC2023 01 18.45248 09 25 21.96 +04 16 38.1          22.8 GV~9P08F52
     K25W25A ZC2023 01 18.46323 09 25 21.47 +04 16 39.8          22.9 GV~9P08F52
     K25W25A ZC2023 01 18.47402 09 25 20.95 +04 16 41.4          22.5 GV~9P08F52
     K25W25A ZC2023 01 18.48491 09 25 20.44 +04 16 42.8          22.5 GV~9P08F52
     K25W25F ZC2020 07 18.42321 20 38 01.79 -27 30 48.9          22.4 GV~9P08F51
     K25W25F ZC2020 07 18.43401 20 38 01.22 -27 30 55.9          21.9 GV~9P08F51
     K25W25F ZC2020 07 18.44483 20 38 00.61 -27 31 03.3          21.8 GV~9P08F51
     K25W25F ZC2020 07 18.45564 20 38 00.03 -27 31 10.4          22.3 GV~9P08F51
     K25W27H ZC2022 01 26.40790 09 44 55.00 -01 05 05.6          22.6 GV~9P0EF52
     K25W27H ZC2022 01 26.42069 09 44 54.41 -01 05 04.2                V~9P0EF52
     K25W27H ZC2022 01 26.43346 09 44 53.83 -01 05 02.5                V~9P0EF52
     K25W27H ZC2022 01 26.44619 09 44 53.27 -01 05 00.7                V~9P0EF52
     K25W34C ZC2020 11 16.34787 03 59 09.28 +29 23 25.7                V~9P0VF51
     K25W34C ZC2020 11 16.36062 03 59 08.54 +29 23 23.7          21.4 GV~9P0VF51
     K25W34C ZC2020 11 16.37335 03 59 07.77 +29 23 21.8                V~9P0VF51
     K25W34C ZC2020 11 16.38614 03 59 06.96 +29 23 19.8          21.2 GV~9P0VF51
     K25W34L ZC2024 09 07.38724 23 40 43.02 +10 05 38.3                V~9P0WF52
     K25W34L ZC2024 09 07.39852 23 40 42.44 +10 05 38.5          21.8 GV~9P0WF52
     K25W34L ZC2024 09 07.40984 23 40 41.82 +10 05 38.9          22.2 GV~9P0WF52
     K25W35C*ZC2025 11 25.38239 04 59 13.31 +17 26 21.5                V~9P0XF52
     K25W35C ZC2025 11 25.39199 04 59 12.77 +17 26 21.6          21.2 GV~9P0XF52
     K25W35C ZC2025 11 25.40163 04 59 12.21 +17 26 21.9          21.2 GV~9P0XF52
     K25W35C ZC2025 11 25.41126 04 59 11.67 +17 26 21.8          21.5 GV~9P0XF52
     K25W39U ZC2025 11 23.50544 04 23 37.11 +14 51 22.6          22.4 GV~9P0gF51
     K25W39U ZC2025 11 23.51920 04 23 36.42 +14 51 18.7          23.0 GV~9P0gF51
     K25X10F ZC2025 11 25.39006 05 40 51.53 +21 58 20.7          22.1 GV~9P1QF52
     K25X10F ZC2025 11 25.39971 05 40 50.99 +21 58 25.8          22.2 GV~9P1QF52
     K25X10F ZC2025 11 25.40932 05 40 50.44 +21 58 30.8          22.1 GV~9P1QF52
     K25X10F ZC2025 11 25.41894 05 40 49.88 +21 58 35.6          22.4 GV~9P1QF52
     K25X13S ZC2025 11 25.38878 05 19 00.81 +22 54 06.6          22.3 GV~9P1XF52
     K25X13S ZC2025 11 25.39843 05 19 00.28 +22 54 08.4                V~9P1XF52
     K25X13S ZC2025 11 25.40804 05 18 59.78 +22 54 10.4          22.2 GV~9P1XF52
     K25X13S ZC2025 11 25.41765 05 18 59.25 +22 54 12.4          22.2 GV~9P1XF52
     K25X17L ZC2025 11 23.50871 04 19 32.80 +23 30 49.3          22.7 GV~9P1dF51
     K25X17L ZC2025 11 23.52245 04 19 31.98 +23 30 51.2          22.7 GV~9P1dF51
     K25X17L ZC2025 11 23.53611 04 19 31.15 +23 30 52.8          22.7 GV~9P1dF51
     K25Y11E ZC2024 09 28.48543 01 42 46.80 -02 40 57.0                V~9P2GF52
     K25Y11E ZC2024 09 28.49748 01 42 46.23 -02 40 59.9          22.4 GV~9P2GF52
     K25Y11E ZC2024 09 28.50951 01 42 45.69 -02 41 02.2          22.6 GV~9P2GF52
     K25Y11E ZC2024 09 28.52157 01 42 45.12 -02 41 05.2                V~9P2GF52
